{"type":"FeatureCollection","features":[{"type":"Feature","properties":{"id":"kw-area-relation-17935319","name_en":"Al-Funaitees","name_ar":"الفنيطيس","feature_class":"area_admin_level_6","source":"OpenStreetMap (Geofabrik GCC extract dated 2026-09-22) intersected with OSM land polygons (osmdata.openstreetmap.de, coastline of 2026-09-23)","license":"ODbL 1.0 (c) OpenStreetMap contributors","parent_governorate_name_en":"Mubarak al-Kabir Governorate","area_km2":2.956148920003838},"geometry":{"type":"Polygon","coordinates":[[[48.08634,29.22174],[48.08534,29.22303],[48.08368,29.22454],[48.08139,29.22593],[48.08359,29.22896],[48.08523,29.22821],[48.08658,29.2279],[48.08957,29.2276],[48.09048,29.22773],[48.08993,29.23012],[48.09005,29.23087],[48.09344,29.23215],[48.09671,29.23278],[48.10319,29.21269],[48.09081,29.2093],[48.08766,29.219],[48.08634,29.22174]]]}},{"type":"Feature","properties":{"id":"kw-area-relation-17963092","name_en":"Umm Al Hayman","name_ar":"ام الهيمان-علي صباح السالم","feature_class":"area_admin_level_6","source":"OpenStreetMap (Geofabrik GCC extract dated 2026-09-22) intersected with OSM land polygons (osmdata.openstreetmap.de, coastline of 2026-09-23)","license":"ODbL 1.0 (c) OpenStreetMap contributors","parent_governorate_name_en":"Ahmadi Governorate","area_km2":7.252988996536777},"geometry":{"type":"Polygon","coordinates":[[[48.16747,28.96073],[48.17219,28.95484],[48.17099,28.95425],[48.15668,28.94497],[48.1559,28.94603],[48.15164,28.94336],[48.14808,28.9445],[48.14524,28.94594],[48.14415,28.94718],[48.1427,28.94808],[48.13991,28.95043],[48.13717,28.95397],[48.13876,28.96402],[48.14278,28.96852],[48.16061,28.97344],[48.16747,28.96073]]]}},{"type":"Feature","properties":{"id":"kw-area-relation-17963244","name_en":"Khiran City","name_ar":"خيران السكنية","feature_class":"area_admin_level_6","source":"OpenStreetMap (Geofabrik GCC extract dated 2026-09-22) intersected with OSM land polygons (osmdata.openstreetmap.de, coastline of 2026-09-23)","license":"ODbL 1.0 (c) OpenStreetMap contributors","parent_governorate_name_en":"Ahmadi Governorate","area_km2":2.158212643987054},"geometry":{"type":"Polygon","coordinates":[[[48.2767,28.66236],[48.27565,28.66317],[48.27429,28.66547],[48.27428,28.66677],[48.27468,28.66751],[48.27592,28.66851],[48.27715,28.66911],[48.28236,28.67016],[48.28141,28.67443],[48.28692,28.67533],[48.28877,28.66658],[48.2888,28.66545],[48.28839,28.66341],[48.28705,28.66104],[48.2849,28.65915],[48.27408,28.65406],[48.2713,28.65857],[48.2751,28.66031],[48.27566,28.66077],[48.2767,28.66236]]]}},{"type":"Feature","properties":{"id":"kw-area-relation-17973035","name_en":"Naayem","name_ar":"النعايم","feature_class":"area_admin_level_6","source":"OpenStreetMap (Geofabrik GCC extract dated 2026-09-22) intersected with OSM land polygons (osmdata.openstreetmap.de, coastline of 2026-09-23)","license":"ODbL 1.0 (c) OpenStreetMap contributors","parent_governorate_name_en":"Jahra Governorate","area_km2":65.87245738044068},"geometry":{"type":"Polygon","coordinates":[[[47.18583,29.25453],[47.30462,29.2525],[47.31168,29.24264],[47.32876,29.21785],[47.33239,29.21201],[47.29739,29.20309],[47.29168,29.20142],[47.28444,29.19895],[47.27484,29.19506],[47.26647,29.19111],[47.25837,29.18673],[47.25043,29.18181],[47.18583,29.25453]]]}},{"type":"Feature","properties":{"id":"kw-area-relation-17973036","name_en":"Kabd","name_ar":"كبد","feature_class":"area_admin_level_6","source":"OpenStreetMap (Geofabrik GCC extract dated 2026-09-22) intersected with OSM land polygons (osmdata.openstreetmap.de, coastline of 2026-09-23)","license":"ODbL 1.0 (c) OpenStreetMap contributors","parent_governorate_name_en":"Jahra Governorate","area_km2":24.834491815354568},"geometry":{"type":"Polygon","coordinates":[[[47.77789,29.0767],[47.72156,29.07774],[47.72183,29.08766],[47.70959,29.08788],[47.71062,29.13101],[47.72295,29.13081],[47.72235,29.1092],[47.76417,29.10855],[47.76736,29.10804],[47.7786,29.10683],[47.7787,29.09734],[47.77835,29.08377],[47.77789,29.0767]]]}},{"type":"Feature","properties":{"id":"kw-area-relation-17973038","name_en":"Al Mitla","name_ar":"المطلاع","feature_class":"area_admin_level_6","source":"OpenStreetMap (Geofabrik GCC extract dated 2026-09-22) intersected with OSM land polygons (osmdata.openstreetmap.de, coastline of 2026-09-23)","license":"ODbL 1.0 (c) OpenStreetMap contributors","parent_governorate_name_en":"Jahra Governorate","area_km2":96.5334926783127},"geometry":{"type":"Polygon","coordinates":[[[47.54788,29.49109],[47.59026,29.48989],[47.59886,29.50632],[47.63565,29.57245],[47.64135,29.57222],[47.64148,29.56263],[47.64002,29.56024],[47.63966,29.55218],[47.64134,29.5521],[47.64125,29.55112],[47.63965,29.55101],[47.63834,29.52589],[47.64395,29.52587],[47.64863,29.5256],[47.6482,29.5163],[47.64586,29.48574],[47.64421,29.47288],[47.6405,29.45145],[47.63639,29.44537],[47.63183,29.43666],[47.63122,29.43349],[47.62712,29.41915],[47.61032,29.41899],[47.60418,29.41933],[47.59594,29.42066],[47.59521,29.4185],[47.59376,29.40691],[47.59192,29.39571],[47.57475,29.39997],[47.57547,29.43364],[47.54658,29.43427],[47.54788,29.49109]]]}},{"type":"Feature","properties":{"id":"kw-area-relation-18005314","name_en":"Wista","name_ar":"المنطقة الوسطي","feature_class":"area_admin_level_6","source":"OpenStreetMap (Geofabrik GCC extract dated 2026-09-22) intersected with OSM land polygons (osmdata.openstreetmap.de, coastline of 2026-09-23)","license":"ODbL 1.0 (c) OpenStreetMap contributors","parent_governorate_name_en":"Mubarak al-Kabir Governorate","area_km2":55.31245781466891},"geometry":{"type":"Polygon","coordinates":[[[48.02346,29.26448],[48.02762,29.26496],[48.03332,29.26507],[48.03368,29.26489],[48.04247,29.26474],[48.06668,29.1824],[48.06893,29.17627],[48.06284,29.17416],[48.05997,29.17349],[48.05347,29.1729],[48.04692,29.17271],[48.04429,29.17295],[48.03911,29.17424],[48.03636,29.17541],[48.03384,29.17684],[48.0299,29.17952],[48.02767,29.18069],[48.02518,29.18164],[48.02138,29.18246],[48.01912,29.18266],[48.01485,29.18242],[48.01292,29.18205],[48.0058,29.18],[48.00104,29.17921],[47.9965,29.17907],[47.99127,29.17958],[47.99412,29.18362],[48.00521,29.19394],[48.0062,29.19519],[48.00749,29.19795],[48.00785,29.20099],[48.00727,29.20397],[47.99542,29.22744],[47.99271,29.2333],[47.99206,29.23606],[47.99017,29.2487],[47.98879,29.25231],[47.98922,29.25363],[47.98929,29.25508],[47.98782,29.26585],[48.0011,29.26557],[48.00665,29.26477],[48.02346,29.26448]]]}},{"type":"Feature","properties":{"id":"kw-area-relation-18005316","name_en":"Sabah Al Salem","name_ar":"صباح السالم","feature_class":"area_admin_level_6","source":"OpenStreetMap (Geofabrik GCC extract dated 2026-09-22) intersected with OSM land polygons (osmdata.openstreetmap.de, coastline of 2026-09-23)","license":"ODbL 1.0 (c) OpenStreetMap contributors","parent_governorate_name_en":"Mubarak al-Kabir Governorate","area_km2":10.51894943178092},"geometry":{"type":"Polygon","coordinates":[[[48.09152,29.24885],[48.0859,29.24721],[48.07967,29.24465],[48.07585,29.24355],[48.05776,29.24072],[48.05009,29.23896],[48.04247,29.26474],[48.05823,29.26445],[48.06406,29.26468],[48.0733,29.266],[48.083,29.26818],[48.08451,29.26874],[48.08586,29.26549],[48.09152,29.24885]]]}},{"type":"Feature","properties":{"id":"kw-area-relation-18005317","name_en":"Al Masayel","name_ar":"المسايل","feature_class":"area_admin_level_6","source":"OpenStreetMap (Geofabrik GCC extract dated 2026-09-22) intersected with OSM land polygons (osmdata.openstreetmap.de, coastline of 2026-09-23)","license":"ODbL 1.0 (c) OpenStreetMap contributors","parent_governorate_name_en":"Mubarak al-Kabir Governorate","area_km2":2.141145958288159},"geometry":{"type":"Polygon","coordinates":[[[48.09344,29.23215],[48.09005,29.23087],[48.08993,29.23012],[48.09056,29.22787],[48.09039,29.22769],[48.08906,29.22763],[48.0859,29.22802],[48.08359,29.22896],[48.08439,29.2306],[48.08451,29.2323],[48.08269,29.24305],[48.08198,29.24559],[48.0859,29.24721],[48.09152,29.24885],[48.09681,29.2327],[48.09648,29.23281],[48.09344,29.23215]]]}},{"type":"Feature","properties":{"id":"kw-area-relation-18005318","name_en":"Al-Adan","name_ar":"العدان","feature_class":"area_admin_level_6","source":"OpenStreetMap (Geofabrik GCC extract dated 2026-09-22) intersected with OSM land polygons (osmdata.openstreetmap.de, coastline of 2026-09-23)","license":"ODbL 1.0 (c) OpenStreetMap contributors","parent_governorate_name_en":"Mubarak al-Kabir Governorate","area_km2":6.818211788070675},"geometry":{"type":"Polygon","coordinates":[[[48.07781,29.22248],[48.07318,29.22131],[48.07104,29.22119],[48.06656,29.22187],[48.06504,29.22184],[48.0558,29.21967],[48.05009,29.23896],[48.05776,29.24072],[48.07585,29.24355],[48.07778,29.24401],[48.08198,29.24559],[48.08269,29.24305],[48.08453,29.23154],[48.08439,29.2306],[48.08359,29.22896],[48.0806,29.22472],[48.07913,29.22319],[48.07781,29.22248]]]}},{"type":"Feature","properties":{"id":"kw-area-relation-18005319","name_en":"Qusour","name_ar":"القصور","feature_class":"area_admin_level_6","source":"OpenStreetMap (Geofabrik GCC extract dated 2026-09-22) intersected with OSM land polygons (osmdata.openstreetmap.de, coastline of 2026-09-23)","license":"ODbL 1.0 (c) OpenStreetMap contributors","parent_governorate_name_en":"Mubarak al-Kabir Governorate","area_km2":4.623572837226959},"geometry":{"type":"Polygon","coordinates":[[[48.08638,29.20883],[48.07644,29.20946],[48.07452,29.20934],[48.07266,29.20911],[48.05972,29.20617],[48.0558,29.21967],[48.06504,29.22184],[48.06656,29.22187],[48.07163,29.22116],[48.07591,29.22193],[48.07781,29.22248],[48.07913,29.22319],[48.08001,29.22399],[48.08139,29.22593],[48.08451,29.22383],[48.08577,29.22252],[48.08707,29.22043],[48.09081,29.2093],[48.08905,29.20892],[48.08638,29.20883]]]}},{"type":"Feature","properties":{"id":"kw-area-relation-18005320","name_en":"Qurain","name_ar":"القرين","feature_class":"area_admin_level_6","source":"OpenStreetMap (Geofabrik GCC extract dated 2026-09-22) intersected with OSM land polygons (osmdata.openstreetmap.de, coastline of 2026-09-23)","license":"ODbL 1.0 (c) OpenStreetMap contributors","parent_governorate_name_en":"Mubarak al-Kabir Governorate","area_km2":4.2148073713921015},"geometry":{"type":"Polygon","coordinates":[[[48.08499,29.19856],[48.08291,29.19839],[48.07634,29.19679],[48.06383,29.19202],[48.05972,29.20617],[48.07359,29.20925],[48.07644,29.20946],[48.08767,29.2088],[48.09081,29.2093],[48.09315,29.20305],[48.0933,29.20108],[48.0928,29.19858],[48.09179,29.19643],[48.0863,29.19842],[48.08499,29.19856]]]}},{"type":"Feature","properties":{"id":"kw-area-relation-18005321","name_en":"Abu Fatira","name_ar":"أبو فطيرة","feature_class":"area_admin_level_6","source":"OpenStreetMap (Geofabrik GCC extract dated 2026-09-22) intersected with OSM land polygons (osmdata.openstreetmap.de, coastline of 2026-09-23)","license":"ODbL 1.0 (c) OpenStreetMap contributors","parent_governorate_name_en":"Mubarak al-Kabir Governorate","area_km2":4.861615352701714},"geometry":{"type":"Polygon","coordinates":[[[48.10813,29.19675],[48.11211,29.18395],[48.10196,29.18112],[48.10204,29.18236],[48.10177,29.18364],[48.09721,29.19341],[48.09663,29.19421],[48.09549,29.19498],[48.09179,29.19643],[48.0928,29.19858],[48.09334,29.2018],[48.09276,29.20431],[48.09081,29.2093],[48.10818,29.21414],[48.10834,29.2126],[48.1088,29.21199],[48.10959,29.20878],[48.11013,29.20803],[48.11082,29.20618],[48.11126,29.20423],[48.11156,29.20401],[48.11206,29.20262],[48.11227,29.20229],[48.11248,29.20232],[48.11391,29.19825],[48.10813,29.19675]]]}},{"type":"Feature","properties":{"id":"kw-area-relation-18005322","name_en":"Mubarak Al-Kabeer","name_ar":"مبارك الكبير","feature_class":"area_admin_level_6","source":"OpenStreetMap (Geofabrik GCC extract dated 2026-09-22) intersected with OSM land polygons (osmdata.openstreetmap.de, coastline of 2026-09-23)","license":"ODbL 1.0 (c) OpenStreetMap contributors","parent_governorate_name_en":"Mubarak al-Kabir Governorate","area_km2":6.142338832501649},"geometry":{"type":"Polygon","coordinates":[[[48.10204,29.18236],[48.10196,29.18112],[48.09873,29.1805],[48.09607,29.18025],[48.08518,29.18055],[48.08155,29.18024],[48.07789,29.1794],[48.06893,29.17627],[48.06715,29.18089],[48.06383,29.19202],[48.07634,29.19679],[48.08291,29.19839],[48.08499,29.19856],[48.0863,29.19842],[48.09413,29.19557],[48.09663,29.19421],[48.09746,29.1929],[48.10177,29.18364],[48.10204,29.18236]]]}},{"type":"Feature","properties":{"id":"kw-area-relation-18007008","name_en":"Hitteen","name_ar":"حطين","feature_class":"area_admin_level_6","source":"OpenStreetMap (Geofabrik GCC extract dated 2026-09-22) intersected with OSM land polygons (osmdata.openstreetmap.de, coastline of 2026-09-23)","license":"ODbL 1.0 (c) OpenStreetMap contributors","parent_governorate_name_en":"Hawalli Governorate","area_km2":3.0191192465598036},"geometry":{"type":"Polygon","coordinates":[[[48.00642,29.28414],[48.00217,29.28538],[48.00286,29.28999],[48.01867,29.28806],[48.02028,29.28802],[48.02365,29.28857],[48.02943,29.29074],[48.03506,29.27978],[48.03044,29.27795],[48.02668,29.27708],[48.02248,29.27703],[48.0182,29.27793],[48.00642,29.28414]]]}},{"type":"Feature","properties":{"id":"kw-area-relation-18007009","name_en":"Salam","name_ar":"السلام","feature_class":"area_admin_level_6","source":"OpenStreetMap (Geofabrik GCC extract dated 2026-09-22) intersected with OSM land polygons (osmdata.openstreetmap.de, coastline of 2026-09-23)","license":"ODbL 1.0 (c) OpenStreetMap contributors","parent_governorate_name_en":"Hawalli Governorate","area_km2":4.497025008328603},"geometry":{"type":"Polygon","coordinates":[[[48.02943,29.29074],[48.02365,29.28857],[48.02028,29.28802],[48.01867,29.28806],[48.00286,29.28999],[48.00295,29.29505],[48.00243,29.29766],[48.00176,29.30009],[47.99976,29.30537],[48.01381,29.30636],[48.02203,29.3073],[48.02943,29.29074]]]}},{"type":"Feature","properties":{"id":"kw-area-relation-18007014","name_en":"Hawally","name_ar":"حولي","feature_class":"area_admin_level_6","source":"OpenStreetMap (Geofabrik GCC extract dated 2026-09-22) intersected with OSM land polygons (osmdata.openstreetmap.de, coastline of 2026-09-23)","license":"ODbL 1.0 (c) OpenStreetMap contributors","parent_governorate_name_en":"Hawalli Governorate","area_km2":6.680821266591594},"geometry":{"type":"Polygon","coordinates":[[[48.03969,29.33096],[48.0366,29.33044],[48.03293,29.32943],[48.01511,29.32351],[48.01213,29.32291],[48.00058,29.34046],[48.00504,29.34314],[48.00865,29.34592],[48.01088,29.34724],[48.01244,29.34852],[48.01339,29.34976],[48.03276,29.34361],[48.03732,29.33471],[48.03969,29.33096]]]}},{"type":"Feature","properties":{"id":"kw-area-relation-18007015","name_en":"Shaab","name_ar":"الشعب","feature_class":"area_admin_level_6","source":"OpenStreetMap (Geofabrik GCC extract dated 2026-09-22) intersected with OSM land polygons (osmdata.openstreetmap.de, coastline of 2026-09-23)","license":"ODbL 1.0 (c) OpenStreetMap contributors","parent_governorate_name_en":"Hawalli Governorate","area_km2":2.5572197842155386},"geometry":{"type":"Polygon","coordinates":[[[48.01702,29.35495],[48.02056,29.35755],[48.02636,29.36068],[48.0262,29.35958],[48.02665,29.35844],[48.02945,29.3548],[48.03018,29.35454],[48.03059,29.35516],[48.03119,29.355],[48.03124,29.35458],[48.03066,29.35431],[48.03063,29.35409],[48.0309,29.35346],[48.03177,29.35253],[48.03238,29.35224],[48.03289,29.35259],[48.03321,29.35251],[48.03307,29.35172],[48.03454,29.35072],[48.03502,29.35067],[48.03513,29.35097],[48.03631,29.35034],[48.03679,29.35025],[48.03719,29.35044],[48.03734,29.35021],[48.03697,29.34947],[48.0377,29.34891],[48.03985,29.34828],[48.04103,29.34817],[48.04141,29.34844],[48.04169,29.34837],[48.03991,29.34212],[48.03934,29.34197],[48.03685,29.34309],[48.03276,29.34361],[48.01426,29.3494],[48.01339,29.34976],[48.01702,29.35495]]]}},{"type":"Feature","properties":{"id":"kw-area-relation-18007021","name_en":"Shuhada","name_ar":"الشهداء","feature_class":"area_admin_level_6","source":"OpenStreetMap (Geofabrik GCC extract dated 2026-09-22) intersected with OSM land polygons (osmdata.openstreetmap.de, coastline of 2026-09-23)","license":"ODbL 1.0 (c) OpenStreetMap contributors","parent_governorate_name_en":"Hawalli Governorate","area_km2":2.427983927948763},"geometry":{"type":"Polygon","coordinates":[[[48.03368,29.26489],[48.03332,29.26507],[48.02762,29.26496],[48.02216,29.26447],[48.02244,29.27254],[48.0222,29.27345],[48.0211,29.27555],[48.02121,29.27721],[48.02426,29.27694],[48.02825,29.27735],[48.03044,29.27795],[48.03506,29.27978],[48.03907,29.27199],[48.04247,29.26474],[48.03368,29.26489]]]}},{"type":"Feature","properties":{"id":"kw-area-relation-18007022","name_en":"Ministries Area","name_ar":"منطقة الوزارات","feature_class":"area_admin_level_6","source":"OpenStreetMap (Geofabrik GCC extract dated 2026-09-22) intersected with OSM land polygons (osmdata.openstreetmap.de, coastline of 2026-09-23)","license":"ODbL 1.0 (c) OpenStreetMap contributors","parent_governorate_name_en":"Hawalli Governorate","area_km2":1.3558804991428768},"geometry":{"type":"Polygon","coordinates":[[[48.0211,29.27555],[48.0222,29.27345],[48.02244,29.27254],[48.02216,29.26447],[48.01275,29.26461],[48.01308,29.27736],[48.01345,29.27889],[48.01407,29.28002],[48.0182,29.27793],[48.02121,29.27721],[48.0211,29.27555]]]}},{"type":"Feature","properties":{"id":"kw-area-relation-18007023","name_en":"Zahra","name_ar":"الزهراء","feature_class":"area_admin_level_6","source":"OpenStreetMap (Geofabrik GCC extract dated 2026-09-22) intersected with OSM land polygons (osmdata.openstreetmap.de, coastline of 2026-09-23)","license":"ODbL 1.0 (c) OpenStreetMap contributors","parent_governorate_name_en":"Hawalli Governorate","area_km2":5.42371346277854},"geometry":{"type":"Polygon","coordinates":[[[48.01345,29.27889],[48.01308,29.27736],[48.01275,29.26461],[48.00665,29.26477],[48.0011,29.26557],[47.98782,29.26585],[47.98666,29.27407],[47.98594,29.28125],[47.98537,29.28391],[47.99423,29.28546],[47.99841,29.2858],[48.00001,29.28573],[48.00257,29.28529],[48.00642,29.28414],[48.01407,29.28002],[48.01345,29.27889]]]}},{"type":"Feature","properties":{"id":"kw-area-relation-18011077","name_en":"Rihab","name_ar":"الرحاب","feature_class":"area_admin_level_6","source":"OpenStreetMap (Geofabrik GCC extract dated 2026-09-22) intersected with OSM land polygons (osmdata.openstreetmap.de, coastline of 2026-09-23)","license":"ODbL 1.0 (c) OpenStreetMap contributors","parent_governorate_name_en":"Farwaniya Governorate","area_km2":1.986518890233636},"geometry":{"type":"Polygon","coordinates":[[[47.92821,29.28846],[47.94779,29.28928],[47.94954,29.27979],[47.92725,29.28026],[47.92821,29.28846]]]}},{"type":"Feature","properties":{"id":"kw-area-relation-18011078","name_en":"Rabiya","name_ar":"الرابية","feature_class":"area_admin_level_6","source":"OpenStreetMap (Geofabrik GCC extract dated 2026-09-22) intersected with OSM land polygons (osmdata.openstreetmap.de, coastline of 2026-09-23)","license":"ODbL 1.0 (c) OpenStreetMap contributors","parent_governorate_name_en":"Farwaniya Governorate","area_km2":2.4747478807566687},"geometry":{"type":"Polygon","coordinates":[[[47.92821,29.28846],[47.92813,29.29387],[47.92753,29.30058],[47.94544,29.30167],[47.94779,29.28928],[47.92821,29.28846]]]}},{"type":"Feature","properties":{"id":"kw-area-relation-18011079","name_en":"Omariya","name_ar":"العمرية","feature_class":"area_admin_level_6","source":"OpenStreetMap (Geofabrik GCC extract dated 2026-09-22) intersected with OSM land polygons (osmdata.openstreetmap.de, coastline of 2026-09-23)","license":"ODbL 1.0 (c) OpenStreetMap contributors","parent_governorate_name_en":"Farwaniya Governorate","area_km2":2.4962896514750197},"geometry":{"type":"Polygon","coordinates":[[[47.94544,29.30167],[47.96354,29.30292],[47.96596,29.29025],[47.96254,29.28984],[47.94779,29.28928],[47.94544,29.30167]]]}},{"type":"Feature","properties":{"id":"kw-area-relation-18011080","name_en":"Farwaniya","name_ar":"الفروانية","feature_class":"area_admin_level_6","source":"OpenStreetMap (Geofabrik GCC extract dated 2026-09-22) intersected with OSM land polygons (osmdata.openstreetmap.de, coastline of 2026-09-23)","license":"ODbL 1.0 (c) OpenStreetMap contributors","parent_governorate_name_en":"Farwaniya Governorate","area_km2":4.690303137889026},"geometry":{"type":"Polygon","coordinates":[[[47.96596,29.29025],[47.97052,29.26577],[47.95211,29.26613],[47.94779,29.28928],[47.96254,29.28984],[47.96596,29.29025]]]}},{"type":"Feature","properties":{"id":"kw-area-relation-18011082","name_en":"Ardhiya 4","name_ar":"العارضية 4","feature_class":"area_admin_level_6","source":"OpenStreetMap (Geofabrik GCC extract dated 2026-09-22) intersected with OSM land polygons (osmdata.openstreetmap.de, coastline of 2026-09-23)","license":"ODbL 1.0 (c) OpenStreetMap contributors","parent_governorate_name_en":"Farwaniya Governorate","area_km2":4.590257832967672},"geometry":{"type":"Polygon","coordinates":[[[47.92239,29.2887],[47.92821,29.28846],[47.92768,29.28318],[47.92533,29.26711],[47.90788,29.26747],[47.90667,29.28321],[47.90636,29.28451],[47.90621,29.28868],[47.91443,29.28913],[47.91827,29.28842],[47.92239,29.2887]]]}},{"type":"Feature","properties":{"id":"kw-area-relation-18011083","name_en":"Ardhiya 6","name_ar":"العارضية 6","feature_class":"area_admin_level_6","source":"OpenStreetMap (Geofabrik GCC extract dated 2026-09-22) intersected with OSM land polygons (osmdata.openstreetmap.de, coastline of 2026-09-23)","license":"ODbL 1.0 (c) OpenStreetMap contributors","parent_governorate_name_en":"Farwaniya Governorate","area_km2":1.5008078293856797},"geometry":{"type":"Polygon","coordinates":[[[47.92753,29.30058],[47.92813,29.29387],[47.92821,29.28846],[47.92239,29.2887],[47.91827,29.28842],[47.91443,29.28913],[47.91576,29.29057],[47.9163,29.29188],[47.91557,29.29945],[47.92753,29.30058]]]}},{"type":"Feature","properties":{"id":"kw-area-relation-18011084","name_en":"Herafi Ardiya","name_ar":"العارضية الحرفية","feature_class":"area_admin_level_6","source":"OpenStreetMap (Geofabrik GCC extract dated 2026-09-22) intersected with OSM land polygons (osmdata.openstreetmap.de, coastline of 2026-09-23)","license":"ODbL 1.0 (c) OpenStreetMap contributors","parent_governorate_name_en":"Farwaniya Governorate","area_km2":1.0928767154075272},"geometry":{"type":"Polygon","coordinates":[[[47.9163,29.2923],[47.91622,29.29153],[47.91576,29.29057],[47.91443,29.28913],[47.90621,29.28868],[47.90561,29.2954],[47.90568,29.29867],[47.91557,29.29945],[47.9163,29.2923]]]}},{"type":"Feature","properties":{"id":"kw-area-relation-18011085","name_en":"Andalus","name_ar":"الأندلس","feature_class":"area_admin_level_6","source":"OpenStreetMap (Geofabrik GCC extract dated 2026-09-22) intersected with OSM land polygons (osmdata.openstreetmap.de, coastline of 2026-09-23)","license":"ODbL 1.0 (c) OpenStreetMap contributors","parent_governorate_name_en":"Farwaniya Governorate","area_km2":5.105151988101931},"geometry":{"type":"Polygon","coordinates":[[[47.87853,29.30961],[47.88134,29.30951],[47.88597,29.3104],[47.887,29.31017],[47.89181,29.30794],[47.89568,29.30689],[47.90042,29.30662],[47.90484,29.3072],[47.90567,29.30045],[47.90568,29.29867],[47.86479,29.29555],[47.86486,29.29986],[47.86559,29.31062],[47.87772,29.30991],[47.87853,29.30961]]]}},{"type":"Feature","properties":{"id":"kw-area-relation-18011086","name_en":"Riggai","name_ar":"الرقعي","feature_class":"area_admin_level_6","source":"OpenStreetMap (Geofabrik GCC extract dated 2026-09-22) intersected with OSM land polygons (osmdata.openstreetmap.de, coastline of 2026-09-23)","license":"ODbL 1.0 (c) OpenStreetMap contributors","parent_governorate_name_en":"Farwaniya Governorate","area_km2":2.530417159827242},"geometry":{"type":"Polygon","coordinates":[[[47.92252,29.31229],[47.92622,29.31305],[47.92753,29.30058],[47.90568,29.29867],[47.90567,29.30045],[47.90484,29.3072],[47.92252,29.31229]]]}},{"type":"Feature","properties":{"id":"kw-area-relation-18011087","name_en":"Rai","name_ar":"الري","feature_class":"area_admin_level_6","source":"OpenStreetMap (Geofabrik GCC extract dated 2026-09-22) intersected with OSM land polygons (osmdata.openstreetmap.de, coastline of 2026-09-23)","license":"ODbL 1.0 (c) OpenStreetMap contributors","parent_governorate_name_en":"Farwaniya Governorate","area_km2":5.171485938414142},"geometry":{"type":"Polygon","coordinates":[[[47.92753,29.30058],[47.92622,29.31305],[47.96088,29.31703],[47.96354,29.30292],[47.93707,29.30103],[47.92753,29.30058]]]}},{"type":"Feature","properties":{"id":"kw-area-relation-18011088","name_en":"Khaitan","name_ar":"خيطان","feature_class":"area_admin_level_6","source":"OpenStreetMap (Geofabrik GCC extract dated 2026-09-22) intersected with OSM land polygons (osmdata.openstreetmap.de, coastline of 2026-09-23)","license":"ODbL 1.0 (c) OpenStreetMap contributors","parent_governorate_name_en":"Farwaniya Governorate","area_km2":7.037335304276506},"geometry":{"type":"Polygon","coordinates":[[[47.98782,29.26585],[47.97723,29.26607],[47.97052,29.26577],[47.96354,29.30292],[47.97155,29.30365],[47.97908,29.30401],[47.98537,29.28391],[47.98594,29.28125],[47.98782,29.26585]]]}},{"type":"Feature","properties":{"id":"kw-area-relation-18011089","name_en":"International Airport","name_ar":"المطار الدولي","feature_class":"area_admin_level_6","source":"OpenStreetMap (Geofabrik GCC extract dated 2026-09-22) intersected with OSM land polygons (osmdata.openstreetmap.de, coastline of 2026-09-23)","license":"ODbL 1.0 (c) OpenStreetMap contributors","parent_governorate_name_en":"Farwaniya Governorate","area_km2":32.88782090961603},"geometry":{"type":"Polygon","coordinates":[[[47.9988,29.19963],[47.99751,29.20047],[47.98727,29.19993],[47.98649,29.19974],[47.98455,29.19873],[47.98329,29.2002],[47.98298,29.20129],[47.98252,29.20157],[47.98124,29.20122],[47.97206,29.19675],[47.96149,29.19107],[47.95927,29.19098],[47.95692,29.19254],[47.95538,29.19445],[47.95137,29.20702],[47.94273,29.2266],[47.94255,29.2293],[47.94278,29.2319],[47.94355,29.23468],[47.94721,29.25282],[47.95065,29.256],[47.9537,29.25751],[47.95577,29.25792],[47.95795,29.25794],[47.95992,29.25768],[47.961,29.25585],[47.96526,29.2577],[47.97099,29.25904],[47.98195,29.26063],[47.98861,29.2602],[47.98929,29.25508],[47.98922,29.25363],[47.98879,29.25231],[47.99017,29.2487],[47.99206,29.23606],[47.99271,29.2333],[47.99542,29.22744],[48.00535,29.20795],[48.00727,29.20397],[48.0076,29.20272],[48.00779,29.19945],[48.00705,29.19688],[47.9988,29.19963]]]}},{"type":"Feature","properties":{"id":"kw-area-relation-18011091","name_en":"Sabah Al-Nasser","name_ar":"صباح الناصر","feature_class":"area_admin_level_6","source":"OpenStreetMap (Geofabrik GCC extract dated 2026-09-22) intersected with OSM land polygons (osmdata.openstreetmap.de, coastline of 2026-09-23)","license":"ODbL 1.0 (c) OpenStreetMap contributors","parent_governorate_name_en":"Farwaniya Governorate","area_km2":3.9731649496474453},"geometry":{"type":"Polygon","coordinates":[[[47.88515,29.27459],[47.88768,29.27488],[47.88894,29.27539],[47.89009,29.2753],[47.90068,29.27808],[47.907,29.27871],[47.90788,29.26747],[47.88897,29.26753],[47.8803,29.2672],[47.86432,29.26609],[47.86444,29.2747],[47.88515,29.27459]]]}},{"type":"Feature","properties":{"id":"kw-area-relation-18011092","name_en":"Firdous","name_ar":"الفردوس","feature_class":"area_admin_level_6","source":"OpenStreetMap (Geofabrik GCC extract dated 2026-09-22) intersected with OSM land polygons (osmdata.openstreetmap.de, coastline of 2026-09-23)","license":"ODbL 1.0 (c) OpenStreetMap contributors","parent_governorate_name_en":"Farwaniya Governorate","area_km2":4.367931862369634},"geometry":{"type":"Polygon","coordinates":[[[47.86444,29.2747],[47.86479,29.29555],[47.87878,29.29662],[47.87927,29.29089],[47.87984,29.28924],[47.88119,29.28735],[47.88469,29.28455],[47.88581,29.28313],[47.88894,29.27539],[47.88768,29.27488],[47.88309,29.27447],[47.86444,29.2747]]]}},{"type":"Feature","properties":{"id":"kw-area-relation-18011093","name_en":"Ardhiya","name_ar":"العارضية","feature_class":"area_admin_level_6","source":"OpenStreetMap (Geofabrik GCC extract dated 2026-09-22) intersected with OSM land polygons (osmdata.openstreetmap.de, coastline of 2026-09-23)","license":"ODbL 1.0 (c) OpenStreetMap contributors","parent_governorate_name_en":"Farwaniya Governorate","area_km2":5.239518019099024},"geometry":{"type":"Polygon","coordinates":[[[47.90568,29.29867],[47.90561,29.2954],[47.90636,29.28451],[47.90667,29.28321],[47.907,29.27871],[47.90068,29.27808],[47.89009,29.2753],[47.88894,29.27539],[47.88581,29.28313],[47.88469,29.28455],[47.88119,29.28735],[47.87984,29.28924],[47.87927,29.29089],[47.87878,29.29662],[47.90568,29.29867]]]}},{"type":"Feature","properties":{"id":"kw-area-relation-18011094","name_en":"South Khaitan","name_ar":"جنوب خيطان","feature_class":"area_admin_level_6","source":"OpenStreetMap (Geofabrik GCC extract dated 2026-09-22) intersected with OSM land polygons (osmdata.openstreetmap.de, coastline of 2026-09-23)","license":"ODbL 1.0 (c) OpenStreetMap contributors","parent_governorate_name_en":"Farwaniya Governorate","area_km2":1.0748243567868694},"geometry":{"type":"Polygon","coordinates":[[[47.98195,29.26063],[47.97183,29.25914],[47.97052,29.26577],[47.97723,29.26607],[47.98782,29.26585],[47.98861,29.2602],[47.98195,29.26063]]]}},{"type":"Feature","properties":{"id":"kw-area-relation-18011095","name_en":"Dajeej","name_ar":"الضجيج","feature_class":"area_admin_level_6","source":"OpenStreetMap (Geofabrik GCC extract dated 2026-09-22) intersected with OSM land polygons (osmdata.openstreetmap.de, coastline of 2026-09-23)","license":"ODbL 1.0 (c) OpenStreetMap contributors","parent_governorate_name_en":"Farwaniya Governorate","area_km2":1.618059772264497},"geometry":{"type":"Polygon","coordinates":[[[47.97052,29.26577],[47.97183,29.25914],[47.96875,29.25864],[47.96526,29.2577],[47.961,29.25585],[47.95992,29.25768],[47.95708,29.25798],[47.95527,29.25786],[47.9537,29.25751],[47.95211,29.26613],[47.97052,29.26577]]]}},{"type":"Feature","properties":{"id":"kw-area-relation-18011096","name_en":"Jaleeb Al Shoyoukh","name_ar":"جليب الشيوخ","feature_class":"area_admin_level_6","source":"OpenStreetMap (Geofabrik GCC extract dated 2026-09-22) intersected with OSM land polygons (osmdata.openstreetmap.de, coastline of 2026-09-23)","license":"ODbL 1.0 (c) OpenStreetMap contributors","parent_governorate_name_en":"Farwaniya Governorate","area_km2":8.07010017120744},"geometry":{"type":"Polygon","coordinates":[[[47.94891,29.2662],[47.95211,29.26613],[47.9537,29.25751],[47.95065,29.256],[47.94721,29.25282],[47.94377,29.23627],[47.93147,29.24499],[47.92581,29.25017],[47.90918,29.26334],[47.90812,29.265],[47.90788,29.26747],[47.94525,29.26667],[47.94891,29.2662]]]}},{"type":"Feature","properties":{"id":"kw-area-relation-18018189","name_en":"Al Sour Gardens","name_ar":"حدائق السور","feature_class":"area_admin_level_6","source":"OpenStreetMap (Geofabrik GCC extract dated 2026-09-22) intersected with OSM land polygons (osmdata.openstreetmap.de, coastline of 2026-09-23)","license":"ODbL 1.0 (c) OpenStreetMap contributors","parent_governorate_name_en":"Capital Governorate","area_km2":1.0149653603811635},"geometry":{"type":"Polygon","coordinates":[[[47.97457,29.36179],[47.98144,29.36176],[47.98295,29.3621],[47.98544,29.36309],[47.98887,29.36528],[47.9925,29.36883],[47.9937,29.37196],[47.99401,29.37534],[47.99512,29.37514],[47.99661,29.37442],[47.99507,29.36887],[47.99351,29.36632],[47.99228,29.36496],[47.99015,29.36329],[47.98572,29.36063],[47.9828,29.35958],[47.9799,29.35912],[47.96877,29.35883],[47.96627,29.35907],[47.96241,29.35979],[47.9629,29.36071],[47.96977,29.36117],[47.97457,29.36179]]]}},{"type":"Feature","properties":{"id":"kw-area-relation-18018192","name_en":"Mansouriya","name_ar":"المنصورية","feature_class":"area_admin_level_6","source":"OpenStreetMap (Geofabrik GCC extract dated 2026-09-22) intersected with OSM land polygons (osmdata.openstreetmap.de, coastline of 2026-09-23)","license":"ODbL 1.0 (c) OpenStreetMap contributors","parent_governorate_name_en":"Capital Governorate","area_km2":1.2604938011758327},"geometry":{"type":"Polygon","coordinates":[[[47.98686,29.36122],[47.9898,29.36305],[47.99228,29.36496],[48.00329,29.35691],[47.99797,29.35279],[47.99406,29.35036],[47.98686,29.36122]]]}},{"type":"Feature","properties":{"id":"kw-area-relation-18018194","name_en":"Shamiya","name_ar":"الشامية","feature_class":"area_admin_level_6","source":"OpenStreetMap (Geofabrik GCC extract dated 2026-09-22) intersected with OSM land polygons (osmdata.openstreetmap.de, coastline of 2026-09-23)","license":"ODbL 1.0 (c) OpenStreetMap contributors","parent_governorate_name_en":"Capital Governorate","area_km2":2.0814500416003328},"geometry":{"type":"Polygon","coordinates":[[[47.96214,29.35658],[47.96303,29.35962],[47.96877,29.35883],[47.97414,29.35895],[47.97299,29.35195],[47.97253,29.34365],[47.96765,29.34404],[47.96352,29.34512],[47.95982,29.34672],[47.9563,29.34896],[47.96024,29.35363],[47.96214,29.35658]]]}},{"type":"Feature","properties":{"id":"kw-area-relation-18018195","name_en":"Shuwaikh","name_ar":"الشويخ","feature_class":"area_admin_level_6","source":"OpenStreetMap (Geofabrik GCC extract dated 2026-09-22) intersected with OSM land polygons (osmdata.openstreetmap.de, coastline of 2026-09-23)","license":"ODbL 1.0 (c) OpenStreetMap contributors","parent_governorate_name_en":"Capital Governorate","area_km2":2.819361871469714},"geometry":{"type":"Polygon","coordinates":[[[47.95952,29.3634],[47.9629,29.36071],[47.96241,29.35979],[47.96303,29.35962],[47.96214,29.35658],[47.95894,29.35193],[47.95443,29.3472],[47.95104,29.34455],[47.9458,29.34122],[47.93983,29.34857],[47.94534,29.35175],[47.9424,29.35563],[47.94276,29.35616],[47.94364,29.3566],[47.94485,29.35694],[47.94743,29.35709],[47.95014,29.35821],[47.95162,29.35927],[47.95191,29.35981],[47.95556,29.36182],[47.95606,29.36231],[47.95632,29.36271],[47.95595,29.36356],[47.95604,29.36425],[47.95829,29.36489],[47.95952,29.3634]]]}},{"type":"Feature","properties":{"id":"kw-area-relation-18018196","name_en":"Qibla","name_ar":"القبلة","feature_class":"area_admin_level_6","source":"OpenStreetMap (Geofabrik GCC extract dated 2026-09-22) intersected with OSM land polygons (osmdata.openstreetmap.de, coastline of 2026-09-23)","license":"ODbL 1.0 (c) OpenStreetMap contributors","parent_governorate_name_en":"Capital Governorate","area_km2":2.597302090550612},"geometry":{"type":"Polygon","coordinates":[[[47.9742,29.36708],[47.97457,29.36179],[47.97349,29.36161],[47.96909,29.3611],[47.9629,29.36071],[47.95952,29.3634],[47.95829,29.36489],[47.96084,29.36699],[47.96184,29.3684],[47.96277,29.37069],[47.96543,29.37373],[47.97206,29.37919],[47.97335,29.37985],[47.97634,29.37663],[47.97944,29.37413],[47.98259,29.37208],[47.97731,29.36834],[47.9742,29.36708]]]}},{"type":"Feature","properties":{"id":"kw-area-relation-18018197","name_en":"Mirqab","name_ar":"المرقاب","feature_class":"area_admin_level_6","source":"OpenStreetMap (Geofabrik GCC extract dated 2026-09-22) intersected with OSM land polygons (osmdata.openstreetmap.de, coastline of 2026-09-23)","license":"ODbL 1.0 (c) OpenStreetMap contributors","parent_governorate_name_en":"Capital Governorate","area_km2":1.763111215221665},"geometry":{"type":"Polygon","coordinates":[[[47.98683,29.37509],[47.98844,29.37466],[47.99401,29.37534],[47.9937,29.37196],[47.9925,29.36883],[47.98845,29.36498],[47.98544,29.36309],[47.9822,29.3619],[47.98043,29.36169],[47.97457,29.36179],[47.9742,29.36708],[47.97731,29.36834],[47.98683,29.37509]]]}},{"type":"Feature","properties":{"id":"kw-area-relation-18018199","name_en":"Sharq","name_ar":"شرق","feature_class":"area_admin_level_6","source":"OpenStreetMap (Geofabrik GCC extract dated 2026-09-22) intersected with OSM land polygons (osmdata.openstreetmap.de, coastline of 2026-09-23)","license":"ODbL 1.0 (c) OpenStreetMap contributors","parent_governorate_name_en":"Capital Governorate","area_km2":3.467066337051837},"geometry":{"type":"Polygon","coordinates":[[[47.99512,29.37514],[47.99423,29.37533],[47.98844,29.37466],[47.98683,29.37509],[47.98259,29.37208],[47.97944,29.37413],[47.97634,29.37663],[47.97335,29.37985],[47.97259,29.3818],[47.97526,29.38424],[47.97536,29.3848],[47.97597,29.38474],[47.97691,29.38381],[47.97891,29.38526],[47.97763,29.38702],[47.97706,29.38661],[47.98027,29.39078],[47.98414,29.3916],[47.98438,29.3914],[47.98415,29.39115],[47.98409,29.38989],[47.98175,29.38909],[47.98117,29.38854],[47.98101,29.38861],[47.97996,29.3874],[47.98089,29.38647],[47.98433,29.38855],[47.98378,29.38945],[47.98435,29.38972],[47.98445,29.3895],[47.98495,29.38948],[47.98482,29.38974],[47.98575,29.39034],[47.98533,29.39072],[47.98557,29.39099],[47.98613,29.39023],[47.98657,29.39013],[47.98819,29.39062],[47.98942,29.3917],[47.99034,29.39179],[47.99066,29.39203],[47.99103,29.39196],[47.99124,29.39147],[47.99356,29.39159],[47.99724,29.38025],[47.99731,29.37744],[47.99661,29.37442],[47.99512,29.37514]]]}},{"type":"Feature","properties":{"id":"kw-area-relation-18018203","name_en":"Qadsiya","name_ar":"القادسية","feature_class":"area_admin_level_6","source":"OpenStreetMap (Geofabrik GCC extract dated 2026-09-22) intersected with OSM land polygons (osmdata.openstreetmap.de, coastline of 2026-09-23)","license":"ODbL 1.0 (c) OpenStreetMap contributors","parent_governorate_name_en":"Capital Governorate","area_km2":1.7513641625052392},"geometry":{"type":"Polygon","coordinates":[[[48.00058,29.34046],[47.99406,29.35036],[47.99797,29.35279],[48.00329,29.35691],[48.01339,29.34976],[48.01244,29.34852],[48.01088,29.34724],[48.00865,29.34592],[48.0071,29.34457],[48.00058,29.34046]]]}},{"type":"Feature","properties":{"id":"kw-area-relation-18018204","name_en":"Al Nuzha","name_ar":"النزهة","feature_class":"area_admin_level_6","source":"OpenStreetMap (Geofabrik GCC extract dated 2026-09-22) intersected with OSM land polygons (osmdata.openstreetmap.de, coastline of 2026-09-23)","license":"ODbL 1.0 (c) OpenStreetMap contributors","parent_governorate_name_en":"Capital Governorate","area_km2":1.656264699370861},"geometry":{"type":"Polygon","coordinates":[[[47.99409,29.33731],[47.98747,29.33495],[47.98302,29.34569],[47.98822,29.34754],[47.99406,29.35036],[48.00058,29.34046],[47.99409,29.33731]]]}},{"type":"Feature","properties":{"id":"kw-area-relation-18018205","name_en":"Qortuba","name_ar":"قرطبة","feature_class":"area_admin_level_6","source":"OpenStreetMap (Geofabrik GCC extract dated 2026-09-22) intersected with OSM land polygons (osmdata.openstreetmap.de, coastline of 2026-09-23)","license":"ODbL 1.0 (c) OpenStreetMap contributors","parent_governorate_name_en":"Capital Governorate","area_km2":3.2517294892385973},"geometry":{"type":"Polygon","coordinates":[[[47.97467,29.31854],[47.99339,29.32062],[47.99866,29.30744],[47.99976,29.30537],[47.97908,29.30401],[47.97467,29.31854]]]}},{"type":"Feature","properties":{"id":"kw-area-relation-18018206","name_en":"Surra","name_ar":"السرة","feature_class":"area_admin_level_6","source":"OpenStreetMap (Geofabrik GCC extract dated 2026-09-22) intersected with OSM land polygons (osmdata.openstreetmap.de, coastline of 2026-09-23)","license":"ODbL 1.0 (c) OpenStreetMap contributors","parent_governorate_name_en":"Capital Governorate","area_km2":3.7415863849962654},"geometry":{"type":"Polygon","coordinates":[[[48.01213,29.32291],[48.01415,29.32015],[48.01712,29.31698],[48.01817,29.3155],[48.01966,29.31283],[48.02203,29.3073],[48.01381,29.30636],[47.99976,29.30537],[47.99866,29.30744],[47.99339,29.32062],[48.01213,29.32291]]]}},{"type":"Feature","properties":{"id":"kw-area-relation-18018210","name_en":"Kaifan","name_ar":"كيفان","feature_class":"area_admin_level_6","source":"OpenStreetMap (Geofabrik GCC extract dated 2026-09-22) intersected with OSM land polygons (osmdata.openstreetmap.de, coastline of 2026-09-23)","license":"ODbL 1.0 (c) OpenStreetMap contributors","parent_governorate_name_en":"Capital Governorate","area_km2":3.1338040087776573},"geometry":{"type":"Polygon","coordinates":[[[47.9563,29.34896],[47.95982,29.34672],[47.96352,29.34512],[47.96765,29.34404],[47.97253,29.34365],[47.9713,29.33387],[47.97127,29.33195],[47.96442,29.33237],[47.96131,29.33279],[47.95487,29.33408],[47.95316,29.33403],[47.95208,29.3335],[47.9458,29.34122],[47.95104,29.34455],[47.95443,29.3472],[47.9563,29.34896]]]}},{"type":"Feature","properties":{"id":"kw-area-relation-18018211","name_en":"Khaldiya","name_ar":"الخالدية","feature_class":"area_admin_level_6","source":"OpenStreetMap (Geofabrik GCC extract dated 2026-09-22) intersected with OSM land polygons (osmdata.openstreetmap.de, coastline of 2026-09-23)","license":"ODbL 1.0 (c) OpenStreetMap contributors","parent_governorate_name_en":"Capital Governorate","area_km2":2.571563782067314},"geometry":{"type":"Polygon","coordinates":[[[47.95397,29.33414],[47.95487,29.33408],[47.96131,29.33279],[47.96442,29.33237],[47.97127,29.33195],[47.97467,29.31854],[47.96088,29.31703],[47.95978,29.32031],[47.95838,29.32318],[47.95479,29.32969],[47.95208,29.3335],[47.95283,29.33392],[47.95397,29.33414]]]}},{"type":"Feature","properties":{"id":"kw-area-relation-18018212","name_en":"Yarmouk","name_ar":"اليرموك","feature_class":"area_admin_level_6","source":"OpenStreetMap (Geofabrik GCC extract dated 2026-09-22) intersected with OSM land polygons (osmdata.openstreetmap.de, coastline of 2026-09-23)","license":"ODbL 1.0 (c) OpenStreetMap contributors","parent_governorate_name_en":"Capital Governorate","area_km2":2.2949502852023618},"geometry":{"type":"Polygon","coordinates":[[[47.96354,29.30292],[47.96088,29.31703],[47.97467,29.31854],[47.97908,29.30401],[47.97155,29.30365],[47.96354,29.30292]]]}},{"type":"Feature","properties":{"id":"kw-area-relation-18018216","name_en":"Shuwaikh Port","name_ar":"ميناء الشويخ","feature_class":"area_admin_level_6","source":"OpenStreetMap (Geofabrik GCC extract dated 2026-09-22) intersected with OSM land polygons (osmdata.openstreetmap.de, coastline of 2026-09-23)","license":"ODbL 1.0 (c) OpenStreetMap contributors","parent_governorate_name_en":"Capital Governorate","area_km2":2.822439636917161},"geometry":{"type":"Polygon","coordinates":[[[47.9205,29.3468],[47.91522,29.35009],[47.91324,29.35189],[47.9091,29.35786],[47.90753,29.35974],[47.90842,29.36051],[47.91137,29.36163],[47.91312,29.36187],[47.91461,29.36162],[47.91829,29.36041],[47.9202,29.36038],[47.92138,29.36074],[47.92469,29.36261],[47.92613,29.36104],[47.92754,29.36074],[47.93228,29.35852],[47.93217,29.35803],[47.93267,29.35756],[47.92969,29.35879],[47.92823,29.35612],[47.92883,29.35535],[47.92832,29.355],[47.92771,29.35579],[47.92556,29.35449],[47.92443,29.35587],[47.92366,29.35545],[47.92482,29.35399],[47.92403,29.35347],[47.9228,29.35495],[47.92205,29.35445],[47.9231,29.35314],[47.92261,29.35284],[47.92141,29.35424],[47.921,29.35402],[47.92162,29.35326],[47.92144,29.35318],[47.92081,29.35389],[47.91898,29.35275],[47.91956,29.35202],[47.91941,29.35189],[47.91875,29.35267],[47.91804,29.35221],[47.91889,29.35107],[47.92078,29.35079],[47.92061,29.35008],[47.91858,29.35041],[47.91842,29.34933],[47.92224,29.34872],[47.9226,29.34824],[47.92094,29.34723],[47.9216,29.34637],[47.92329,29.34742],[47.92366,29.34699],[47.92198,29.34592],[47.92263,29.3451],[47.92441,29.34622],[47.92452,29.34607],[47.92386,29.34563],[47.92449,29.34489],[47.92511,29.34529],[47.92469,29.34584],[47.92523,29.34538],[47.92921,29.3477],[47.92857,29.34842],[47.93442,29.35212],[47.93489,29.35155],[47.93707,29.35248],[47.93983,29.34857],[47.92539,29.33996],[47.9205,29.3468]]]}},{"type":"Feature","properties":{"id":"kw-area-relation-18018219","name_en":"Granada","name_ar":"غرناطة","feature_class":"area_admin_level_6","source":"OpenStreetMap (Geofabrik GCC extract dated 2026-09-22) intersected with OSM land polygons (osmdata.openstreetmap.de, coastline of 2026-09-23)","license":"ODbL 1.0 (c) OpenStreetMap contributors","parent_governorate_name_en":"Capital Governorate","area_km2":2.8226459837998523},"geometry":{"type":"Polygon","coordinates":[[[47.88009,29.32187],[47.88215,29.31758],[47.88278,29.31527],[47.88577,29.31037],[47.88332,29.30976],[47.88062,29.30948],[47.87853,29.30961],[47.87772,29.30991],[47.86214,29.31078],[47.86256,29.31712],[47.86397,29.32179],[47.86485,29.32288],[47.86639,29.32335],[47.86758,29.3231],[47.8706,29.32313],[47.87275,29.32357],[47.87794,29.32533],[47.87917,29.32285],[47.87768,29.32238],[47.87828,29.32121],[47.88009,29.32187]]]}},{"type":"Feature","properties":{"id":"kw-area-relation-18018220","name_en":"Sulaibikhat","name_ar":"الصليبخات","feature_class":"area_admin_level_6","source":"OpenStreetMap (Geofabrik GCC extract dated 2026-09-22) intersected with OSM land polygons (osmdata.openstreetmap.de, coastline of 2026-09-23)","license":"ODbL 1.0 (c) OpenStreetMap contributors","parent_governorate_name_en":"Capital Governorate","area_km2":3.220365548180856},"geometry":{"type":"Polygon","coordinates":[[[47.86214,29.31078],[47.82893,29.31119],[47.82917,29.31787],[47.8295,29.32001],[47.83006,29.32133],[47.84322,29.32029],[47.8479,29.31908],[47.84992,29.31943],[47.85239,29.31952],[47.85537,29.31873],[47.85637,29.31925],[47.86315,29.31954],[47.86241,29.31597],[47.86214,29.31078]]]}},{"type":"Feature","properties":{"id":"kw-area-relation-18018221","name_en":"Doha","name_ar":"الدوحة","feature_class":"area_admin_level_6","source":"OpenStreetMap (Geofabrik GCC extract dated 2026-09-22) intersected with OSM land polygons (osmdata.openstreetmap.de, coastline of 2026-09-23)","license":"ODbL 1.0 (c) OpenStreetMap contributors","parent_governorate_name_en":"Capital Governorate","area_km2":5.941580083539844},"geometry":{"type":"Polygon","coordinates":[[[47.78534,29.32263],[47.78574,29.32431],[47.78638,29.32594],[47.7877,29.3281],[47.78958,29.33015],[47.79585,29.33443],[47.7976,29.33595],[47.79845,29.33508],[47.79908,29.33389],[47.79954,29.32804],[47.80005,29.32597],[47.80164,29.32241],[47.80202,29.32179],[47.80325,29.32074],[47.80352,29.32009],[47.82457,29.31986],[47.8295,29.32001],[47.82903,29.31575],[47.82893,29.31119],[47.7851,29.31167],[47.78534,29.32263]]]}},{"type":"Feature","properties":{"id":"kw-area-relation-18018223","name_en":"Doha Chalets","name_ar":"شاليهات الدوحة","feature_class":"area_admin_level_6","source":"OpenStreetMap (Geofabrik GCC extract dated 2026-09-22) intersected with OSM land polygons (osmdata.openstreetmap.de, coastline of 2026-09-23)","license":"ODbL 1.0 (c) OpenStreetMap contributors","parent_governorate_name_en":"Jahra Governorate","area_km2":0.6605155885059664},"geometry":{"type":"MultiPolygon","coordinates":[[[[47.77308,29.36858],[47.76709,29.36927],[47.76596,29.36713],[47.75325,29.37082],[47.75953,29.36902],[47.75793,29.37283],[47.75814,29.37403],[47.75762,29.37428],[47.75781,29.37471],[47.75864,29.37419],[47.76052,29.37365],[47.76121,29.37368],[47.76275,29.37164],[47.764,29.37099],[47.76376,29.37082],[47.7641,29.37061],[47.7647,29.37068],[47.76513,29.37099],[47.76625,29.37055],[47.76968,29.37048],[47.76951,29.37152],[47.76977,29.37181],[47.77032,29.37036],[47.77209,29.36984],[47.77532,29.37049],[47.77619,29.37088],[47.77623,29.37128],[47.77655,29.37143],[47.77691,29.36926],[47.77308,29.36858]]],[[[47.74428,29.37034],[47.74393,29.37037],[47.74358,29.37113],[47.74407,29.37125],[47.74412,29.37191],[47.74457,29.37196],[47.74415,29.37144],[47.74423,29.37107],[47.74484,29.37163],[47.7451,29.37107],[47.74526,29.3722],[47.74588,29.37238],[47.74609,29.37205],[47.74604,29.37134],[47.74535,29.37125],[47.74504,29.36998],[47.74793,29.37155],[47.74613,29.3723],[47.74617,29.37267],[47.74675,29.37318],[47.7471,29.37303],[47.74739,29.37235],[47.74803,29.37182],[47.74855,29.37182],[47.74808,29.37287],[47.74782,29.37283],[47.74708,29.37351],[47.74678,29.37328],[47.74727,29.37396],[47.74851,29.37416],[47.75021,29.37407],[47.74992,29.37367],[47.74985,29.37382],[47.74801,29.37396],[47.74797,29.3733],[47.74877,29.37187],[47.74951,29.37188],[47.75118,29.37149],[47.75445,29.37473],[47.75423,29.37504],[47.75348,29.3746],[47.75312,29.37469],[47.75256,29.37415],[47.7529,29.37401],[47.7511,29.37312],[47.75109,29.3733],[47.75203,29.37371],[47.75281,29.3745],[47.75289,29.37552],[47.75441,29.37636],[47.75513,29.37575],[47.75665,29.37541],[47.75641,29.37479],[47.75658,29.37348],[47.75621,29.37428],[47.75549,29.37418],[47.75474,29.37462],[47.75173,29.37158],[47.75179,29.37123],[47.74959,29.37184],[47.74836,29.37151],[47.745,29.36967],[47.74428,29.37034]]]]}},{"type":"Feature","properties":{"id":"kw-area-relation-18018224","name_en":null,"name_ar":null,"feature_class":"area_admin_level_6","source":"OpenStreetMap (Geofabrik GCC extract dated 2026-09-22) intersected with OSM land polygons (osmdata.openstreetmap.de, coastline of 2026-09-23)","license":"ODbL 1.0 (c) OpenStreetMap contributors","parent_governorate_name_en":"Jahra Governorate","area_km2":14.974231952175247},"geometry":{"type":"MultiPolygon","coordinates":[[[[47.78134,29.33154],[47.78803,29.33726],[47.7887,29.3381],[47.78891,29.33995],[47.79155,29.33994],[47.79258,29.3396],[47.7976,29.33595],[47.79585,29.33443],[47.78958,29.33015],[47.7877,29.3281],[47.78638,29.32594],[47.78574,29.32431],[47.78523,29.3217],[47.7851,29.31167],[47.77962,29.31176],[47.77593,29.3124],[47.77235,29.31377],[47.71335,29.34074],[47.72633,29.35658],[47.72721,29.35602],[47.7293,29.35656],[47.7297,29.3569],[47.73008,29.35813],[47.73221,29.35922],[47.73227,29.35946],[47.73206,29.35951],[47.73289,29.35983],[47.73357,29.36067],[47.73527,29.36153],[47.73601,29.36228],[47.73984,29.36497],[47.74212,29.36567],[47.7431,29.36638],[47.74363,29.36752],[47.74168,29.36893],[47.74142,29.36877],[47.7416,29.36907],[47.74229,29.36948],[47.74395,29.36803],[47.74481,29.36941],[47.74434,29.36968],[47.74461,29.36978],[47.74455,29.36996],[47.745,29.36967],[47.74836,29.37151],[47.74959,29.37184],[47.76119,29.36851],[47.76065,29.36223],[47.75212,29.36235],[47.73158,29.34664],[47.73393,29.34489],[47.76395,29.33002],[47.76652,29.32914],[47.7675,29.32839],[47.77822,29.32312],[47.78042,29.32786],[47.78134,29.33154]]],[[[47.7435,29.37072],[47.74277,29.37069],[47.74187,29.37022],[47.74174,29.36964],[47.74146,29.36973],[47.74175,29.37025],[47.74238,29.37069],[47.74358,29.37113],[47.74386,29.37034],[47.7435,29.37072]]]]}},{"type":"Feature","properties":{"id":"kw-area-relation-18018225","name_en":"Doha Port","name_ar":"ميناء الدوحة","feature_class":"area_admin_level_6","source":"OpenStreetMap (Geofabrik GCC extract dated 2026-09-22) intersected with OSM land polygons (osmdata.openstreetmap.de, coastline of 2026-09-23)","license":"ODbL 1.0 (c) OpenStreetMap contributors","parent_governorate_name_en":"Capital Governorate","area_km2":20.40098968888905},"geometry":{"type":"MultiPolygon","coordinates":[[[[47.76596,29.36713],[47.76709,29.36927],[47.77308,29.36858],[47.77691,29.36926],[47.77655,29.37143],[47.78195,29.373],[47.78289,29.37427],[47.78272,29.37634],[47.78391,29.3765],[47.78486,29.3711],[47.78674,29.3707],[47.78733,29.37087],[47.78755,29.37127],[47.78809,29.37156],[47.78733,29.37696],[47.79039,29.37738],[47.79313,29.37868],[47.79261,29.38383],[47.79138,29.38661],[47.7916,29.38671],[47.7929,29.38383],[47.79474,29.37267],[47.79545,29.37082],[47.79601,29.37039],[47.79693,29.37098],[47.79708,29.37147],[47.79904,29.37128],[47.80041,29.37193],[47.79988,29.37783],[47.7955,29.3812],[47.79494,29.3826],[47.79505,29.3833],[47.79859,29.38661],[47.79891,29.38629],[47.7984,29.38637],[47.79739,29.38536],[47.7978,29.38505],[47.79696,29.38417],[47.79728,29.38336],[47.79556,29.38276],[47.79572,29.38236],[47.79668,29.38265],[47.79685,29.38228],[47.7959,29.38191],[47.79607,29.38151],[47.79704,29.38184],[47.79738,29.381],[47.79774,29.38112],[47.7974,29.38197],[47.7976,29.38204],[47.79795,29.38118],[47.79833,29.38128],[47.79799,29.38214],[47.79819,29.38221],[47.79854,29.38135],[47.79891,29.38147],[47.79856,29.38233],[47.79887,29.38243],[47.79965,29.38184],[47.7999,29.38212],[47.7991,29.38269],[47.79929,29.38281],[47.80006,29.38225],[47.80031,29.38251],[47.79958,29.38308],[47.79972,29.38321],[47.80045,29.38265],[47.80071,29.38294],[47.79999,29.38346],[47.80014,29.3836],[47.80086,29.38308],[47.80112,29.38334],[47.80041,29.38386],[47.80118,29.3848],[47.80209,29.38237],[47.79996,29.3801],[47.80021,29.37954],[47.79995,29.37926],[47.80071,29.37165],[47.80156,29.37139],[47.80349,29.37145],[47.80337,29.37113],[47.80385,29.37051],[47.80503,29.3712],[47.80549,29.37218],[47.806,29.37249],[47.81687,29.37649],[47.82217,29.37814],[47.82406,29.37917],[47.82606,29.3799],[47.82929,29.38094],[47.829,29.38065],[47.82902,29.38047],[47.82921,29.38054],[47.83013,29.38132],[47.83587,29.38337],[47.83667,29.38427],[47.83801,29.38496],[47.83865,29.38606],[47.83817,29.38808],[47.83738,29.38912],[47.83453,29.38934],[47.83306,29.39105],[47.83307,29.39129],[47.83562,29.39122],[47.83556,29.3918],[47.8319,29.39199],[47.83188,29.39218],[47.83249,29.39238],[47.83206,29.3929],[47.8332,29.39212],[47.83377,29.39212],[47.83385,29.39251],[47.83456,29.39197],[47.83518,29.39207],[47.83519,29.39238],[47.83406,29.39352],[47.832,29.39358],[47.83204,29.39376],[47.83331,29.39375],[47.83384,29.39395],[47.83296,29.39525],[47.83496,29.39303],[47.8353,29.39277],[47.83583,29.39282],[47.83543,29.39267],[47.83554,29.39219],[47.83828,29.38848],[47.83908,29.38596],[47.83984,29.38595],[47.84097,29.38627],[47.84144,29.38695],[47.8399,29.38986],[47.83996,29.39045],[47.84089,29.39025],[47.84144,29.38922],[47.84114,29.38866],[47.84127,29.38784],[47.8419,29.38765],[47.84211,29.38778],[47.84249,29.38675],[47.84321,29.38666],[47.84733,29.38714],[47.8474,29.38643],[47.8486,29.38611],[47.84759,29.38418],[47.84836,29.38133],[47.84822,29.38093],[47.84712,29.38066],[47.84605,29.38091],[47.84464,29.38005],[47.83808,29.37725],[47.83701,29.37686],[47.83527,29.37687],[47.83385,29.3764],[47.8291,29.37349],[47.82639,29.37281],[47.82578,29.37232],[47.82545,29.37246],[47.82533,29.37195],[47.82218,29.36942],[47.81999,29.36676],[47.81829,29.36596],[47.81837,29.36508],[47.81889,29.36472],[47.81866,29.36433],[47.81767,29.36421],[47.81646,29.36449],[47.81636,29.36396],[47.81932,29.36335],[47.81947,29.3631],[47.81916,29.36247],[47.81939,29.3623],[47.81909,29.36226],[47.81924,29.36198],[47.81897,29.36179],[47.81844,29.36184],[47.81733,29.3627],[47.81597,29.36288],[47.81576,29.36272],[47.81613,29.36238],[47.8169,29.3623],[47.81662,29.36168],[47.81657,29.36054],[47.81682,29.35838],[47.81719,29.35733],[47.81715,29.35807],[47.81753,29.35849],[47.81768,29.35764],[47.81805,29.35715],[47.81914,29.3571],[47.81819,29.35655],[47.82006,29.35702],[47.82318,29.35725],[47.82348,29.35709],[47.82419,29.35632],[47.82497,29.35429],[47.82527,29.35417],[47.82571,29.34953],[47.82481,29.3472],[47.82391,29.34678],[47.8229,29.34561],[47.82231,29.34538],[47.82184,29.34472],[47.82146,29.34466],[47.82055,29.34357],[47.82076,29.34338],[47.82154,29.34362],[47.8222,29.34321],[47.82189,29.34223],[47.82099,29.34229],[47.82068,29.34291],[47.8202,29.34296],[47.82027,29.34243],[47.81994,29.34208],[47.81967,29.34091],[47.81981,29.33826],[47.8192,29.33576],[47.81849,29.3347],[47.79995,29.3354],[47.79845,29.33508],[47.7976,29.33595],[47.79351,29.33907],[47.79209,29.33979],[47.78096,29.3406],[47.78252,29.35887],[47.77478,29.3594],[47.76551,29.36076],[47.76563,29.36214],[47.76382,29.36248],[47.76329,29.36108],[47.76248,29.3612],[47.76262,29.3622],[47.76065,29.36223],[47.76119,29.36851],[47.76596,29.36713]]],[[[47.80055,29.38563],[47.79934,29.38702],[47.79944,29.38708],[47.80055,29.38563]]],[[[47.83616,29.39289],[47.83685,29.39303],[47.83733,29.39293],[47.83616,29.39289]]]]}},{"type":"Feature","properties":{"id":"kw-area-relation-18018226","name_en":"Jaber Al-Ahmad","name_ar":"جابر الأحمد","feature_class":"area_admin_level_6","source":"OpenStreetMap (Geofabrik GCC extract dated 2026-09-22) intersected with OSM land polygons (osmdata.openstreetmap.de, coastline of 2026-09-23)","license":"ODbL 1.0 (c) OpenStreetMap contributors","parent_governorate_name_en":"Capital Governorate","area_km2":13.42238370419785},"geometry":{"type":"Polygon","coordinates":[[[47.73158,29.34664],[47.75212,29.36235],[47.76262,29.3622],[47.76248,29.3612],[47.76329,29.36108],[47.76382,29.36248],[47.76563,29.36214],[47.76551,29.36076],[47.77478,29.3594],[47.78252,29.35887],[47.78096,29.3406],[47.78891,29.33995],[47.7887,29.3381],[47.78803,29.33726],[47.78134,29.33154],[47.78042,29.32786],[47.77822,29.32312],[47.7675,29.32839],[47.76652,29.32914],[47.76395,29.33002],[47.73393,29.34489],[47.73158,29.34664]]]}},{"type":"Feature","properties":{"id":"kw-area-relation-18018339","name_en":"Dasman","name_ar":"دسمان","feature_class":"area_admin_level_6","source":"OpenStreetMap (Geofabrik GCC extract dated 2026-09-22) intersected with OSM land polygons (osmdata.openstreetmap.de, coastline of 2026-09-23)","license":"ODbL 1.0 (c) OpenStreetMap contributors","parent_governorate_name_en":"Capital Governorate","area_km2":0.9812845132343044},"geometry":{"type":"Polygon","coordinates":[[[47.99706,29.381],[47.99356,29.39159],[47.9948,29.39172],[47.99682,29.39158],[47.99958,29.3921],[47.99985,29.39142],[48.0009,29.391],[48.00249,29.39143],[48.00347,29.39197],[48.00398,29.39259],[48.00358,29.39272],[48.00343,29.39312],[48.00359,29.39328],[48.00424,29.39329],[48.00552,29.39251],[48.00579,29.39197],[48.00574,29.39105],[48.00367,29.38893],[48.00426,29.38813],[48.00369,29.38744],[48.00366,29.38667],[48.00371,29.38514],[48.00417,29.38494],[48.00418,29.38472],[48.00389,29.38459],[48.00421,29.38243],[48.0017,29.38219],[47.99706,29.381]]]}},{"type":"Feature","properties":{"id":"kw-area-relation-18018358","name_en":"Shuwaikh Medical","name_ar":"الشويخ الصحية","feature_class":"area_admin_level_6","source":"OpenStreetMap (Geofabrik GCC extract dated 2026-09-22) intersected with OSM land polygons (osmdata.openstreetmap.de, coastline of 2026-09-23)","license":"ODbL 1.0 (c) OpenStreetMap contributors","parent_governorate_name_en":"Capital Governorate","area_km2":4.745371933833937},"geometry":{"type":"Polygon","coordinates":[[[47.90525,29.33211],[47.90775,29.33329],[47.91281,29.32344],[47.89516,29.31523],[47.88577,29.31037],[47.88278,29.31527],[47.88215,29.31758],[47.88009,29.32187],[47.87828,29.32121],[47.87768,29.32238],[47.87917,29.32285],[47.8778,29.32563],[47.88132,29.32725],[47.884,29.32763],[47.88437,29.32749],[47.88624,29.3255],[47.88705,29.32556],[47.88959,29.32682],[47.89024,29.32788],[47.89022,29.32843],[47.89082,29.3285],[47.89112,29.32889],[47.8924,29.32953],[47.89778,29.33348],[47.90002,29.334],[47.90248,29.33484],[47.90274,29.33513],[47.90366,29.33467],[47.90525,29.33211]]]}},{"type":"Feature","properties":{"id":"kw-area-relation-18018360","name_en":"Free Zone - Phaze 2","name_ar":"المنطقة الحرة - مرحلة 2","feature_class":"area_admin_level_6","source":"OpenStreetMap (Geofabrik GCC extract dated 2026-09-22) intersected with OSM land polygons (osmdata.openstreetmap.de, coastline of 2026-09-23)","license":"ODbL 1.0 (c) OpenStreetMap contributors","parent_governorate_name_en":"Capital Governorate","area_km2":1.1941306003292966},"geometry":{"type":"Polygon","coordinates":[[[47.90504,29.35859],[47.90753,29.35974],[47.9091,29.35786],[47.91324,29.35189],[47.91522,29.35009],[47.9205,29.3468],[47.92283,29.34373],[47.92221,29.34363],[47.91793,29.34451],[47.91752,29.34489],[47.91555,29.34547],[47.91299,29.34729],[47.90055,29.35434],[47.90053,29.35501],[47.90096,29.35551],[47.90504,29.35859]]]}},{"type":"Feature","properties":{"id":"kw-area-relation-18018361","name_en":"Shuwaikh Educational","name_ar":"الشويخ التعليمية","feature_class":"area_admin_level_6","source":"OpenStreetMap (Geofabrik GCC extract dated 2026-09-22) intersected with OSM land polygons (osmdata.openstreetmap.de, coastline of 2026-09-23)","license":"ODbL 1.0 (c) OpenStreetMap contributors","parent_governorate_name_en":"Capital Governorate","area_km2":3.8396971912725473},"geometry":{"type":"Polygon","coordinates":[[[47.91752,29.34489],[47.91793,29.34451],[47.92221,29.34363],[47.92283,29.34373],[47.93075,29.33185],[47.91281,29.32344],[47.90775,29.33329],[47.90525,29.33211],[47.90366,29.33467],[47.90274,29.33513],[47.90298,29.33564],[47.90244,29.33681],[47.90264,29.33711],[47.90392,29.33769],[47.90489,29.33754],[47.90525,29.33789],[47.90588,29.3379],[47.90494,29.3393],[47.90518,29.34007],[47.90558,29.34021],[47.90684,29.34173],[47.90779,29.34189],[47.91062,29.34349],[47.91019,29.34411],[47.91033,29.34431],[47.91123,29.34372],[47.91187,29.34427],[47.91433,29.34495],[47.91462,29.3453],[47.91598,29.34544],[47.91752,29.34489]]]}},{"type":"Feature","properties":{"id":"kw-area-relation-18020590","name_en":"South-Sabahiya","name_ar":"جنوب الصباحية","feature_class":"area_admin_level_6","source":"OpenStreetMap (Geofabrik GCC extract dated 2026-09-22) intersected with OSM land polygons (osmdata.openstreetmap.de, coastline of 2026-09-23)","license":"ODbL 1.0 (c) OpenStreetMap contributors","parent_governorate_name_en":"Ahmadi Governorate","area_km2":4.3696848468094664},"geometry":{"type":"Polygon","coordinates":[[[48.10886,29.06169],[48.10512,29.06166],[48.09812,29.06329],[48.09953,29.07221],[48.09976,29.07807],[48.09928,29.08546],[48.098,29.09338],[48.11584,29.09075],[48.11502,29.08556],[48.10886,29.06169]]]}},{"type":"Feature","properties":{"id":"kw-area-relation-18020591","name_en":"Fahaheel","name_ar":"الفحيحيل","feature_class":"area_admin_level_6","source":"OpenStreetMap (Geofabrik GCC extract dated 2026-09-22) intersected with OSM land polygons (osmdata.openstreetmap.de, coastline of 2026-09-23)","license":"ODbL 1.0 (c) OpenStreetMap contributors","parent_governorate_name_en":"Ahmadi Governorate","area_km2":5.968662532494657},"geometry":{"type":"Polygon","coordinates":[[[48.1425,29.0811],[48.1428,29.08049],[48.1434,29.08068],[48.14361,29.08006],[48.14201,29.07948],[48.14273,29.07809],[48.14333,29.07818],[48.14345,29.07803],[48.14246,29.07729],[48.14304,29.07621],[48.13627,29.07198],[48.12592,29.07022],[48.11458,29.07129],[48.11335,29.07152],[48.11149,29.07226],[48.11502,29.08556],[48.11584,29.09075],[48.12196,29.09132],[48.13989,29.09243],[48.14011,29.09235],[48.14042,29.09136],[48.14088,29.09112],[48.14004,29.09045],[48.14022,29.08637],[48.14081,29.08588],[48.14044,29.08562],[48.14059,29.08431],[48.14081,29.08351],[48.14121,29.08314],[48.14063,29.08259],[48.14119,29.08108],[48.14253,29.08184],[48.14277,29.0813],[48.14294,29.08135],[48.1425,29.0811]]]}},{"type":"Feature","properties":{"id":"kw-area-relation-18020592","name_en":"Mangaf","name_ar":"المنقف","feature_class":"area_admin_level_6","source":"OpenStreetMap (Geofabrik GCC extract dated 2026-09-22) intersected with OSM land polygons (osmdata.openstreetmap.de, coastline of 2026-09-23)","license":"ODbL 1.0 (c) OpenStreetMap contributors","parent_governorate_name_en":"Ahmadi Governorate","area_km2":6.437281040475061},"geometry":{"type":"Polygon","coordinates":[[[48.13699,29.11813],[48.1374,29.11751],[48.13797,29.11755],[48.13764,29.11608],[48.13815,29.11538],[48.13772,29.11323],[48.13781,29.11073],[48.13802,29.10988],[48.13843,29.10981],[48.13846,29.10942],[48.13802,29.10928],[48.13789,29.10733],[48.13838,29.10533],[48.1392,29.10493],[48.13864,29.09846],[48.13884,29.0945],[48.13899,29.09333],[48.13989,29.09243],[48.12196,29.09132],[48.11584,29.09075],[48.118,29.10549],[48.11832,29.10907],[48.11819,29.11164],[48.11706,29.11927],[48.1217,29.11922],[48.13311,29.12102],[48.13712,29.12144],[48.13705,29.12104],[48.1373,29.12079],[48.13699,29.11813]]]}},{"type":"Feature","properties":{"id":"kw-area-relation-18020594","name_en":"Fahad Al-Ahmad","name_ar":"فهد الأحمد","feature_class":"area_admin_level_6","source":"OpenStreetMap (Geofabrik GCC extract dated 2026-09-22) intersected with OSM land polygons (osmdata.openstreetmap.de, coastline of 2026-09-23)","license":"ODbL 1.0 (c) OpenStreetMap contributors","parent_governorate_name_en":"Ahmadi Governorate","area_km2":3.194957267777763},"geometry":{"type":"Polygon","coordinates":[[[48.10683,29.12102],[48.09891,29.1224],[48.09301,29.12309],[48.09141,29.13094],[48.098,29.13249],[48.10158,29.13402],[48.11194,29.13598],[48.11439,29.13664],[48.11706,29.11927],[48.11471,29.11969],[48.11137,29.12073],[48.10683,29.12102]]]}},{"type":"Feature","properties":{"id":"kw-area-relation-18020595","name_en":"Hadiya","name_ar":"هدية","feature_class":"area_admin_level_6","source":"OpenStreetMap (Geofabrik GCC extract dated 2026-09-22) intersected with OSM land polygons (osmdata.openstreetmap.de, coastline of 2026-09-23)","license":"ODbL 1.0 (c) OpenStreetMap contributors","parent_governorate_name_en":"Ahmadi Governorate","area_km2":3.8930257121132312},"geometry":{"type":"Polygon","coordinates":[[[48.1027,29.13423],[48.10086,29.13381],[48.09852,29.13266],[48.09141,29.13094],[48.0895,29.1358],[48.08279,29.14682],[48.079,29.15485],[48.082,29.15591],[48.08482,29.15652],[48.0937,29.15796],[48.09948,29.14543],[48.10055,29.14245],[48.1027,29.13423]]]}},{"type":"Feature","properties":{"id":"kw-area-relation-18020596","name_en":"Riqqa","name_ar":"الرقة","feature_class":"area_admin_level_6","source":"OpenStreetMap (Geofabrik GCC extract dated 2026-09-22) intersected with OSM land polygons (osmdata.openstreetmap.de, coastline of 2026-09-23)","license":"ODbL 1.0 (c) OpenStreetMap contributors","parent_governorate_name_en":"Ahmadi Governorate","area_km2":3.7219757586678415},"geometry":{"type":"Polygon","coordinates":[[[48.0937,29.15796],[48.11047,29.16066],[48.11126,29.15687],[48.11439,29.13664],[48.11194,29.13598],[48.1027,29.13423],[48.10055,29.14245],[48.0989,29.1469],[48.0937,29.15796]]]}},{"type":"Feature","properties":{"id":"kw-area-relation-18020601","name_en":"Dahar","name_ar":"الظهر","feature_class":"area_admin_level_6","source":"OpenStreetMap (Geofabrik GCC extract dated 2026-09-22) intersected with OSM land polygons (osmdata.openstreetmap.de, coastline of 2026-09-23)","license":"ODbL 1.0 (c) OpenStreetMap contributors","parent_governorate_name_en":"Ahmadi Governorate","area_km2":3.5671050285265444},"geometry":{"type":"Polygon","coordinates":[[[48.06284,29.17416],[48.06893,29.17627],[48.079,29.15485],[48.06994,29.15162],[48.06438,29.1568],[48.06182,29.1588],[48.0607,29.15884],[48.06029,29.1592],[48.05455,29.17153],[48.05441,29.17297],[48.05997,29.17349],[48.06284,29.17416]]]}},{"type":"Feature","properties":{"id":"kw-area-relation-18023222","name_en":"Shuaiba","name_ar":"الشعيبة","feature_class":"area_admin_level_6","source":"OpenStreetMap (Geofabrik GCC extract dated 2026-09-22) intersected with OSM land polygons (osmdata.openstreetmap.de, coastline of 2026-09-23)","license":"ODbL 1.0 (c) OpenStreetMap contributors","parent_governorate_name_en":"Ahmadi Governorate","area_km2":16.023955468575327},"geometry":{"type":"Polygon","coordinates":[[[48.1053,29.0366],[48.10263,29.03618],[48.09234,29.03322],[48.09812,29.06329],[48.10512,29.06166],[48.10886,29.06169],[48.11149,29.07226],[48.11335,29.07152],[48.11458,29.07129],[48.12592,29.07022],[48.13627,29.07198],[48.13684,29.07138],[48.14505,29.06986],[48.14847,29.07023],[48.14931,29.07051],[48.14979,29.06982],[48.14962,29.06939],[48.14986,29.06921],[48.15026,29.06581],[48.15066,29.06444],[48.15153,29.0632],[48.15246,29.06334],[48.15261,29.06291],[48.15105,29.06233],[48.15234,29.05957],[48.15448,29.06032],[48.15483,29.05959],[48.1568,29.06031],[48.15782,29.0596],[48.1527,29.05798],[48.15282,29.05616],[48.15229,29.05593],[48.15218,29.05506],[48.1522,29.05316],[48.15248,29.05217],[48.15201,29.05137],[48.15228,29.0509],[48.15224,29.05069],[48.15013,29.05064],[48.15022,29.04603],[48.12069,29.04565],[48.11385,29.0458],[48.11503,29.0431],[48.11845,29.03686],[48.1053,29.0366]]]}},{"type":"Feature","properties":{"id":"kw-area-relation-18023539","name_en":"Shalehat Jlea'a","name_ar":"شاليهات الجليعة","feature_class":"area_admin_level_6","source":"OpenStreetMap (Geofabrik GCC extract dated 2026-09-22) intersected with OSM land polygons (osmdata.openstreetmap.de, coastline of 2026-09-23)","license":"ODbL 1.0 (c) OpenStreetMap contributors","parent_governorate_name_en":"Ahmadi Governorate","area_km2":3.845882321452757},"geometry":{"type":"Polygon","coordinates":[[[48.23291,28.8939],[48.23631,28.89692],[48.2384,28.8953],[48.24244,28.89296],[48.24649,28.89114],[48.24848,28.89052],[48.2518,28.88889],[48.25376,28.88823],[48.25776,28.88729],[48.25958,28.88648],[48.26495,28.88532],[48.27524,28.88385],[48.28144,28.88369],[48.28533,28.88257],[48.28574,28.88204],[48.28987,28.87996],[48.28931,28.87912],[48.28928,28.87852],[48.28896,28.87827],[48.28901,28.87778],[48.28845,28.87743],[48.28663,28.87458],[48.28523,28.87043],[48.28014,28.87135],[48.27927,28.87827],[48.24593,28.8834],[48.23291,28.8939]]]}},{"type":"Feature","properties":{"id":"kw-area-relation-18023540","name_en":"Mina Abdullah Refinery (MAB)","name_ar":"ميناء عبدالله","feature_class":"area_admin_level_6","source":"OpenStreetMap (Geofabrik GCC extract dated 2026-09-22) intersected with OSM land polygons (osmdata.openstreetmap.de, coastline of 2026-09-23)","license":"ODbL 1.0 (c) OpenStreetMap contributors","parent_governorate_name_en":"Ahmadi Governorate","area_km2":8.332934862200695},"geometry":{"type":"Polygon","coordinates":[[[48.13504,29.00666],[48.12773,29.01994],[48.15889,29.01923],[48.15891,29.01768],[48.15961,29.01742],[48.15928,29.01687],[48.15925,29.01586],[48.15969,29.01565],[48.15964,29.0144],[48.16016,29.01197],[48.16252,29.00396],[48.16221,29.003],[48.16246,29.00231],[48.1617,29.00231],[48.16675,28.98791],[48.14941,28.98807],[48.13504,29.00666]]]}},{"type":"Feature","properties":{"id":"kw-area-relation-18023541","name_en":"Mina Abdulla","name_ar":"ميناء عبدالله","feature_class":"area_admin_level_6","source":"OpenStreetMap (Geofabrik GCC extract dated 2026-09-22) intersected with OSM land polygons (osmdata.openstreetmap.de, coastline of 2026-09-23)","license":"ODbL 1.0 (c) OpenStreetMap contributors","parent_governorate_name_en":"Ahmadi Governorate","area_km2":22.608535384576466},"geometry":{"type":"Polygon","coordinates":[[[48.11986,28.96226],[48.12234,28.95942],[48.11477,28.94525],[48.10492,28.94781],[48.10595,28.95412],[48.07263,28.95429],[48.07259,28.96947],[48.0739,29.01343],[48.09289,29.01361],[48.0937,29.00996],[48.09546,29.00479],[48.09853,28.99767],[48.11027,28.97695],[48.11594,28.96752],[48.11986,28.96226]]]}},{"type":"Feature","properties":{"id":"kw-area-relation-18023544","name_en":"Az Zour - Sulah","name_ar":"الزور وصولة","feature_class":"area_admin_level_6","source":"OpenStreetMap (Geofabrik GCC extract dated 2026-09-22) intersected with OSM land polygons (osmdata.openstreetmap.de, coastline of 2026-09-23)","license":"ODbL 1.0 (c) OpenStreetMap contributors","parent_governorate_name_en":"Ahmadi Governorate","area_km2":101.3525753761052},"geometry":{"type":"Polygon","coordinates":[[[48.2719,28.79652],[48.27133,28.79821],[48.22493,28.88876],[48.23291,28.8939],[48.24593,28.8834],[48.27927,28.87827],[48.28014,28.87135],[48.28523,28.87043],[48.28457,28.86869],[48.28467,28.868],[48.28422,28.86808],[48.28388,28.86758],[48.28404,28.86556],[48.28257,28.86573],[48.28164,28.86183],[48.28265,28.86163],[48.28258,28.86135],[48.28158,28.86145],[48.28151,28.86111],[48.28214,28.86097],[48.28127,28.85941],[48.28075,28.85576],[48.27835,28.85572],[48.27772,28.84633],[48.27833,28.83834],[48.27751,28.82497],[48.27724,28.81547],[48.27635,28.81161],[48.28426,28.79214],[48.28695,28.78886],[48.29237,28.78079],[48.2942,28.77913],[48.29509,28.77685],[48.29777,28.77448],[48.29974,28.77182],[48.30356,28.7678],[48.30765,28.76486],[48.31721,28.75961],[48.34308,28.74471],[48.34453,28.74719],[48.35186,28.74462],[48.358,28.74295],[48.36554,28.74175],[48.37116,28.74163],[48.37964,28.74204],[48.38174,28.74197],[48.38205,28.74177],[48.38334,28.74188],[48.38819,28.74265],[48.39433,28.7443],[48.39517,28.7444],[48.39582,28.74415],[48.39565,28.74355],[48.3938,28.74119],[48.39238,28.73868],[48.39028,28.73494],[48.39004,28.73392],[48.38968,28.73335],[48.38919,28.73311],[48.38358,28.72138],[48.38321,28.72014],[48.38232,28.7188],[48.38143,28.71555],[48.38166,28.71435],[48.38231,28.71424],[48.38178,28.71396],[48.38122,28.714],[48.38066,28.71287],[48.38049,28.71131],[48.38081,28.71089],[48.38081,28.71007],[48.37971,28.70721],[48.38027,28.70682],[48.3815,28.70652],[48.38142,28.70624],[48.38039,28.7065],[48.38031,28.7058],[48.37967,28.70665],[48.37775,28.70711],[48.3771,28.70538],[48.37966,28.70474],[48.37979,28.70534],[48.38015,28.70491],[48.37994,28.70431],[48.38076,28.70411],[48.38067,28.70384],[48.37978,28.70406],[48.37938,28.70279],[48.37963,28.70183],[48.37918,28.69956],[48.37968,28.69904],[48.37841,28.69787],[48.35944,28.70345],[48.35819,28.69915],[48.3583,28.69641],[48.35214,28.67709],[48.34461,28.68003],[48.34186,28.6807],[48.33807,28.6812],[48.33386,28.68121],[48.31688,28.6798],[48.31444,28.68784],[48.29625,28.68516],[48.2719,28.79652]]]}},{"type":"Feature","properties":{"id":"kw-area-relation-18023547","name_en":"Shalehat Dba'ayeh","name_ar":"شاليهات الضباعية","feature_class":"area_admin_level_6","source":"OpenStreetMap (Geofabrik GCC extract dated 2026-09-22) intersected with OSM land polygons (osmdata.openstreetmap.de, coastline of 2026-09-23)","license":"ODbL 1.0 (c) OpenStreetMap contributors","parent_governorate_name_en":"Ahmadi Governorate","area_km2":7.760658402808035},"geometry":{"type":"Polygon","coordinates":[[[48.23629,28.89691],[48.23291,28.8939],[48.22493,28.88876],[48.21473,28.90825],[48.2105,28.91415],[48.20723,28.91759],[48.20129,28.92243],[48.19527,28.92604],[48.19084,28.92807],[48.18805,28.92908],[48.18162,28.93086],[48.18277,28.93466],[48.18333,28.93793],[48.18396,28.93878],[48.18513,28.9397],[48.18436,28.94063],[48.19833,28.94655],[48.20026,28.94458],[48.20068,28.94375],[48.20277,28.94171],[48.20314,28.94072],[48.20598,28.93671],[48.2076,28.92988],[48.20877,28.92696],[48.20912,28.92491],[48.21066,28.92204],[48.2105,28.92034],[48.21183,28.91815],[48.21366,28.9162],[48.21452,28.91559],[48.21499,28.91482],[48.21738,28.91314],[48.21854,28.91187],[48.22007,28.91109],[48.22375,28.90818],[48.22609,28.9066],[48.23107,28.90443],[48.23148,28.90406],[48.23221,28.90396],[48.23242,28.90354],[48.23163,28.90326],[48.23133,28.90274],[48.23195,28.901],[48.23267,28.90044],[48.23325,28.89954],[48.23367,28.8996],[48.2342,28.89869],[48.23462,28.8987],[48.23517,28.89771],[48.23629,28.89691]]]}},{"type":"Feature","properties":{"id":"kw-area-relation-18023548","name_en":"Shalehat Mina Abdullah","name_ar":"شاليهات ميناء عبدالله","feature_class":"area_admin_level_6","source":"OpenStreetMap (Geofabrik GCC extract dated 2026-09-22) intersected with OSM land polygons (osmdata.openstreetmap.de, coastline of 2026-09-23)","license":"ODbL 1.0 (c) OpenStreetMap contributors","parent_governorate_name_en":"Ahmadi Governorate","area_km2":8.202159379429368},"geometry":{"type":"Polygon","coordinates":[[[48.14941,28.98807],[48.16675,28.98791],[48.1617,29.00231],[48.16394,29.00228],[48.16549,28.9985],[48.16935,28.98742],[48.1723,28.9822],[48.17318,28.98152],[48.17307,28.98101],[48.17396,28.98132],[48.17445,28.98026],[48.1749,28.98016],[48.1736,28.97963],[48.17364,28.97897],[48.17526,28.97373],[48.17753,28.96904],[48.1806,28.96381],[48.1832,28.96021],[48.18368,28.96003],[48.18556,28.96058],[48.18475,28.96004],[48.18464,28.96026],[48.1831,28.95968],[48.18285,28.95921],[48.18312,28.95874],[48.18384,28.95916],[48.18591,28.9599],[48.18582,28.95964],[48.18564,28.95978],[48.1834,28.95868],[48.18377,28.95723],[48.18446,28.95636],[48.18759,28.9537],[48.19253,28.95113],[48.19833,28.94655],[48.18436,28.94063],[48.16828,28.95953],[48.16665,28.96215],[48.16061,28.97344],[48.14941,28.98807]]]}},{"type":"Feature","properties":{"id":"kw-area-relation-18023619","name_en":"Sabah Al-Ahmad","name_ar":"صباح الأحمد","feature_class":"area_admin_level_6","source":"OpenStreetMap (Geofabrik GCC extract dated 2026-09-22) intersected with OSM land polygons (osmdata.openstreetmap.de, coastline of 2026-09-23)","license":"ODbL 1.0 (c) OpenStreetMap contributors","parent_governorate_name_en":"Ahmadi Governorate","area_km2":40.34973571520773},"geometry":{"type":"Polygon","coordinates":[[[48.04608,28.80958],[48.04792,28.81268],[48.109,28.81272],[48.07826,28.75509],[48.07157,28.74152],[48.02617,28.75967],[48.02072,28.76214],[48.03663,28.79158],[48.04608,28.80958]]]}},{"type":"Feature","properties":{"id":"kw-area-relation-18023620","name_en":"South of Sabah Al-Ahmad City","name_ar":"جنوب مدينه صباح الاحمد","feature_class":"area_admin_level_6","source":"OpenStreetMap (Geofabrik GCC extract dated 2026-09-22) intersected with OSM land polygons (osmdata.openstreetmap.de, coastline of 2026-09-23)","license":"ODbL 1.0 (c) OpenStreetMap contributors","parent_governorate_name_en":"Ahmadi Governorate","area_km2":64.67284872502479},"geometry":{"type":"Polygon","coordinates":[[[48.09254,28.76476],[48.09854,28.76264],[48.10556,28.76107],[48.1151,28.76013],[48.12471,28.76101],[48.13035,28.76238],[48.13666,28.7645],[48.15451,28.77223],[48.1562,28.77227],[48.15908,28.77125],[48.15955,28.77086],[48.19942,28.69812],[48.14434,28.67348],[48.1234,28.71173],[48.1203,28.71609],[48.11553,28.72125],[48.10969,28.72604],[48.10613,28.72832],[48.10334,28.72977],[48.09005,28.73557],[48.07219,28.74271],[48.07826,28.75509],[48.08516,28.76807],[48.09254,28.76476]],[[48.09573,28.76004],[48.08022,28.75334],[48.08773,28.73942],[48.10357,28.74588],[48.09573,28.76004]]]}},{"type":"Feature","properties":{"id":"kw-area-relation-18023621","name_en":"Shadadiya Industrial","name_ar":null,"feature_class":"area_admin_level_6","source":"OpenStreetMap (Geofabrik GCC extract dated 2026-09-22) intersected with OSM land polygons (osmdata.openstreetmap.de, coastline of 2026-09-23)","license":"ODbL 1.0 (c) OpenStreetMap contributors","parent_governorate_name_en":"Ahmadi Governorate","area_km2":13.52156535746703},"geometry":{"type":"Polygon","coordinates":[[[48.16167,28.83249],[48.19617,28.84645],[48.20075,28.83764],[48.20098,28.83774],[48.20134,28.83701],[48.20113,28.83692],[48.20467,28.8301],[48.19257,28.82523],[48.19831,28.8142],[48.16896,28.80233],[48.15208,28.8299],[48.16167,28.83249]]]}},{"type":"Feature","properties":{"id":"kw-area-relation-18024099","name_en":"Faiha","name_ar":"الفيحاء","feature_class":"area_admin_level_6","source":"OpenStreetMap (Geofabrik GCC extract dated 2026-09-22) intersected with OSM land polygons (osmdata.openstreetmap.de, coastline of 2026-09-23)","license":"ODbL 1.0 (c) OpenStreetMap contributors","parent_governorate_name_en":"Capital Governorate","area_km2":1.7004269703290296},"geometry":{"type":"Polygon","coordinates":[[[47.97253,29.34365],[47.97697,29.34418],[47.98302,29.34569],[47.98747,29.33495],[47.97994,29.33304],[47.97127,29.33195],[47.97253,29.34365]]]}},{"type":"Feature","properties":{"id":"kw-area-relation-18024184","name_en":"Al-Nuwaiseeb","name_ar":"النويصيب","feature_class":"area_admin_level_6","source":"OpenStreetMap (Geofabrik GCC extract dated 2026-09-22) intersected with OSM land polygons (osmdata.openstreetmap.de, coastline of 2026-09-23)","license":"ODbL 1.0 (c) OpenStreetMap contributors","parent_governorate_name_en":"Ahmadi Governorate","area_km2":32.929160531297825},"geometry":{"type":"Polygon","coordinates":[[[48.42956,28.53429],[48.39812,28.53397],[48.39277,28.54072],[48.38829,28.54496],[48.35066,28.56792],[48.34501,28.57235],[48.34267,28.57487],[48.34038,28.57784],[48.3381,28.58166],[48.3369,28.58432],[48.33581,28.58759],[48.33508,28.59099],[48.33447,28.59851],[48.35416,28.60035],[48.36248,28.60284],[48.36702,28.60364],[48.38038,28.60523],[48.38791,28.59626],[48.39202,28.58813],[48.39359,28.5826],[48.40407,28.5622],[48.41569,28.54566],[48.42507,28.53564],[48.4276,28.53726],[48.42854,28.53662],[48.42956,28.53429]]]}},{"type":"Feature","properties":{"id":"kw-area-relation-18024561","name_en":"North West Jahra","name_ar":"شمال غرب الجهراء","feature_class":"area_admin_level_6","source":"OpenStreetMap (Geofabrik GCC extract dated 2026-09-22) intersected with OSM land polygons (osmdata.openstreetmap.de, coastline of 2026-09-23)","license":"ODbL 1.0 (c) OpenStreetMap contributors","parent_governorate_name_en":"Jahra Governorate","area_km2":9.17634585556164},"geometry":{"type":"Polygon","coordinates":[[[47.65673,29.34959],[47.65524,29.34925],[47.65395,29.34839],[47.65273,29.34707],[47.65208,29.34587],[47.64952,29.33701],[47.64098,29.33831],[47.63562,29.33862],[47.63044,29.33853],[47.63008,29.34259],[47.63028,29.34582],[47.6318,29.35211],[47.63572,29.3582],[47.63685,29.35953],[47.64152,29.36382],[47.64648,29.36664],[47.65343,29.36934],[47.66154,29.37363],[47.67313,29.36105],[47.67127,29.35961],[47.6598,29.34848],[47.65836,29.34936],[47.65673,29.34959]]]}},{"type":"Feature","properties":{"id":"kw-area-relation-18024562","name_en":"Qasr","name_ar":"القصر","feature_class":"area_admin_level_6","source":"OpenStreetMap (Geofabrik GCC extract dated 2026-09-22) intersected with OSM land polygons (osmdata.openstreetmap.de, coastline of 2026-09-23)","license":"ODbL 1.0 (c) OpenStreetMap contributors","parent_governorate_name_en":"Jahra Governorate","area_km2":4.26655373996132},"geometry":{"type":"Polygon","coordinates":[[[47.68722,29.35258],[47.71335,29.34074],[47.70619,29.33181],[47.69636,29.33619],[47.69263,29.33854],[47.68991,29.3408],[47.68453,29.33654],[47.68337,29.33459],[47.68175,29.33497],[47.67801,29.33532],[47.67508,29.33656],[47.67715,29.3389],[47.67842,29.3412],[47.67865,29.34367],[47.67828,29.34559],[47.68722,29.35258]]]}},{"type":"Feature","properties":{"id":"kw-area-relation-18024563","name_en":"Naeem","name_ar":"النعيم","feature_class":"area_admin_level_6","source":"OpenStreetMap (Geofabrik GCC extract dated 2026-09-22) intersected with OSM land polygons (osmdata.openstreetmap.de, coastline of 2026-09-23)","license":"ODbL 1.0 (c) OpenStreetMap contributors","parent_governorate_name_en":"Jahra Governorate","area_km2":1.617962609561596},"geometry":{"type":"Polygon","coordinates":[[[47.68453,29.33654],[47.68991,29.3408],[47.69263,29.33854],[47.69636,29.33619],[47.70619,29.33181],[47.70171,29.32574],[47.70133,29.32613],[47.6987,29.32619],[47.69742,29.32672],[47.68981,29.33193],[47.68811,29.33288],[47.68337,29.33459],[47.68453,29.33654]]]}},{"type":"Feature","properties":{"id":"kw-area-relation-18024564","name_en":"Taima","name_ar":"تيماء","feature_class":"area_admin_level_6","source":"OpenStreetMap (Geofabrik GCC extract dated 2026-09-22) intersected with OSM land polygons (osmdata.openstreetmap.de, coastline of 2026-09-23)","license":"ODbL 1.0 (c) OpenStreetMap contributors","parent_governorate_name_en":"Jahra Governorate","area_km2":3.5748221255893373},"geometry":{"type":"Polygon","coordinates":[[[47.6987,29.32619],[47.70133,29.32613],[47.70171,29.32574],[47.69661,29.31896],[47.69167,29.32166],[47.66314,29.3286],[47.66441,29.33229],[47.66619,29.33591],[47.67043,29.33535],[47.67256,29.33572],[47.67508,29.33656],[47.67725,29.3355],[47.68175,29.33497],[47.68346,29.33456],[47.68811,29.33288],[47.68981,29.33193],[47.69742,29.32672],[47.6987,29.32619]]]}},{"type":"Feature","properties":{"id":"kw-area-relation-18024565","name_en":"Nasseem","name_ar":"النسيم","feature_class":"area_admin_level_6","source":"OpenStreetMap (Geofabrik GCC extract dated 2026-09-22) intersected with OSM land polygons (osmdata.openstreetmap.de, coastline of 2026-09-23)","license":"ODbL 1.0 (c) OpenStreetMap contributors","parent_governorate_name_en":"Jahra Governorate","area_km2":3.9626049602761717},"geometry":{"type":"Polygon","coordinates":[[[47.69167,29.32166],[47.69661,29.31896],[47.69049,29.31201],[47.68749,29.31096],[47.68247,29.31159],[47.67937,29.31237],[47.659,29.31942],[47.66314,29.3286],[47.69167,29.32166]]]}},{"type":"Feature","properties":{"id":"kw-area-relation-18024566","name_en":"Oyoun","name_ar":"العيون","feature_class":"area_admin_level_6","source":"OpenStreetMap (Geofabrik GCC extract dated 2026-09-22) intersected with OSM land polygons (osmdata.openstreetmap.de, coastline of 2026-09-23)","license":"ODbL 1.0 (c) OpenStreetMap contributors","parent_governorate_name_en":"Jahra Governorate","area_km2":2.5264214947380275},"geometry":{"type":"Polygon","coordinates":[[[47.659,29.31942],[47.65176,29.32195],[47.65,29.32288],[47.64806,29.325],[47.64736,29.32647],[47.64719,29.32795],[47.64745,29.32984],[47.64952,29.33701],[47.66077,29.33697],[47.66619,29.33591],[47.66441,29.33229],[47.66273,29.32784],[47.659,29.31942]]]}},{"type":"Feature","properties":{"id":"kw-area-relation-18024567","name_en":"Waha","name_ar":"الواحة","feature_class":"area_admin_level_6","source":"OpenStreetMap (Geofabrik GCC extract dated 2026-09-22) intersected with OSM land polygons (osmdata.openstreetmap.de, coastline of 2026-09-23)","license":"ODbL 1.0 (c) OpenStreetMap contributors","parent_governorate_name_en":"Jahra Governorate","area_km2":1.8099147443870605},"geometry":{"type":"Polygon","coordinates":[[[47.66661,29.34296],[47.66712,29.34218],[47.66745,29.34131],[47.66761,29.33967],[47.66619,29.33591],[47.66077,29.33697],[47.64952,29.33701],[47.65208,29.34587],[47.65339,29.34789],[47.65524,29.34925],[47.65716,29.34959],[47.65886,29.34911],[47.66661,29.34296]]]}},{"type":"Feature","properties":{"id":"kw-area-relation-18024568","name_en":"Jahra","name_ar":"الجهراء","feature_class":"area_admin_level_6","source":"OpenStreetMap (Geofabrik GCC extract dated 2026-09-22) intersected with OSM land polygons (osmdata.openstreetmap.de, coastline of 2026-09-23)","license":"ODbL 1.0 (c) OpenStreetMap contributors","parent_governorate_name_en":"Jahra Governorate","area_km2":3.7085400492252028},"geometry":{"type":"Polygon","coordinates":[[[47.66745,29.34131],[47.66661,29.34296],[47.6598,29.34848],[47.67127,29.35961],[47.67313,29.36105],[47.67563,29.35848],[47.6779,29.3569],[47.68722,29.35258],[47.67828,29.34559],[47.67865,29.34367],[47.67842,29.3412],[47.67715,29.3389],[47.67508,29.33656],[47.67256,29.33572],[47.67043,29.33535],[47.66619,29.33591],[47.66761,29.33967],[47.66745,29.34131]]]}},{"type":"Feature","properties":{"id":"kw-area-relation-18024570","name_en":"South of Saad Al-Abdullah City","name_ar":"جنوب مدينه سعد العبدالله","feature_class":"area_admin_level_6","source":"OpenStreetMap (Geofabrik GCC extract dated 2026-09-22) intersected with OSM land polygons (osmdata.openstreetmap.de, coastline of 2026-09-23)","license":"ODbL 1.0 (c) OpenStreetMap contributors","parent_governorate_name_en":"Jahra Governorate","area_km2":69.05506580762196},"geometry":{"type":"Polygon","coordinates":[[[47.72221,29.29766],[47.73233,29.29618],[47.73217,29.29419],[47.7318,29.29307],[47.73103,29.29181],[47.73026,29.29138],[47.72894,29.28971],[47.72608,29.28865],[47.72084,29.28786],[47.71417,29.2802],[47.71294,29.27899],[47.71195,29.27917],[47.70213,29.26945],[47.71033,29.26332],[47.69684,29.24878],[47.71226,29.23553],[47.71744,29.23009],[47.71515,29.22751],[47.71114,29.22358],[47.70626,29.21934],[47.69795,29.20977],[47.69778,29.20692],[47.698,29.19562],[47.67866,29.19575],[47.67045,29.19606],[47.65311,29.19607],[47.62591,29.22317],[47.62582,29.22489],[47.62616,29.2263],[47.63195,29.23126],[47.63403,29.2321],[47.64425,29.23449],[47.65303,29.22673],[47.65512,29.26228],[47.65358,29.26349],[47.65357,29.26513],[47.66137,29.27231],[47.66168,29.27457],[47.66172,29.27516],[47.65932,29.27604],[47.65368,29.28016],[47.64255,29.29127],[47.63538,29.29784],[47.63946,29.3019],[47.66999,29.29405],[47.67186,29.29975],[47.67381,29.30407],[47.67811,29.30294],[47.68887,29.30107],[47.72221,29.29766]]]}},{"type":"Feature","properties":{"id":"kw-area-relation-18024571","name_en":"Saad Al-Abdulla","name_ar":"سعد العبد الله","feature_class":"area_admin_level_6","source":"OpenStreetMap (Geofabrik GCC extract dated 2026-09-22) intersected with OSM land polygons (osmdata.openstreetmap.de, coastline of 2026-09-23)","license":"ODbL 1.0 (c) OpenStreetMap contributors","parent_governorate_name_en":"Jahra Governorate","area_km2":17.767303090256185},"geometry":{"type":"Polygon","coordinates":[[[47.74034,29.31769],[47.74012,29.31577],[47.73283,29.30347],[47.72917,29.2967],[47.72221,29.29766],[47.68887,29.30107],[47.68256,29.3021],[47.6764,29.30339],[47.67937,29.31237],[47.68247,29.31159],[47.68749,29.31096],[47.69049,29.31201],[47.69661,29.31896],[47.70782,29.334],[47.71335,29.34074],[47.74554,29.32604],[47.74122,29.31867],[47.74034,29.31769]]]}},{"type":"Feature","properties":{"id":"kw-area-relation-18024572","name_en":"Sulaibiya Residential","name_ar":"الصليبية الشعبية","feature_class":"area_admin_level_6","source":"OpenStreetMap (Geofabrik GCC extract dated 2026-09-22) intersected with OSM land polygons (osmdata.openstreetmap.de, coastline of 2026-09-23)","license":"ODbL 1.0 (c) OpenStreetMap contributors","parent_governorate_name_en":"Jahra Governorate","area_km2":4.705051540368105},"geometry":{"type":"Polygon","coordinates":[[[47.83704,29.26851],[47.82429,29.27758],[47.81943,29.28192],[47.81537,29.28613],[47.81053,29.29022],[47.80526,29.29383],[47.8021,29.29392],[47.80206,29.2957],[47.83204,29.29544],[47.83206,29.28676],[47.83253,29.2852],[47.83328,29.28371],[47.83501,29.28176],[47.83668,29.28059],[47.84223,29.27819],[47.83704,29.26851]]]}},{"type":"Feature","properties":{"id":"kw-area-relation-18024573","name_en":"Qairawan","name_ar":"القيروان","feature_class":"area_admin_level_6","source":"OpenStreetMap (Geofabrik GCC extract dated 2026-09-22) intersected with OSM land polygons (osmdata.openstreetmap.de, coastline of 2026-09-23)","license":"ODbL 1.0 (c) OpenStreetMap contributors","parent_governorate_name_en":"Jahra Governorate","area_km2":4.0059047035167925},"geometry":{"type":"Polygon","coordinates":[[[47.82469,29.29547],[47.79951,29.29582],[47.7854,29.29539],[47.78498,29.29934],[47.7851,29.31167],[47.79281,29.31159],[47.82032,29.29751],[47.82469,29.29547]]]}},{"type":"Feature","properties":{"id":"kw-area-relation-18024574","name_en":"Sulaibikhat Cemetery","name_ar":"مقبرة الصليبيخات","feature_class":"area_admin_level_6","source":"OpenStreetMap (Geofabrik GCC extract dated 2026-09-22) intersected with OSM land polygons (osmdata.openstreetmap.de, coastline of 2026-09-23)","license":"ODbL 1.0 (c) OpenStreetMap contributors","parent_governorate_name_en":"Jahra Governorate","area_km2":7.4958858836742674},"geometry":{"type":"Polygon","coordinates":[[[47.82469,29.29547],[47.81242,29.30145],[47.79281,29.31159],[47.85155,29.31096],[47.85136,29.3067],[47.85331,29.30666],[47.85303,29.29523],[47.82469,29.29547]]]}},{"type":"Feature","properties":{"id":"kw-area-relation-18024576","name_en":"Rural Areas - Al-Jahra","name_ar":"مناطق نائية - الجهراء","feature_class":"area_admin_level_6","source":"OpenStreetMap (Geofabrik GCC extract dated 2026-09-22) intersected with OSM land polygons (osmdata.openstreetmap.de, coastline of 2026-09-23)","license":"ODbL 1.0 (c) OpenStreetMap contributors","parent_governorate_name_en":"Jahra Governorate","area_km2":1.7389252345154556},"geometry":{"type":"Polygon","coordinates":[[[47.85286,29.25811],[47.84232,29.26216],[47.83581,29.26574],[47.84259,29.26506],[47.84798,29.26493],[47.86432,29.26609],[47.86405,29.26097],[47.86244,29.25722],[47.86025,29.25471],[47.85286,29.25811]]]}},{"type":"Feature","properties":{"id":"kw-area-relation-18024578","name_en":"Ar Ruhayya - Um Tawaynij","name_ar":"الرحية وأم توينج","feature_class":"area_admin_level_6","source":"OpenStreetMap (Geofabrik GCC extract dated 2026-09-22) intersected with OSM land polygons (osmdata.openstreetmap.de, coastline of 2026-09-23)","license":"ODbL 1.0 (c) OpenStreetMap contributors","parent_governorate_name_en":"Jahra Governorate","area_km2":68.07821487125433},"geometry":{"type":"Polygon","coordinates":[[[47.62224,29.2287],[47.62133,29.22934],[47.5939,29.25471],[47.59328,29.25569],[47.59191,29.258],[47.5894,29.26355],[47.58553,29.27072],[47.57419,29.29504],[47.57394,29.29586],[47.57398,29.30076],[47.5735,29.31348],[47.57866,29.31253],[47.58512,29.31245],[47.5886,29.31306],[47.59205,29.31427],[47.5944,29.31549],[47.59716,29.31773],[47.59857,29.31922],[47.6007,29.32231],[47.60359,29.32583],[47.60691,29.32897],[47.61225,29.33284],[47.61654,29.33504],[47.62161,29.33698],[47.62805,29.33827],[47.63044,29.33853],[47.63165,29.33404],[47.6332,29.33075],[47.63479,29.32826],[47.63727,29.32524],[47.64156,29.32126],[47.64542,29.31816],[47.64988,29.31502],[47.6572,29.31068],[47.66365,29.30763],[47.66799,29.30594],[47.67381,29.30407],[47.67186,29.29975],[47.66999,29.29405],[47.63946,29.3019],[47.63538,29.29784],[47.64255,29.29127],[47.65368,29.28016],[47.65932,29.27604],[47.66172,29.27516],[47.66137,29.27231],[47.65357,29.26513],[47.65358,29.26349],[47.65512,29.26228],[47.65303,29.22673],[47.64425,29.23449],[47.63403,29.2321],[47.63195,29.23126],[47.62948,29.22931],[47.62224,29.2287]]]}},{"type":"Feature","properties":{"id":"kw-area-relation-18026972","name_en":"Jahra Camps","name_ar":"معسكرات الجهراء","feature_class":"area_admin_level_6","source":"OpenStreetMap (Geofabrik GCC extract dated 2026-09-22) intersected with OSM land polygons (osmdata.openstreetmap.de, coastline of 2026-09-23)","license":"ODbL 1.0 (c) OpenStreetMap contributors","parent_governorate_name_en":"Jahra Governorate","area_km2":15.184661384410475},"geometry":{"type":"Polygon","coordinates":[[[47.6779,29.3569],[47.67563,29.35848],[47.67435,29.35974],[47.66154,29.37363],[47.66762,29.37801],[47.67156,29.38146],[47.68169,29.39255],[47.70028,29.38045],[47.70071,29.37822],[47.70046,29.37684],[47.70063,29.37293],[47.70125,29.3723],[47.70116,29.37136],[47.70226,29.36732],[47.70269,29.36666],[47.70397,29.36573],[47.70379,29.3649],[47.70456,29.36368],[47.70514,29.36189],[47.70506,29.36141],[47.70412,29.36003],[47.70546,29.35935],[47.70758,29.35875],[47.71061,29.35915],[47.71143,29.35831],[47.71162,29.35755],[47.71214,29.35842],[47.71525,29.35821],[47.71485,29.35817],[47.71456,29.35789],[47.7151,29.35747],[47.71787,29.35754],[47.71794,29.35811],[47.71844,29.35794],[47.71855,29.35839],[47.71938,29.35888],[47.7216,29.35939],[47.7225,29.36041],[47.72249,29.35965],[47.72293,29.35921],[47.72583,29.35921],[47.72518,29.35873],[47.72549,29.35832],[47.72471,29.35783],[47.72443,29.35672],[47.72537,29.35619],[47.72633,29.35658],[47.71335,29.34074],[47.6779,29.3569]]]}},{"type":"Feature","properties":{"id":"kw-area-relation-18026973","name_en":"Kazima","name_ar":"كاظمة","feature_class":"area_admin_level_6","source":"OpenStreetMap (Geofabrik GCC extract dated 2026-09-22) intersected with OSM land polygons (osmdata.openstreetmap.de, coastline of 2026-09-23)","license":"ODbL 1.0 (c) OpenStreetMap contributors","parent_governorate_name_en":"Jahra Governorate","area_km2":400.66412715365664},"geometry":{"type":"Polygon","coordinates":[[[47.6419,29.39487],[47.64026,29.39753],[47.63975,29.39904],[47.63959,29.40163],[47.64014,29.40434],[47.64086,29.40606],[47.64429,29.4119],[47.64521,29.41514],[47.64512,29.41785],[47.64397,29.42107],[47.64312,29.42241],[47.64111,29.42472],[47.63941,29.42735],[47.63885,29.42866],[47.63796,29.43198],[47.63793,29.43645],[47.63898,29.43965],[47.63981,29.44137],[47.64391,29.44684],[47.64598,29.45025],[47.64736,29.45405],[47.64808,29.45718],[47.64817,29.46136],[47.64715,29.47067],[47.64841,29.47778],[47.6525,29.48882],[47.65458,29.49701],[47.6549,29.50777],[47.65453,29.51283],[47.65607,29.51804],[47.65961,29.52752],[47.66062,29.53201],[47.66746,29.53955],[47.67069,29.54133],[47.68652,29.55554],[47.70686,29.57034],[47.76782,29.58295],[47.81108,29.59755],[47.83596,29.6119],[47.86203,29.61682],[47.89415,29.62785],[47.89511,29.62615],[47.89685,29.62436],[47.89861,29.62347],[47.90143,29.62275],[47.90551,29.62055],[47.9072,29.61908],[47.9082,29.61851],[47.91223,29.61218],[47.91389,29.61122],[47.91558,29.60948],[47.91721,29.60892],[47.92491,29.60314],[47.92663,29.60268],[47.9311,29.60217],[47.93259,29.60122],[47.93732,29.59728],[47.94161,29.59243],[47.95519,29.57887],[47.94255,29.5732],[47.93264,29.56317],[47.91496,29.54834],[47.87601,29.52654],[47.86726,29.52499],[47.86242,29.52357],[47.84684,29.51364],[47.83443,29.50287],[47.82753,29.4963],[47.80749,29.47569],[47.79956,29.46857],[47.78505,29.444],[47.77636,29.43578],[47.75527,29.41724],[47.75154,29.41265],[47.74016,29.40717],[47.73825,29.40666],[47.73081,29.40639],[47.72971,29.40613],[47.72588,29.40274],[47.71957,29.40007],[47.71569,29.39749],[47.71407,29.39596],[47.71392,29.39487],[47.71097,29.38599],[47.70207,29.38012],[47.70116,29.37998],[47.70028,29.38045],[47.68169,29.39255],[47.67156,29.38146],[47.66762,29.37801],[47.66154,29.37363],[47.64434,29.39245],[47.6419,29.39487]]]}},{"type":"Feature","properties":{"id":"kw-area-relation-18027483","name_en":"Shalehat Kazima","name_ar":"شاليهات كاظمة","feature_class":"area_admin_level_6","source":"OpenStreetMap (Geofabrik GCC extract dated 2026-09-22) intersected with OSM land polygons (osmdata.openstreetmap.de, coastline of 2026-09-23)","license":"ODbL 1.0 (c) OpenStreetMap contributors","parent_governorate_name_en":"Jahra Governorate","area_km2":16.582517867687574},"geometry":{"type":"Polygon","coordinates":[[[47.92399,29.54902],[47.91193,29.54288],[47.8865,29.5286],[47.86058,29.51602],[47.85081,29.50959],[47.8344,29.49573],[47.82424,29.48594],[47.82283,29.48322],[47.82029,29.48186],[47.81931,29.47864],[47.81705,29.4774],[47.8138,29.4769],[47.81112,29.47541],[47.80956,29.4743],[47.80773,29.47232],[47.8066,29.47046],[47.80321,29.46922],[47.80152,29.46786],[47.80039,29.4665],[47.79899,29.46291],[47.79814,29.46192],[47.79589,29.45808],[47.79392,29.4535],[47.79223,29.45201],[47.78913,29.44595],[47.78547,29.44038],[47.78166,29.43765],[47.77856,29.43319],[47.7732,29.42972],[47.76968,29.42514],[47.76827,29.42477],[47.76771,29.4218],[47.76602,29.41969],[47.76461,29.4187],[47.7632,29.41594],[47.76024,29.41523],[47.75826,29.41535],[47.75699,29.41646],[47.75529,29.41473],[47.75516,29.41213],[47.75543,29.40987],[47.75508,29.40799],[47.75348,29.40607],[47.7516,29.40215],[47.75053,29.4011],[47.75046,29.4003],[47.75068,29.40002],[47.75003,29.39968],[47.74984,29.39824],[47.74914,29.3971],[47.74845,29.39682],[47.74751,29.39747],[47.74539,29.39789],[47.74461,29.39713],[47.74385,29.39711],[47.74398,29.39568],[47.74361,29.39613],[47.74343,29.39719],[47.74255,29.39759],[47.74334,29.39968],[47.74326,29.40028],[47.74278,29.40056],[47.74298,29.40168],[47.74247,29.40238],[47.74107,29.40311],[47.73982,29.40413],[47.73835,29.4042],[47.73606,29.40472],[47.73348,29.40418],[47.73038,29.40422],[47.72965,29.40394],[47.72894,29.40395],[47.7285,29.40282],[47.72481,29.39952],[47.72361,29.39912],[47.72072,29.39886],[47.71887,29.3978],[47.7181,29.39792],[47.71778,29.39677],[47.71627,29.39547],[47.71582,29.39451],[47.71488,29.39387],[47.71463,29.39257],[47.71474,29.38872],[47.71443,29.38775],[47.71485,29.38667],[47.71433,29.38617],[47.71428,29.38547],[47.71387,29.3849],[47.71385,29.38463],[47.7142,29.38434],[47.71407,29.38381],[47.71304,29.38337],[47.71321,29.3817],[47.71268,29.38023],[47.71171,29.37992],[47.71002,29.38006],[47.70948,29.3794],[47.70821,29.37869],[47.70692,29.37833],[47.70273,29.37954],[47.70207,29.38012],[47.71097,29.38599],[47.71392,29.39487],[47.71407,29.39596],[47.71569,29.39749],[47.71957,29.40007],[47.72588,29.40274],[47.72971,29.40613],[47.73081,29.40639],[47.73825,29.40666],[47.74016,29.40717],[47.75154,29.41265],[47.75527,29.41724],[47.77636,29.43578],[47.78505,29.444],[47.79956,29.46857],[47.80749,29.47569],[47.82753,29.4963],[47.83443,29.50287],[47.84684,29.51364],[47.86242,29.52357],[47.86726,29.52499],[47.87601,29.52654],[47.91496,29.54834],[47.93264,29.56317],[47.94255,29.5732],[47.95519,29.57887],[47.96252,29.57085],[47.95009,29.56401],[47.93362,29.55431],[47.92399,29.54902]]]}},{"type":"Feature","properties":{"id":"kw-area-relation-18027484","name_en":"Bhaith","name_ar":"البحيث","feature_class":"area_admin_level_6","source":"OpenStreetMap (Geofabrik GCC extract dated 2026-09-22) intersected with OSM land polygons (osmdata.openstreetmap.de, coastline of 2026-09-23)","license":"ODbL 1.0 (c) OpenStreetMap contributors","parent_governorate_name_en":"Jahra Governorate","area_km2":88.30326931699688},"geometry":{"type":"Polygon","coordinates":[[[48.01498,29.91797],[48.00813,29.91806],[48.00662,29.90915],[48.00526,29.90772],[47.94431,29.88261],[47.93439,29.91605],[47.93358,29.92344],[47.9373,29.95303],[47.92453,29.96006],[47.9245,29.96556],[47.90146,29.97974],[47.88694,29.98291],[47.91743,30.00717],[47.92653,30.00254],[47.9496,29.99195],[47.95028,29.99209],[47.96065,29.99721],[47.96091,29.99521],[47.96041,29.99444],[47.95982,29.99442],[47.9603,29.99341],[47.96105,29.99291],[47.96072,29.99419],[47.96101,29.99419],[47.96148,29.99343],[47.96188,29.98984],[47.9625,29.98909],[47.96299,29.9873],[47.96644,29.98821],[47.96604,29.98917],[47.96356,29.99249],[47.96494,29.99284],[47.96547,29.99327],[47.97405,29.99451],[47.97745,29.99365],[47.97933,29.99384],[47.98437,29.99332],[47.99448,29.99098],[47.99883,29.99025],[48.0034,29.98868],[48.01162,29.98779],[48.01311,29.98628],[48.01269,29.98435],[48.00931,29.98378],[48.00713,29.97956],[48.00567,29.97556],[48.0039,29.96846],[48.00285,29.96649],[48.0022,29.96445],[48.0018,29.96073],[48.00188,29.95918],[48.00253,29.95771],[48.00253,29.9563],[48.00301,29.95483],[48.00382,29.95321],[48.00487,29.9518],[48.00535,29.95033],[48.00793,29.94646],[48.00866,29.94246],[48.00866,29.94133],[48.00793,29.93817],[48.00819,29.93399],[48.01003,29.92791],[48.01213,29.92313],[48.01498,29.91797]]]}},{"type":"Feature","properties":{"id":"kw-area-relation-18027485","name_en":"Subiya","name_ar":"الصبية","feature_class":"area_admin_level_6","source":"OpenStreetMap (Geofabrik GCC extract dated 2026-09-22) intersected with OSM land polygons (osmdata.openstreetmap.de, coastline of 2026-09-23)","license":"ODbL 1.0 (c) OpenStreetMap contributors","parent_governorate_name_en":"Jahra Governorate","area_km2":377.04531528106315},"geometry":{"type":"Polygon","coordinates":[[[48.01498,29.91797],[48.01651,29.91474],[48.01675,29.91305],[48.01659,29.91157],[48.01263,29.89902],[48.01187,29.89919],[48.01102,29.90005],[48.01056,29.90008],[48.01014,29.89981],[48.01065,29.89829],[48.01158,29.89806],[48.01203,29.89816],[48.01244,29.89771],[48.01207,29.89478],[48.01143,29.89345],[48.01078,29.89056],[48.01035,29.88979],[48.00874,29.8901],[48.00815,29.89006],[48.00791,29.88975],[48.00854,29.889],[48.00816,29.88794],[48.00952,29.88724],[48.00936,29.887],[48.00843,29.8873],[48.00814,29.88706],[48.00891,29.88666],[48.00962,29.88593],[48.00933,29.88276],[48.00933,29.8789],[48.00997,29.8692],[48.01344,29.85437],[48.01801,29.8397],[48.01964,29.83701],[48.02152,29.83251],[48.02146,29.83187],[48.02184,29.8314],[48.02138,29.83132],[48.02302,29.82871],[48.02429,29.82592],[48.02437,29.82526],[48.02553,29.8235],[48.02588,29.82229],[48.02561,29.82206],[48.02631,29.82122],[48.02753,29.81889],[48.02873,29.81741],[48.03157,29.81305],[48.03841,29.80082],[48.04139,29.79443],[48.04444,29.78705],[48.04509,29.78234],[48.04621,29.77995],[48.0475,29.77749],[48.04943,29.77475],[48.05064,29.77236],[48.05257,29.76702],[48.0537,29.76519],[48.05609,29.76286],[48.05883,29.76088],[48.06018,29.75963],[48.0647,29.75865],[48.0694,29.75703],[48.07168,29.75656],[48.07278,29.75583],[48.0739,29.75401],[48.07431,29.75162],[48.07479,29.75035],[48.07672,29.74655],[48.07961,29.74234],[48.08164,29.74196],[48.08498,29.74223],[48.08551,29.74126],[48.08639,29.74128],[48.09627,29.73774],[48.10147,29.73118],[48.10067,29.73013],[48.10045,29.72756],[48.09339,29.72696],[48.09339,29.72582],[48.09729,29.72617],[48.09712,29.72306],[48.09157,29.7164],[48.09011,29.71282],[48.10203,29.71403],[48.10321,29.70307],[48.10873,29.68935],[48.11593,29.6756],[48.12031,29.66804],[48.12186,29.66306],[48.12624,29.65532],[48.1316,29.64494],[48.13163,29.64249],[48.13235,29.63998],[48.13311,29.63888],[48.1345,29.63817],[48.13494,29.6369],[48.13564,29.63591],[48.13589,29.63442],[48.13694,29.63119],[48.13774,29.62975],[48.13883,29.62846],[48.13921,29.62589],[48.14018,29.6231],[48.16342,29.57701],[48.17129,29.57542],[48.17362,29.5731],[48.17558,29.57004],[48.17522,29.56967],[48.17532,29.56933],[48.17397,29.56917],[48.17392,29.56788],[48.17548,29.56784],[48.17619,29.5681],[48.17636,29.56789],[48.17736,29.56789],[48.1778,29.56751],[48.17955,29.56487],[48.18115,29.5615],[48.18364,29.55819],[48.18404,29.55699],[48.18708,29.55186],[48.18748,29.54764],[48.18788,29.54673],[48.18766,29.5462],[48.187,29.54596],[48.18611,29.54468],[48.18538,29.54434],[48.18384,29.54151],[48.1828,29.54048],[48.18095,29.53774],[48.17844,29.53554],[48.17736,29.53426],[48.17346,29.52759],[48.17199,29.52456],[48.16927,29.51697],[48.16763,29.51452],[48.1669,29.51476],[48.16639,29.51521],[48.16541,29.51734],[48.16393,29.51886],[48.16386,29.51951],[48.16269,29.52151],[48.15951,29.52536],[48.15643,29.52795],[48.15067,29.53211],[48.14894,29.53439],[48.14655,29.53629],[48.14525,29.53704],[48.14456,29.53779],[48.14429,29.53793],[48.14402,29.53779],[48.1439,29.53825],[48.14327,29.53878],[48.13797,29.54117],[48.13328,29.54408],[48.1235,29.54944],[48.11742,29.55246],[48.10672,29.55733],[48.10059,29.55974],[48.09963,29.56048],[48.09488,29.56217],[48.0937,29.56228],[48.09369,29.56279],[48.09428,29.56255],[48.09427,29.56306],[48.09368,29.56305],[48.09366,29.56356],[48.0922,29.56327],[48.09219,29.56379],[48.0913,29.5639],[48.09099,29.56453],[48.08982,29.56438],[48.08863,29.56487],[48.08746,29.56471],[48.08714,29.56535],[48.08568,29.56519],[48.08508,29.56556],[48.08242,29.56602],[48.08034,29.56674],[48.07917,29.56659],[48.07901,29.5671],[48.07858,29.56683],[48.07799,29.56682],[48.07561,29.56779],[48.07473,29.56777],[48.06733,29.56941],[48.06644,29.56978],[48.06585,29.56976],[48.06524,29.57026],[48.06229,29.57058],[48.0617,29.57096],[48.06111,29.57094],[48.05903,29.5718],[48.0563,29.57186],[48.05391,29.57248],[48.05301,29.57312],[48.05192,29.57344],[48.05031,29.57341],[48.03934,29.576],[48.02857,29.57814],[48.00817,29.58],[48.00279,29.58],[47.9974,29.58043],[47.98386,29.57885],[47.97684,29.57714],[47.97097,29.57514],[47.96252,29.57085],[47.95519,29.57887],[47.94161,29.59243],[47.93732,29.59728],[47.93334,29.60061],[47.9311,29.60217],[47.92663,29.60268],[47.92491,29.60314],[47.91721,29.60892],[47.91558,29.60948],[47.91463,29.61051],[47.91537,29.61129],[47.91628,29.61478],[47.91835,29.61942],[47.92024,29.62237],[47.92191,29.62432],[47.94022,29.64112],[47.94346,29.64335],[47.94668,29.64437],[48.00206,29.65145],[48.00642,29.65235],[48.00856,29.65305],[48.01107,29.65404],[48.01557,29.65645],[48.05156,29.6795],[48.05341,29.6811],[48.05471,29.68268],[48.05603,29.68508],[48.05659,29.68661],[48.05693,29.6885],[48.05698,29.69126],[48.05665,29.69329],[48.05091,29.7045],[47.99602,29.76163],[47.9928,29.76636],[47.96819,29.80885],[47.94431,29.88261],[48.00526,29.90772],[48.00662,29.90915],[48.00813,29.91806],[48.01498,29.91797]]]}},{"type":"Feature","properties":{"id":"kw-area-relation-18027486","name_en":"Sabryia","name_ar":"الصابرية","feature_class":"area_admin_level_6","source":"OpenStreetMap (Geofabrik GCC extract dated 2026-09-22) intersected with OSM land polygons (osmdata.openstreetmap.de, coastline of 2026-09-23)","license":"ODbL 1.0 (c) OpenStreetMap contributors","parent_governorate_name_en":"Jahra Governorate","area_km2":320.49189119026465},"geometry":{"type":"Polygon","coordinates":[[[47.99602,29.76163],[48.05091,29.7045],[48.0558,29.69521],[48.0568,29.6928],[48.05693,29.6885],[48.05659,29.68661],[48.05603,29.68508],[48.05404,29.6818],[48.05072,29.67893],[48.01557,29.65645],[48.01107,29.65404],[48.00856,29.65305],[48.00642,29.65235],[48.00206,29.65145],[47.94668,29.64437],[47.94346,29.64335],[47.94022,29.64112],[47.92191,29.62432],[47.92024,29.62237],[47.91835,29.61942],[47.91628,29.61478],[47.91537,29.61129],[47.91463,29.61051],[47.91389,29.61122],[47.91223,29.61218],[47.9082,29.61851],[47.9072,29.61908],[47.90551,29.62055],[47.90143,29.62275],[47.89861,29.62347],[47.89685,29.62436],[47.89511,29.62615],[47.89415,29.62785],[47.88934,29.63731],[47.87742,29.66499],[47.87552,29.67088],[47.87485,29.67428],[47.87535,29.69106],[47.87505,29.69183],[47.87441,29.69288],[47.87273,29.69464],[47.87191,29.69654],[47.86896,29.69998],[47.86143,29.71092],[47.86022,29.71412],[47.8572,29.72949],[47.85528,29.73044],[47.85471,29.73094],[47.84667,29.74089],[47.91688,29.80014],[47.90211,29.85742],[47.88328,29.86247],[47.86566,29.90005],[47.93439,29.91605],[47.94431,29.88261],[47.96819,29.80885],[47.9928,29.76636],[47.99602,29.76163]]]}},{"type":"Feature","properties":{"id":"kw-area-relation-18027487","name_en":"Umm Al-Aish","name_ar":"ام العيش","feature_class":"area_admin_level_6","source":"OpenStreetMap (Geofabrik GCC extract dated 2026-09-22) intersected with OSM land polygons (osmdata.openstreetmap.de, coastline of 2026-09-23)","license":"ODbL 1.0 (c) OpenStreetMap contributors","parent_governorate_name_en":"Jahra Governorate","area_km2":446.1087559657419},"geometry":{"type":"Polygon","coordinates":[[[47.65516,29.56401],[47.65444,29.56863],[47.65442,29.57304],[47.65506,29.57617],[47.65692,29.58129],[47.6641,29.594],[47.66551,29.59781],[47.66656,29.60311],[47.66661,29.60735],[47.66541,29.61362],[47.66371,29.61845],[47.66336,29.62018],[47.66298,29.62541],[47.66355,29.62998],[47.66512,29.6349],[47.666,29.63911],[47.66607,29.64384],[47.66424,29.65376],[47.66415,29.65738],[47.66763,29.67692],[47.66766,29.68247],[47.66677,29.68993],[47.66773,29.6973],[47.67022,29.70507],[47.67178,29.71188],[47.67178,29.71762],[47.66891,29.73809],[47.67175,29.77135],[47.67364,29.77177],[47.67785,29.77216],[47.67965,29.7726],[47.68373,29.77406],[47.68555,29.77513],[47.72677,29.80913],[47.74277,29.80184],[47.75102,29.80277],[47.75554,29.80417],[47.75927,29.80467],[47.76412,29.80716],[47.7683,29.81133],[47.77968,29.81807],[47.78765,29.81804],[47.8026,29.7994],[47.83052,29.76534],[47.83505,29.75822],[47.83774,29.75315],[47.84118,29.74817],[47.84667,29.74089],[47.85471,29.73094],[47.85528,29.73044],[47.8572,29.72949],[47.86022,29.71412],[47.86143,29.71092],[47.86896,29.69998],[47.87191,29.69654],[47.87273,29.69464],[47.87441,29.69288],[47.87535,29.69106],[47.87485,29.67428],[47.87552,29.67088],[47.87742,29.66499],[47.88934,29.63731],[47.89415,29.62785],[47.86203,29.61682],[47.83596,29.6119],[47.81108,29.59755],[47.76782,29.58295],[47.70686,29.57034],[47.68652,29.55554],[47.67069,29.54133],[47.66746,29.53955],[47.66062,29.53201],[47.66059,29.53679],[47.65516,29.56401]]]}},{"type":"Feature","properties":{"id":"kw-area-relation-18027488","name_en":"Rawdatain","name_ar":"الروضتين","feature_class":"area_admin_level_6","source":"OpenStreetMap (Geofabrik GCC extract dated 2026-09-22) intersected with OSM land polygons (osmdata.openstreetmap.de, coastline of 2026-09-23)","license":"ODbL 1.0 (c) OpenStreetMap contributors","parent_governorate_name_en":"Jahra Governorate","area_km2":309.10269205277103},"geometry":{"type":"Polygon","coordinates":[[[47.84667,29.74089],[47.84118,29.74817],[47.83774,29.75315],[47.83505,29.75822],[47.83052,29.76534],[47.8026,29.7994],[47.78765,29.81804],[47.77968,29.81807],[47.7683,29.81133],[47.76412,29.80716],[47.75927,29.80467],[47.75554,29.80417],[47.75102,29.80277],[47.74277,29.80184],[47.72677,29.80913],[47.68555,29.77513],[47.68373,29.77406],[47.67965,29.7726],[47.67785,29.77216],[47.67364,29.77177],[47.67175,29.77135],[47.67218,29.7765],[47.6722,29.78176],[47.66947,29.79369],[47.66939,29.79969],[47.66994,29.80314],[47.67455,29.81725],[47.68098,29.85679],[47.68189,29.86347],[47.68198,29.86655],[47.68142,29.87099],[47.6806,29.87467],[47.67941,29.87806],[47.67372,29.88887],[47.67189,29.89435],[47.67122,29.89729],[47.67059,29.90197],[47.67061,29.90799],[47.6723,29.91881],[47.67547,29.91848],[47.69664,29.95017],[47.71112,29.94721],[47.76614,29.93418],[47.78128,29.90167],[47.7987,29.89024],[47.80911,29.89014],[47.86566,29.90005],[47.88328,29.86247],[47.90211,29.85742],[47.91688,29.80014],[47.84667,29.74089]]]}},{"type":"Feature","properties":{"id":"kw-area-relation-18027489","name_en":"Abdally","name_ar":"العبدلي","feature_class":"area_admin_level_6","source":"OpenStreetMap (Geofabrik GCC extract dated 2026-09-22) intersected with OSM land polygons (osmdata.openstreetmap.de, coastline of 2026-09-23)","license":"ODbL 1.0 (c) OpenStreetMap contributors","parent_governorate_name_en":"Jahra Governorate","area_km2":388.93318348170527},"geometry":{"type":"Polygon","coordinates":[[[47.92453,29.96006],[47.9373,29.95303],[47.93358,29.92344],[47.93439,29.91605],[47.86566,29.90005],[47.80911,29.89014],[47.7987,29.89024],[47.78128,29.90167],[47.76614,29.93418],[47.71112,29.94721],[47.69664,29.95017],[47.67547,29.91848],[47.6723,29.91881],[47.67236,29.92652],[47.67058,29.93366],[47.66404,29.94564],[47.66182,29.95099],[47.66191,29.96306],[47.66071,29.96914],[47.65797,29.97549],[47.65403,29.98152],[47.65121,29.98855],[47.65015,29.993],[47.64954,29.99818],[47.64941,30.00221],[47.65134,30.01723],[47.65292,30.02342],[47.65679,30.03065],[47.67696,30.058],[47.68049,30.06247],[47.68482,30.06692],[47.69021,30.07104],[47.69602,30.07505],[47.69992,30.07845],[47.70562,30.0852],[47.71011,30.09277],[47.75136,30.07689],[47.83422,30.04739],[47.8534,30.03946],[47.86443,30.03461],[47.88278,30.02556],[47.89725,30.01806],[47.912,30.00993],[47.91743,30.00717],[47.88694,29.98291],[47.90146,29.97974],[47.9245,29.96556],[47.92453,29.96006]]]}},{"type":"Feature","properties":{"id":"kw-area-relation-18028248","name_en":"Coast Strip B","name_ar":"أبو الحصانية","feature_class":"area_admin_level_6","source":"OpenStreetMap (Geofabrik GCC extract dated 2026-09-22) intersected with OSM land polygons (osmdata.openstreetmap.de, coastline of 2026-09-23)","license":"ODbL 1.0 (c) OpenStreetMap contributors","parent_governorate_name_en":"Mubarak al-Kabir Governorate","area_km2":0.8122933815304073},"geometry":{"type":"Polygon","coordinates":[[[48.11285,29.19662],[48.11451,29.19678],[48.11513,29.19283],[48.11668,29.18821],[48.11777,29.1864],[48.11819,29.18611],[48.11872,29.18608],[48.11878,29.18574],[48.11211,29.18395],[48.10813,29.19675],[48.1125,29.19786],[48.11285,29.19662]]]}},{"type":"Feature","properties":{"id":"kw-area-relation-18030968","name_en":"Salmiya","name_ar":"السالمية","feature_class":"area_admin_level_6","source":"OpenStreetMap (Geofabrik GCC extract dated 2026-09-22) intersected with OSM land polygons (osmdata.openstreetmap.de, coastline of 2026-09-23)","license":"ODbL 1.0 (c) OpenStreetMap contributors","parent_governorate_name_en":"Hawalli Governorate","area_km2":14.158869748965879},"geometry":{"type":"MultiPolygon","coordinates":[[[[48.05335,29.34073],[48.05385,29.34056],[48.0541,29.34094],[48.05455,29.34071],[48.05544,29.34203],[48.0548,29.34304],[48.05502,29.34351],[48.05503,29.3431],[48.0565,29.34203],[48.05599,29.34125],[48.05671,29.34067],[48.0579,29.34055],[48.06062,29.34101],[48.06066,29.34119],[48.06135,29.34133],[48.06179,29.34186],[48.06198,29.34177],[48.06189,29.34153],[48.06275,29.34147],[48.06532,29.34198],[48.0656,29.34222],[48.06542,29.34266],[48.06191,29.34337],[48.06321,29.34514],[48.06353,29.34529],[48.06426,29.34436],[48.06496,29.34399],[48.06683,29.34398],[48.06798,29.34456],[48.06762,29.34513],[48.06775,29.34544],[48.06904,29.34592],[48.06915,29.34557],[48.06864,29.34553],[48.06845,29.34512],[48.06874,29.34402],[48.06963,29.34308],[48.07056,29.343],[48.07399,29.34411],[48.07408,29.34441],[48.07371,29.34461],[48.07377,29.34478],[48.07843,29.34598],[48.07861,29.34568],[48.08313,29.34724],[48.08727,29.34909],[48.08735,29.34952],[48.08775,29.34979],[48.08869,29.34982],[48.08884,29.35012],[48.09083,29.35078],[48.09295,29.35133],[48.09295,29.35072],[48.09373,29.35124],[48.09509,29.35164],[48.09636,29.35147],[48.09663,29.35181],[48.09634,29.35214],[48.09702,29.35204],[48.09784,29.34964],[48.09825,29.34911],[48.09889,29.34933],[48.09918,29.34971],[48.09988,29.34984],[48.09982,29.35134],[48.09826,29.35142],[48.09795,29.35263],[48.09826,29.35204],[48.09855,29.35196],[48.09971,29.3521],[48.10081,29.35263],[48.10138,29.35259],[48.10193,29.35143],[48.10198,29.35057],[48.10158,29.34969],[48.10168,29.34899],[48.10108,29.34823],[48.10078,29.3473],[48.10169,29.34679],[48.10058,29.3472],[48.10055,29.34636],[48.10111,29.34615],[48.10158,29.34655],[48.10129,29.34594],[48.09929,29.34663],[48.09843,29.34406],[48.09888,29.34391],[48.09869,29.34337],[48.09885,29.34313],[48.09721,29.34086],[48.09709,29.34037],[48.09753,29.33989],[48.09633,29.33808],[48.09668,29.33774],[48.09446,29.33364],[48.09479,29.33299],[48.09441,29.33212],[48.09508,29.33134],[48.09361,29.3281],[48.09384,29.3279],[48.09385,29.32688],[48.09363,29.32611],[48.09339,29.32612],[48.0937,29.32763],[48.09345,29.3278],[48.0917,29.32767],[48.09139,29.32669],[48.09167,29.32492],[48.09373,29.32569],[48.09444,29.32552],[48.09464,29.32528],[48.09417,29.32525],[48.09384,29.32547],[48.09273,29.32501],[48.09272,29.32397],[48.09293,29.32375],[48.09236,29.32355],[48.09172,29.32254],[48.08831,29.32331],[48.08333,29.32497],[48.07942,29.32576],[48.07501,29.32583],[48.07177,29.32539],[48.06842,29.32443],[48.06473,29.32269],[48.05812,29.31859],[48.05288,29.31415],[48.03858,29.33255],[48.03276,29.34361],[48.03685,29.34309],[48.03919,29.34203],[48.03968,29.34199],[48.04002,29.34242],[48.04129,29.3471],[48.0416,29.34661],[48.0433,29.34561],[48.04392,29.34573],[48.04482,29.34516],[48.04511,29.34597],[48.04503,29.34537],[48.04577,29.34505],[48.04827,29.34473],[48.04803,29.34456],[48.04831,29.34407],[48.05098,29.34254],[48.05072,29.3421],[48.05335,29.34073]]],[[[48.09476,29.32507],[48.09449,29.32428],[48.0932,29.32384],[48.09442,29.32437],[48.09476,29.32507]]]]}},{"type":"Feature","properties":{"id":"kw-area-relation-18031316","name_en":"Jabriya","name_ar":"الجابرية","feature_class":"area_admin_level_6","source":"OpenStreetMap (Geofabrik GCC extract dated 2026-09-22) intersected with OSM land polygons (osmdata.openstreetmap.de, coastline of 2026-09-23)","license":"ODbL 1.0 (c) OpenStreetMap contributors","parent_governorate_name_en":"Hawalli Governorate","area_km2":6.223063946028039},"geometry":{"type":"Polygon","coordinates":[[[48.01966,29.31283],[48.01817,29.3155],[48.01712,29.31698],[48.01415,29.32015],[48.01213,29.32291],[48.01511,29.32351],[48.03293,29.32943],[48.0366,29.33044],[48.03969,29.33096],[48.05288,29.31415],[48.05017,29.31267],[48.04577,29.31109],[48.02203,29.3073],[48.01966,29.31283]]]}},{"type":"Feature","properties":{"id":"kw-area-relation-18034398","name_en":"Bayan","name_ar":"بيان","feature_class":"area_admin_level_6","source":"OpenStreetMap (Geofabrik GCC extract dated 2026-09-22) intersected with OSM land polygons (osmdata.openstreetmap.de, coastline of 2026-09-23)","license":"ODbL 1.0 (c) OpenStreetMap contributors","parent_governorate_name_en":"Hawalli Governorate","area_km2":10.301762283346966},"geometry":{"type":"Polygon","coordinates":[[[48.02203,29.3073],[48.04577,29.31109],[48.05017,29.31267],[48.05288,29.31415],[48.06949,29.29351],[48.06301,29.28915],[48.05914,29.28727],[48.05339,29.28527],[48.04892,29.28436],[48.04347,29.28294],[48.03506,29.27978],[48.02827,29.29304],[48.02203,29.3073]]]}},{"type":"Feature","properties":{"id":"kw-area-relation-18034873","name_en":"Coast Strip A","name_ar":"البدع","feature_class":"area_admin_level_6","source":"OpenStreetMap (Geofabrik GCC extract dated 2026-09-22) intersected with OSM land polygons (osmdata.openstreetmap.de, coastline of 2026-09-23)","license":"ODbL 1.0 (c) OpenStreetMap contributors","parent_governorate_name_en":"Hawalli Governorate","area_km2":0.5335418371718953},"geometry":{"type":"Polygon","coordinates":[[[48.0886,29.32323],[48.09172,29.32254],[48.09158,29.32135],[48.09055,29.31876],[48.09111,29.31855],[48.09074,29.31836],[48.09045,29.3174],[48.09054,29.31715],[48.09084,29.31715],[48.09053,29.31709],[48.09082,29.31687],[48.09056,29.31679],[48.09067,29.31623],[48.09133,29.31622],[48.09041,29.31597],[48.09021,29.31374],[48.09047,29.31373],[48.08945,29.31023],[48.08977,29.30999],[48.08925,29.30791],[48.08606,29.3083],[48.08803,29.32192],[48.0886,29.32323]]]}},{"type":"Feature","properties":{"id":"kw-area-relation-18034886","name_en":"Rumaithiya","name_ar":"الرميثية","feature_class":"area_admin_level_6","source":"OpenStreetMap (Geofabrik GCC extract dated 2026-09-22) intersected with OSM land polygons (osmdata.openstreetmap.de, coastline of 2026-09-23)","license":"ODbL 1.0 (c) OpenStreetMap contributors","parent_governorate_name_en":"Hawalli Governorate","area_km2":5.306979390857111},"geometry":{"type":"Polygon","coordinates":[[[48.08606,29.3083],[48.07569,29.30951],[48.07182,29.30938],[48.06838,29.30827],[48.061,29.30418],[48.05288,29.31415],[48.05812,29.31859],[48.06473,29.32269],[48.06708,29.3239],[48.06947,29.3248],[48.07248,29.32552],[48.07566,29.32586],[48.07942,29.32576],[48.08333,29.32497],[48.0886,29.32323],[48.08794,29.32151],[48.08606,29.3083]]]}},{"type":"Feature","properties":{"id":"kw-area-relation-18035324","name_en":"Mishref","name_ar":"مشرف","feature_class":"area_admin_level_6","source":"OpenStreetMap (Geofabrik GCC extract dated 2026-09-22) intersected with OSM land polygons (osmdata.openstreetmap.de, coastline of 2026-09-23)","license":"ODbL 1.0 (c) OpenStreetMap contributors","parent_governorate_name_en":"Hawalli Governorate","area_km2":6.383560869220103},"geometry":{"type":"Polygon","coordinates":[[[48.05698,29.26446],[48.05692,29.26654],[48.05652,29.26789],[48.05666,29.26845],[48.0564,29.26981],[48.05428,29.27499],[48.05169,29.28491],[48.0555,29.28588],[48.06098,29.28805],[48.06301,29.28915],[48.06949,29.29351],[48.07321,29.28817],[48.08238,29.27381],[48.0848,29.26887],[48.083,29.26818],[48.0733,29.266],[48.06971,29.26537],[48.06699,29.26517],[48.06579,29.26485],[48.05698,29.26446]]]}},{"type":"Feature","properties":{"id":"kw-area-relation-18035325","name_en":"Salwa","name_ar":"سلوى","feature_class":"area_admin_level_6","source":"OpenStreetMap (Geofabrik GCC extract dated 2026-09-22) intersected with OSM land polygons (osmdata.openstreetmap.de, coastline of 2026-09-23)","license":"ODbL 1.0 (c) OpenStreetMap contributors","parent_governorate_name_en":"Hawalli Governorate","area_km2":6.921668294888966},"geometry":{"type":"Polygon","coordinates":[[[48.08893,29.30554],[48.08978,29.30542],[48.09005,29.30486],[48.08984,29.30479],[48.08964,29.3053],[48.08876,29.30538],[48.08864,29.30464],[48.08993,29.3044],[48.0903,29.30452],[48.09047,29.30488],[48.09061,29.30472],[48.09018,29.30423],[48.08889,29.30431],[48.08876,29.30412],[48.08863,29.30334],[48.08895,29.30302],[48.08857,29.30245],[48.08868,29.30174],[48.09012,29.30179],[48.09018,29.30137],[48.09004,29.30103],[48.08873,29.30095],[48.08879,29.30019],[48.08824,29.2977],[48.08863,29.29676],[48.0887,29.29523],[48.08965,29.29469],[48.08948,29.29453],[48.08908,29.29488],[48.08852,29.29482],[48.08859,29.29424],[48.08975,29.29422],[48.09011,29.29454],[48.09024,29.29439],[48.08989,29.29405],[48.08902,29.29399],[48.08864,29.29253],[48.08852,29.29133],[48.08869,29.29107],[48.0884,29.28937],[48.08879,29.28846],[48.08927,29.28857],[48.08931,29.28839],[48.08856,29.28495],[48.08888,29.28353],[48.08918,29.28328],[48.08889,29.28197],[48.0892,29.27987],[48.09027,29.27745],[48.09029,29.27573],[48.08999,29.27398],[48.09036,29.2735],[48.08882,29.27359],[48.08846,29.27237],[48.08735,29.27072],[48.0848,29.26887],[48.08238,29.27381],[48.07159,29.29062],[48.061,29.30418],[48.06838,29.30827],[48.07182,29.30938],[48.07569,29.30951],[48.08925,29.30791],[48.08893,29.30554]]]}},{"type":"Feature","properties":{"id":"kw-area-relation-18035326","name_en":"Mubarak Al-Abdullah","name_ar":"مبارك العبد الله","feature_class":"area_admin_level_6","source":"OpenStreetMap (Geofabrik GCC extract dated 2026-09-22) intersected with OSM land polygons (osmdata.openstreetmap.de, coastline of 2026-09-23)","license":"ODbL 1.0 (c) OpenStreetMap contributors","parent_governorate_name_en":"Hawalli Governorate","area_km2":3.244190689623882},"geometry":{"type":"Polygon","coordinates":[[[48.05169,29.28491],[48.05428,29.27499],[48.0564,29.26981],[48.05666,29.26845],[48.05652,29.26789],[48.05692,29.26654],[48.05698,29.26446],[48.04247,29.26474],[48.03907,29.27199],[48.03506,29.27978],[48.04347,29.28294],[48.05169,29.28491]]]}},{"type":"Feature","properties":{"id":"kw-area-relation-18043188","name_en":"As'siddīq","name_ar":"الصدّيق","feature_class":"area_admin_level_6","source":"OpenStreetMap (Geofabrik GCC extract dated 2026-09-22) intersected with OSM land polygons (osmdata.openstreetmap.de, coastline of 2026-09-23)","license":"ODbL 1.0 (c) OpenStreetMap contributors","parent_governorate_name_en":"Hawalli Governorate","area_km2":4.278507213033394},"geometry":{"type":"Polygon","coordinates":[[[48.00243,29.29766],[48.00295,29.29505],[48.00286,29.28999],[48.00217,29.28538],[47.99884,29.2858],[47.99501,29.28555],[47.98537,29.28391],[47.97908,29.30401],[47.99976,29.30537],[48.00243,29.29766]]]}},{"type":"Feature","properties":{"id":"kw-area-relation-18048096","name_en":"Ishbiliya","name_ar":"إشبيلية","feature_class":"area_admin_level_6","source":"OpenStreetMap (Geofabrik GCC extract dated 2026-09-22) intersected with OSM land polygons (osmdata.openstreetmap.de, coastline of 2026-09-23)","license":"ODbL 1.0 (c) OpenStreetMap contributors","parent_governorate_name_en":"Farwaniya Governorate","area_km2":3.498437660239657},"geometry":{"type":"Polygon","coordinates":[[[47.94954,29.27979],[47.95211,29.26613],[47.94891,29.2662],[47.94447,29.26671],[47.92533,29.26711],[47.92725,29.28026],[47.94954,29.27979]]]}},{"type":"Feature","properties":{"id":"kw-area-relation-18054019","name_en":"South Abdullah Al-Mubarak","name_ar":"جنوب عبدالله المبارك","feature_class":"area_admin_level_6","source":"OpenStreetMap (Geofabrik GCC extract dated 2026-09-22) intersected with OSM land polygons (osmdata.openstreetmap.de, coastline of 2026-09-23)","license":"ODbL 1.0 (c) OpenStreetMap contributors","parent_governorate_name_en":"Farwaniya Governorate","area_km2":4.158910153090999},"geometry":{"type":"Polygon","coordinates":[[[47.90454,29.21951],[47.90494,29.2176],[47.90524,29.21714],[47.90494,29.21654],[47.90488,29.2146],[47.90498,29.21344],[47.90525,29.21305],[47.90498,29.21243],[47.90499,29.20816],[47.90397,29.20814],[47.90302,29.20727],[47.90206,29.20763],[47.89819,29.20363],[47.89807,29.20292],[47.89722,29.20264],[47.89314,29.19829],[47.89309,29.19785],[47.89235,29.19753],[47.88872,29.19375],[47.88815,29.19362],[47.8877,29.19377],[47.88581,29.19521],[47.8855,29.19581],[47.88534,29.19722],[47.88542,29.19932],[47.88582,29.19961],[47.88616,29.2005],[47.88739,29.20484],[47.8872,29.20582],[47.88749,29.20612],[47.88784,29.21031],[47.88781,29.21163],[47.88745,29.21222],[47.88781,29.21283],[47.88791,29.21868],[47.88765,29.21936],[47.88792,29.21961],[47.88835,29.22106],[47.88957,29.22212],[47.89455,29.22357],[47.8949,29.22391],[47.89543,29.2238],[47.89803,29.2246],[47.89951,29.2245],[47.90025,29.22421],[47.90172,29.2228],[47.90248,29.22254],[47.90265,29.22187],[47.90454,29.21951]]]}},{"type":"Feature","properties":{"id":"kw-area-relation-18054183","name_en":"West of Abdullah Al Mubarak Al Sabah","name_ar":"غرب عبدالله المبارك الصباح","feature_class":"area_admin_level_6","source":"OpenStreetMap (Geofabrik GCC extract dated 2026-09-22) intersected with OSM land polygons (osmdata.openstreetmap.de, coastline of 2026-09-23)","license":"ODbL 1.0 (c) OpenStreetMap contributors","parent_governorate_name_en":"Farwaniya Governorate","area_km2":13.312436296213034},"geometry":{"type":"Polygon","coordinates":[[[47.8261,29.24346],[47.82791,29.24503],[47.8294,29.24598],[47.83149,29.24694],[47.83411,29.24769],[47.85502,29.25178],[47.85812,29.25313],[47.86025,29.25471],[47.86598,29.25166],[47.87282,29.24729],[47.87619,29.24468],[47.87949,29.24127],[47.88067,29.23963],[47.88306,29.23534],[47.88478,29.22959],[47.88505,29.22634],[47.87697,29.22631],[47.86895,29.22662],[47.86753,29.22684],[47.85291,29.22626],[47.84495,29.22686],[47.82094,29.23444],[47.82456,29.24166],[47.8261,29.24346]]]}},{"type":"Feature","properties":{"id":"kw-area-relation-18054498","name_en":"Abdullah Mubarak Al-Sabah","name_ar":"عبدالله المبارك الصباح","feature_class":"area_admin_level_6","source":"OpenStreetMap (Geofabrik GCC extract dated 2026-09-22) intersected with OSM land polygons (osmdata.openstreetmap.de, coastline of 2026-09-23)","license":"ODbL 1.0 (c) OpenStreetMap contributors","parent_governorate_name_en":"Farwaniya Governorate","area_km2":5.714890642468557},"geometry":{"type":"Polygon","coordinates":[[[47.89241,29.2475],[47.89335,29.24719],[47.89512,29.24695],[47.89629,29.24714],[47.90386,29.24725],[47.90528,29.24705],[47.91194,29.24715],[47.91483,29.24699],[47.91612,29.24716],[47.92451,29.24722],[47.92821,29.24432],[47.92204,29.24002],[47.92048,29.23922],[47.91985,29.2385],[47.91366,29.23417],[47.91253,29.23381],[47.91145,29.23262],[47.91008,29.23179],[47.90869,29.23146],[47.90512,29.23133],[47.90393,29.23158],[47.89879,29.23156],[47.89737,29.23215],[47.89657,29.23293],[47.8957,29.2342],[47.89445,29.23505],[47.88974,29.23978],[47.88891,29.24103],[47.88712,29.24242],[47.88268,29.2467],[47.88234,29.24745],[47.88091,29.24856],[47.87747,29.25198],[47.8773,29.2526],[47.87752,29.25301],[47.88024,29.25504],[47.88077,29.25506],[47.88636,29.25147],[47.88777,29.25082],[47.88803,29.25036],[47.89241,29.2475]]]}},{"type":"Feature","properties":{"id":"kw-area-relation-18057957","name_en":"Rawda","name_ar":"الروضة","feature_class":"area_admin_level_6","source":"OpenStreetMap (Geofabrik GCC extract dated 2026-09-22) intersected with OSM land polygons (osmdata.openstreetmap.de, coastline of 2026-09-23)","license":"ODbL 1.0 (c) OpenStreetMap contributors","parent_governorate_name_en":"Capital Governorate","area_km2":3.0689913915512412},"geometry":{"type":"Polygon","coordinates":[[[47.98747,29.33495],[47.99409,29.33731],[48.00058,29.34046],[48.01213,29.32291],[47.99339,29.32062],[47.98747,29.33495]]]}},{"type":"Feature","properties":{"id":"kw-area-relation-18057958","name_en":"Adailiya","name_ar":"العديلية","feature_class":"area_admin_level_6","source":"OpenStreetMap (Geofabrik GCC extract dated 2026-09-22) intersected with OSM land polygons (osmdata.openstreetmap.de, coastline of 2026-09-23)","license":"ODbL 1.0 (c) OpenStreetMap contributors","parent_governorate_name_en":"Capital Governorate","area_km2":2.681270062313929},"geometry":{"type":"Polygon","coordinates":[[[47.98747,29.33495],[47.99339,29.32062],[47.97467,29.31854],[47.97127,29.33195],[47.97738,29.33262],[47.98483,29.33416],[47.98747,29.33495]]]}},{"type":"Feature","properties":{"id":"kw-area-relation-18058279","name_en":"Daiya","name_ar":"الدعية","feature_class":"area_admin_level_6","source":"OpenStreetMap (Geofabrik GCC extract dated 2026-09-22) intersected with OSM land polygons (osmdata.openstreetmap.de, coastline of 2026-09-23)","license":"ODbL 1.0 (c) OpenStreetMap contributors","parent_governorate_name_en":"Capital Governorate","area_km2":2.6310622416144134},"geometry":{"type":"MultiPolygon","coordinates":[[[[48.01702,29.35495],[48.01339,29.34976],[48.00329,29.35691],[48.00659,29.36021],[48.00995,29.36436],[48.01402,29.37106],[48.01426,29.37086],[48.01411,29.37013],[48.01438,29.36969],[48.01587,29.3687],[48.02067,29.3677],[48.02199,29.36781],[48.02183,29.36695],[48.02313,29.3653],[48.02543,29.36511],[48.02646,29.36668],[48.02742,29.36703],[48.02773,29.36673],[48.02795,29.36616],[48.02716,29.36561],[48.02729,29.36536],[48.02803,29.36508],[48.02777,29.36496],[48.02757,29.36434],[48.02827,29.36419],[48.02848,29.36389],[48.02904,29.36392],[48.02934,29.36339],[48.02862,29.36305],[48.02727,29.36303],[48.02646,29.36338],[48.02589,29.36395],[48.02529,29.3635],[48.0249,29.3625],[48.0249,29.36151],[48.02535,29.36093],[48.02636,29.36068],[48.02126,29.35797],[48.01702,29.35495]]],[[[48.02972,29.36372],[48.02929,29.36381],[48.02948,29.36505],[48.02911,29.36546],[48.02899,29.36614],[48.02793,29.3665],[48.02801,29.36706],[48.02947,29.36656],[48.03024,29.3653],[48.03005,29.36423],[48.02972,29.36372]]],[[[48.02768,29.36441],[48.0278,29.36466],[48.02809,29.36454],[48.02797,29.3643],[48.02768,29.36441]]]]}},{"type":"Feature","properties":{"id":"kw-area-relation-18058453","name_en":"Bnaid Al Qar","name_ar":"بنيد القار","feature_class":"area_admin_level_6","source":"OpenStreetMap (Geofabrik GCC extract dated 2026-09-22) intersected with OSM land polygons (osmdata.openstreetmap.de, coastline of 2026-09-23)","license":"ODbL 1.0 (c) OpenStreetMap contributors","parent_governorate_name_en":"Capital Governorate","area_km2":1.1401960494312253},"geometry":{"type":"Polygon","coordinates":[[[47.99706,29.381],[47.99851,29.38123],[48.00067,29.38203],[48.00283,29.38232],[48.0034,29.37879],[48.00528,29.37489],[48.00692,29.37306],[48.01078,29.37013],[48.01282,29.36887],[48.01093,29.36577],[48.00098,29.37134],[47.99661,29.37442],[47.99731,29.37744],[47.99732,29.37962],[47.99706,29.381]]]}},{"type":"Feature","properties":{"id":"kw-area-relation-18066282","name_en":"Dasma","name_ar":"الدسمة","feature_class":"area_admin_level_6","source":"OpenStreetMap (Geofabrik GCC extract dated 2026-09-22) intersected with OSM land polygons (osmdata.openstreetmap.de, coastline of 2026-09-23)","license":"ODbL 1.0 (c) OpenStreetMap contributors","parent_governorate_name_en":"Capital Governorate","area_km2":1.7235259792583193},"geometry":{"type":"Polygon","coordinates":[[[48.01093,29.36577],[48.00803,29.36185],[48.00329,29.35691],[47.99228,29.36496],[47.99388,29.3668],[47.99494,29.36859],[47.99661,29.37442],[48.00098,29.37134],[48.01093,29.36577]]]}},{"type":"Feature","properties":{"id":"kw-area-relation-18066945","name_en":"Abdullah Al-Salem (Dhahiya)","name_ar":"ضاحية عبد الله السالم","feature_class":"area_admin_level_6","source":"OpenStreetMap (Geofabrik GCC extract dated 2026-09-22) intersected with OSM land polygons (osmdata.openstreetmap.de, coastline of 2026-09-23)","license":"ODbL 1.0 (c) OpenStreetMap contributors","parent_governorate_name_en":"Capital Governorate","area_km2":2.684742804540015},"geometry":{"type":"Polygon","coordinates":[[[47.99406,29.35036],[47.98822,29.34754],[47.98302,29.34569],[47.97697,29.34418],[47.97253,29.34365],[47.97299,29.35195],[47.97414,29.35895],[47.9799,29.35912],[47.98185,29.35937],[47.98407,29.35996],[47.98686,29.36122],[47.99406,29.35036]]]}},{"type":"Feature","properties":{"id":"kw-area-relation-18077479","name_en":"Northwest Sulaibikhat","name_ar":"شمال غرب الصليبخات","feature_class":"area_admin_level_6","source":"OpenStreetMap (Geofabrik GCC extract dated 2026-09-22) intersected with OSM land polygons (osmdata.openstreetmap.de, coastline of 2026-09-23)","license":"ODbL 1.0 (c) OpenStreetMap contributors","parent_governorate_name_en":"Capital Governorate","area_km2":3.5840473587804444},"geometry":{"type":"Polygon","coordinates":[[[47.82379,29.32361],[47.8245,29.32343],[47.82496,29.32353],[47.8254,29.32403],[47.82548,29.32466],[47.82606,29.32482],[47.82884,29.32348],[47.82941,29.32381],[47.83025,29.32366],[47.83044,29.32338],[47.8302,29.32155],[47.8295,29.32001],[47.82457,29.31986],[47.80352,29.32009],[47.80325,29.32074],[47.80202,29.32179],[47.80164,29.32241],[47.80005,29.32597],[47.79954,29.32804],[47.79919,29.33336],[47.79845,29.33508],[47.79995,29.3354],[47.81849,29.3347],[47.81825,29.33244],[47.82017,29.33278],[47.8204,29.33236],[47.81774,29.33144],[47.82013,29.3271],[47.8225,29.32448],[47.82379,29.32361]]]}},{"type":"Feature","properties":{"id":"kw-area-relation-18078772","name_en":"Shuwaikh Industrial 1","name_ar":"الشويخ الصناعية 1","feature_class":"area_admin_level_6","source":"OpenStreetMap (Geofabrik GCC extract dated 2026-09-22) intersected with OSM land polygons (osmdata.openstreetmap.de, coastline of 2026-09-23)","license":"ODbL 1.0 (c) OpenStreetMap contributors","parent_governorate_name_en":"Capital Governorate","area_km2":3.7153098154835775},"geometry":{"type":"Polygon","coordinates":[[[47.95208,29.3335],[47.93615,29.32358],[47.92539,29.33996],[47.93983,29.34857],[47.95208,29.3335]]]}},{"type":"Feature","properties":{"id":"kw-area-relation-18078773","name_en":"Shuwaikh Industrial 3","name_ar":"الشويخ الصناعية 3","feature_class":"area_admin_level_6","source":"OpenStreetMap (Geofabrik GCC extract dated 2026-09-22) intersected with OSM land polygons (osmdata.openstreetmap.de, coastline of 2026-09-23)","license":"ODbL 1.0 (c) OpenStreetMap contributors","parent_governorate_name_en":"Capital Governorate","area_km2":2.3778494348988755},"geometry":{"type":"Polygon","coordinates":[[[47.92461,29.31976],[47.92038,29.32694],[47.93075,29.33185],[47.93615,29.32358],[47.94094,29.31744],[47.94196,29.31493],[47.92622,29.31305],[47.92607,29.31491],[47.92525,29.31823],[47.92461,29.31976]]]}},{"type":"Feature","properties":{"id":"kw-area-relation-18078774","name_en":"Shuwaikh Industrial 2","name_ar":"الشويخ الصناعية 2","feature_class":"area_admin_level_6","source":"OpenStreetMap (Geofabrik GCC extract dated 2026-09-22) intersected with OSM land polygons (osmdata.openstreetmap.de, coastline of 2026-09-23)","license":"ODbL 1.0 (c) OpenStreetMap contributors","parent_governorate_name_en":"Capital Governorate","area_km2":2.898071054311},"geometry":{"type":"Polygon","coordinates":[[[47.95978,29.32031],[47.96088,29.31703],[47.94196,29.31493],[47.94094,29.31744],[47.93615,29.32358],[47.95208,29.3335],[47.95479,29.32969],[47.95978,29.32031]]]}},{"type":"Feature","properties":{"id":"kw-area-relation-18081619","name_en":"Jaber Al-Ali","name_ar":"جابر العلي","feature_class":"area_admin_level_6","source":"OpenStreetMap (Geofabrik GCC extract dated 2026-09-22) intersected with OSM land polygons (osmdata.openstreetmap.de, coastline of 2026-09-23)","license":"ODbL 1.0 (c) OpenStreetMap contributors","parent_governorate_name_en":"Ahmadi Governorate","area_km2":4.8110294734600085},"geometry":{"type":"Polygon","coordinates":[[[48.082,29.15591],[48.079,29.15485],[48.06893,29.17627],[48.07789,29.1794],[48.08065,29.18008],[48.08518,29.18055],[48.09097,29.18034],[48.09301,29.16921],[48.09314,29.16725],[48.09267,29.16429],[48.09267,29.16135],[48.0937,29.15796],[48.082,29.15591]]]}},{"type":"Feature","properties":{"id":"kw-area-relation-18081620","name_en":"Eqaila","name_ar":"العقيلة","feature_class":"area_admin_level_6","source":"OpenStreetMap (Geofabrik GCC extract dated 2026-09-22) intersected with OSM land polygons (osmdata.openstreetmap.de, coastline of 2026-09-23)","license":"ODbL 1.0 (c) OpenStreetMap contributors","parent_governorate_name_en":"Ahmadi Governorate","area_km2":4.70570188768222},"geometry":{"type":"Polygon","coordinates":[[[48.09259,29.16284],[48.09313,29.16818],[48.09097,29.18034],[48.09607,29.18025],[48.10038,29.18078],[48.11211,29.18395],[48.11356,29.17899],[48.1138,29.1762],[48.11323,29.17288],[48.11086,29.16756],[48.11025,29.16522],[48.1101,29.16323],[48.11047,29.16066],[48.0937,29.15796],[48.09305,29.15963],[48.09259,29.16284]]]}},{"type":"Feature","properties":{"id":"kw-area-relation-18081621","name_en":"Al-Fintas","name_ar":"الفنطاس","feature_class":"area_admin_level_6","source":"OpenStreetMap (Geofabrik GCC extract dated 2026-09-22) intersected with OSM land polygons (osmdata.openstreetmap.de, coastline of 2026-09-23)","license":"ODbL 1.0 (c) OpenStreetMap contributors","parent_governorate_name_en":"Ahmadi Governorate","area_km2":2.5582243424278093},"geometry":{"type":"Polygon","coordinates":[[[48.11789,29.18375],[48.1202,29.17985],[48.12192,29.17746],[48.12222,29.17664],[48.12279,29.17267],[48.12323,29.16526],[48.1219,29.16142],[48.12249,29.15905],[48.12177,29.15887],[48.11937,29.15898],[48.11419,29.16102],[48.11299,29.16106],[48.11047,29.16066],[48.11031,29.16141],[48.11013,29.16423],[48.11049,29.16623],[48.11086,29.16756],[48.11323,29.17288],[48.1138,29.1762],[48.11356,29.17899],[48.11211,29.18395],[48.11571,29.18492],[48.11655,29.18468],[48.11789,29.18375]]]}},{"type":"Feature","properties":{"id":"kw-area-relation-18081762","name_en":"Mahboula","name_ar":"المهبولة","feature_class":"area_admin_level_6","source":"OpenStreetMap (Geofabrik GCC extract dated 2026-09-22) intersected with OSM land polygons (osmdata.openstreetmap.de, coastline of 2026-09-23)","license":"ODbL 1.0 (c) OpenStreetMap contributors","parent_governorate_name_en":"Ahmadi Governorate","area_km2":4.1102425054549725},"geometry":{"type":"Polygon","coordinates":[[[48.11126,29.15687],[48.11047,29.16066],[48.11299,29.16106],[48.11419,29.16102],[48.11937,29.15898],[48.12121,29.1588],[48.12249,29.15905],[48.12192,29.16085],[48.12409,29.16117],[48.12453,29.15892],[48.12649,29.15457],[48.12679,29.15299],[48.12882,29.14951],[48.1303,29.14854],[48.13067,29.14602],[48.13269,29.14137],[48.13307,29.13682],[48.13049,29.13644],[48.13014,29.13802],[48.12411,29.13739],[48.11887,29.13748],[48.11439,29.13664],[48.11126,29.15687]]]}},{"type":"Feature","properties":{"id":"kw-area-relation-18084894","name_en":"Abu Halifa","name_ar":"أبو حليفة","feature_class":"area_admin_level_6","source":"OpenStreetMap (Geofabrik GCC extract dated 2026-09-22) intersected with OSM land polygons (osmdata.openstreetmap.de, coastline of 2026-09-23)","license":"ODbL 1.0 (c) OpenStreetMap contributors","parent_governorate_name_en":"Ahmadi Governorate","area_km2":3.6089726848876933},"geometry":{"type":"Polygon","coordinates":[[[48.1217,29.11922],[48.11706,29.11927],[48.11439,29.13664],[48.11887,29.13748],[48.12411,29.13739],[48.13014,29.13802],[48.13049,29.13644],[48.13307,29.13682],[48.13366,29.13005],[48.13451,29.12985],[48.13466,29.12945],[48.13545,29.12889],[48.13605,29.12567],[48.13738,29.12363],[48.13712,29.12144],[48.13311,29.12102],[48.1217,29.11922]]]}},{"type":"Feature","properties":{"id":"kw-area-relation-18085214","name_en":"Sabahiya","name_ar":"الصباحية","feature_class":"area_admin_level_6","source":"OpenStreetMap (Geofabrik GCC extract dated 2026-09-22) intersected with OSM land polygons (osmdata.openstreetmap.de, coastline of 2026-09-23)","license":"ODbL 1.0 (c) OpenStreetMap contributors","parent_governorate_name_en":"Ahmadi Governorate","area_km2":6.847992760289431},"geometry":{"type":"Polygon","coordinates":[[[48.09301,29.12309],[48.09891,29.1224],[48.10683,29.12102],[48.11137,29.12073],[48.11471,29.11969],[48.11706,29.11927],[48.11819,29.11164],[48.11832,29.10907],[48.118,29.10549],[48.11584,29.09075],[48.098,29.09338],[48.09301,29.12309]]]}},{"type":"Feature","properties":{"id":"kw-area-relation-18091458","name_en":"Um Hegoul","name_ar":"أم حجول","feature_class":"area_admin_level_6","source":"OpenStreetMap (Geofabrik GCC extract dated 2026-09-22) intersected with OSM land polygons (osmdata.openstreetmap.de, coastline of 2026-09-23)","license":"ODbL 1.0 (c) OpenStreetMap contributors","parent_governorate_name_en":"Ahmadi Governorate","area_km2":432.5150206426763},"geometry":{"type":"Polygon","coordinates":[[[47.70446,28.52436],[47.70904,28.54309],[47.66732,28.58264],[47.65398,28.59569],[47.65261,28.59788],[47.63687,28.628],[47.68127,28.65617],[47.70453,28.66996],[47.71495,28.67822],[47.74141,28.70569],[47.75551,28.72635],[47.78081,28.71621],[47.78854,28.71448],[47.79091,28.71417],[47.80725,28.70949],[47.8546,28.6955],[47.8581,28.69396],[47.8598,28.69275],[47.86044,28.69199],[47.86666,28.68243],[47.87155,28.6743],[47.88099,28.66481],[47.88638,28.659],[47.88809,28.65786],[47.91043,28.63815],[47.92988,28.62611],[47.9325,28.62612],[47.93198,28.61646],[47.93086,28.60545],[47.91548,28.57674],[47.91819,28.57191],[47.89373,28.52742],[47.70446,28.52436]]]}},{"type":"Feature","properties":{"id":"kw-area-relation-18091480","name_en":"Wafra Residential","name_ar":"الوفرة السكنية","feature_class":"area_admin_level_6","source":"OpenStreetMap (Geofabrik GCC extract dated 2026-09-22) intersected with OSM land polygons (osmdata.openstreetmap.de, coastline of 2026-09-23)","license":"ODbL 1.0 (c) OpenStreetMap contributors","parent_governorate_name_en":"Ahmadi Governorate","area_km2":8.790335574382544},"geometry":{"type":"Polygon","coordinates":[[[48.0286,28.62429],[48.04166,28.59973],[48.01476,28.58838],[48.00146,28.61277],[48.0286,28.62429]]]}},{"type":"Feature","properties":{"id":"kw-area-relation-18091481","name_en":"Wafra Farms","name_ar":"مزارع الوفرة","feature_class":"area_admin_level_6","source":"OpenStreetMap (Geofabrik GCC extract dated 2026-09-22) intersected with OSM land polygons (osmdata.openstreetmap.de, coastline of 2026-09-23)","license":"ODbL 1.0 (c) OpenStreetMap contributors","parent_governorate_name_en":"Ahmadi Governorate","area_km2":427.7075164424719},"geometry":{"type":"Polygon","coordinates":[[[47.89373,28.52742],[47.91819,28.57191],[47.91548,28.57674],[47.93086,28.60545],[47.93198,28.61646],[47.99445,28.61365],[48.00078,28.61381],[48.00146,28.61277],[48.15921,28.67929],[48.16201,28.68076],[48.19094,28.69324],[48.20578,28.61363],[48.21013,28.61282],[48.23677,28.60572],[48.27326,28.61941],[48.28453,28.59265],[48.28646,28.58693],[48.29975,28.58214],[48.29848,28.53281],[47.89373,28.52742]]]}},{"type":"Feature","properties":{"id":"kw-area-relation-18091793","name_en":"East Shuaiba Industrial","name_ar":"الشعيبة الصناعية الشرقية","feature_class":"area_admin_level_6","source":"OpenStreetMap (Geofabrik GCC extract dated 2026-09-22) intersected with OSM land polygons (osmdata.openstreetmap.de, coastline of 2026-09-23)","license":"ODbL 1.0 (c) OpenStreetMap contributors","parent_governorate_name_en":"Ahmadi Governorate","area_km2":10.909894292395107},"geometry":{"type":"Polygon","coordinates":[[[48.12773,29.01994],[48.11521,29.04276],[48.11385,29.0458],[48.12069,29.04565],[48.15022,29.04603],[48.15013,29.05064],[48.15518,29.05068],[48.15532,29.05031],[48.1619,29.05042],[48.16544,29.04529],[48.16458,29.0448],[48.16137,29.04945],[48.15492,29.04933],[48.15505,29.04142],[48.15968,29.04146],[48.15969,29.04058],[48.15712,29.04055],[48.15716,29.03795],[48.15879,29.03798],[48.16002,29.03952],[48.16042,29.03934],[48.16134,29.04029],[48.16297,29.03917],[48.16274,29.03891],[48.16119,29.03984],[48.16009,29.03834],[48.16095,29.03779],[48.16373,29.03795],[48.16599,29.04309],[48.16695,29.04281],[48.16464,29.03742],[48.17364,29.04166],[48.17239,29.04373],[48.17263,29.04384],[48.17597,29.03829],[48.17572,29.03819],[48.17371,29.04144],[48.16478,29.03732],[48.15731,29.03727],[48.15671,29.03487],[48.15616,29.03472],[48.15615,29.03448],[48.15675,29.0343],[48.15677,29.03385],[48.15597,29.03333],[48.1578,29.03265],[48.15784,29.03159],[48.15826,29.03147],[48.15825,29.03107],[48.15746,29.03096],[48.15723,29.03071],[48.15762,29.0299],[48.15748,29.02771],[48.15782,29.02501],[48.15799,29.0246],[48.15914,29.02394],[48.1591,29.02336],[48.15835,29.02294],[48.15899,29.01936],[48.12773,29.01994]]]}},{"type":"Feature","properties":{"id":"kw-area-relation-18091794","name_en":"Shuaiba Industrial Western","name_ar":"الشعيبه الصناعيه الغربيه","feature_class":"area_admin_level_6","source":"OpenStreetMap (Geofabrik GCC extract dated 2026-09-22) intersected with OSM land polygons (osmdata.openstreetmap.de, coastline of 2026-09-23)","license":"ODbL 1.0 (c) OpenStreetMap contributors","parent_governorate_name_en":"Ahmadi Governorate","area_km2":24.223737737543154},"geometry":{"type":"Polygon","coordinates":[[[48.128,28.97205],[48.12434,28.9635],[48.12234,28.95942],[48.1172,28.96576],[48.11226,28.97351],[48.09939,28.99609],[48.09642,29.00237],[48.0937,29.00996],[48.09239,29.01681],[48.09179,29.02544],[48.09234,29.03322],[48.10166,29.03595],[48.10456,29.03652],[48.11845,29.03686],[48.13504,29.00666],[48.14317,28.99618],[48.14157,28.99507],[48.14099,28.99439],[48.128,28.97205]]]}},{"type":"Feature","properties":{"id":"kw-area-relation-18092097","name_en":"Nahda","name_ar":"النهضة","feature_class":"area_admin_level_6","source":"OpenStreetMap (Geofabrik GCC extract dated 2026-09-22) intersected with OSM land polygons (osmdata.openstreetmap.de, coastline of 2026-09-23)","license":"ODbL 1.0 (c) OpenStreetMap contributors","parent_governorate_name_en":"Jahra Governorate","area_km2":2.0748343732495376},"geometry":{"type":"Polygon","coordinates":[[[47.85136,29.3067],[47.85155,29.31096],[47.86559,29.31062],[47.86486,29.29986],[47.86479,29.29555],[47.8601,29.29525],[47.85303,29.29523],[47.85331,29.30666],[47.85136,29.3067]]]}},{"type":"Feature","properties":{"id":"kw-area-relation-18098306","name_en":"Industrial Sulaibiya 1","name_ar":"الصليبية الصناعية 1","feature_class":"area_admin_level_6","source":"OpenStreetMap (Geofabrik GCC extract dated 2026-09-22) intersected with OSM land polygons (osmdata.openstreetmap.de, coastline of 2026-09-23)","license":"ODbL 1.0 (c) OpenStreetMap contributors","parent_governorate_name_en":"Jahra Governorate","area_km2":2.4738131853274283},"geometry":{"type":"Polygon","coordinates":[[[47.84793,29.28875],[47.84223,29.27819],[47.83668,29.28059],[47.83501,29.28176],[47.83356,29.28328],[47.83274,29.2847],[47.83206,29.28676],[47.83204,29.29544],[47.85269,29.29523],[47.85122,29.29349],[47.84793,29.28875]]]}},{"type":"Feature","properties":{"id":"kw-area-relation-18098307","name_en":"Sulaibiya Industrial 2","name_ar":"الصليبية الصناعية 2","feature_class":"area_admin_level_6","source":"OpenStreetMap (Geofabrik GCC extract dated 2026-09-22) intersected with OSM land polygons (osmdata.openstreetmap.de, coastline of 2026-09-23)","license":"ODbL 1.0 (c) OpenStreetMap contributors","parent_governorate_name_en":"Jahra Governorate","area_km2":6.775561438914172},"geometry":{"type":"Polygon","coordinates":[[[47.84703,29.26492],[47.84207,29.2651],[47.83581,29.26574],[47.83704,29.26851],[47.84793,29.28875],[47.84946,29.29121],[47.85269,29.29523],[47.85768,29.29519],[47.86479,29.29555],[47.86432,29.26609],[47.84703,29.26492]]]}},{"type":"Feature","properties":{"id":"kw-area-relation-18098318","name_en":"Sulaibiya Agricultural","name_ar":"الصليبية الزراعية","feature_class":"area_admin_level_6","source":"OpenStreetMap (Geofabrik GCC extract dated 2026-09-22) intersected with OSM land polygons (osmdata.openstreetmap.de, coastline of 2026-09-23)","license":"ODbL 1.0 (c) OpenStreetMap contributors","parent_governorate_name_en":"Jahra Governorate","area_km2":6.756047752892228},"geometry":{"type":"Polygon","coordinates":[[[47.81053,29.29022],[47.81537,29.28613],[47.81943,29.28192],[47.82429,29.27758],[47.83704,29.26851],[47.83581,29.26574],[47.83153,29.26679],[47.82568,29.26863],[47.79787,29.27928],[47.78492,29.28362],[47.7857,29.28639],[47.78604,29.29039],[47.7854,29.29539],[47.7909,29.29568],[47.80206,29.2957],[47.8021,29.29392],[47.80526,29.29383],[47.81053,29.29022]]]}},{"type":"Feature","properties":{"id":"kw-area-relation-18098319","name_en":"Sulaibiya Agricultural","name_ar":"الصليبية الزراعية","feature_class":"area_admin_level_6","source":"OpenStreetMap (Geofabrik GCC extract dated 2026-09-22) intersected with OSM land polygons (osmdata.openstreetmap.de, coastline of 2026-09-23)","license":"ODbL 1.0 (c) OpenStreetMap contributors","parent_governorate_name_en":"Jahra Governorate","area_km2":110.57201986634122},"geometry":{"type":"Polygon","coordinates":[[[47.71033,29.26332],[47.71765,29.25774],[47.72575,29.26913],[47.73201,29.2675],[47.7473,29.29355],[47.76143,29.29032],[47.77146,29.28768],[47.79132,29.28162],[47.82568,29.26863],[47.83153,29.26679],[47.83581,29.26574],[47.84232,29.26216],[47.85286,29.25811],[47.86025,29.25471],[47.85812,29.25313],[47.85502,29.25178],[47.83276,29.24736],[47.8294,29.24598],[47.82791,29.24503],[47.8261,29.24346],[47.82456,29.24166],[47.82351,29.23989],[47.81647,29.22478],[47.81425,29.22093],[47.79261,29.19072],[47.79064,29.18675],[47.79016,29.18527],[47.698,29.19562],[47.69778,29.20692],[47.69795,29.20977],[47.70626,29.21934],[47.71114,29.22358],[47.71515,29.22751],[47.71744,29.23009],[47.71226,29.23553],[47.69684,29.24878],[47.71033,29.26332]]]}},{"type":"Feature","properties":{"id":"kw-area-relation-18098486","name_en":"Sikrab","name_ar":"السكراب","feature_class":"area_admin_level_6","source":"OpenStreetMap (Geofabrik GCC extract dated 2026-09-22) intersected with OSM land polygons (osmdata.openstreetmap.de, coastline of 2026-09-23)","license":"ODbL 1.0 (c) OpenStreetMap contributors","parent_governorate_name_en":"Jahra Governorate","area_km2":8.502960955118898},"geometry":{"type":"Polygon","coordinates":[[[47.78591,29.28811],[47.7857,29.28639],[47.78492,29.28362],[47.779,29.28551],[47.76597,29.28917],[47.74841,29.29329],[47.76403,29.3176],[47.77235,29.31377],[47.77593,29.3124],[47.77962,29.31176],[47.7851,29.31167],[47.78498,29.29934],[47.78586,29.29298],[47.78591,29.28811]]]}},{"type":"Feature","properties":{"id":"kw-area-relation-18098487","name_en":"Amghara Industrial","name_ar":"أمغرة الصناعية","feature_class":"area_admin_level_6","source":"OpenStreetMap (Geofabrik GCC extract dated 2026-09-22) intersected with OSM land polygons (osmdata.openstreetmap.de, coastline of 2026-09-23)","license":"ODbL 1.0 (c) OpenStreetMap contributors","parent_governorate_name_en":"Jahra Governorate","area_km2":6.455168007447976},"geometry":{"type":"Polygon","coordinates":[[[47.72917,29.2967],[47.73283,29.30347],[47.74012,29.31577],[47.74034,29.31769],[47.74122,29.31867],[47.74554,29.32604],[47.76403,29.3176],[47.74841,29.29329],[47.72917,29.2967]]]}},{"type":"Feature","properties":{"id":"kw-area-relation-18101124","name_en":"Jahra Industrial Crafts","name_ar":"الجهراء الصناعية الحرفية","feature_class":"area_admin_level_6","source":"OpenStreetMap (Geofabrik GCC extract dated 2026-09-22) intersected with OSM land polygons (osmdata.openstreetmap.de, coastline of 2026-09-23)","license":"ODbL 1.0 (c) OpenStreetMap contributors","parent_governorate_name_en":"Jahra Governorate","area_km2":5.72687027365084},"geometry":{"type":"Polygon","coordinates":[[[47.67937,29.31237],[47.6764,29.30339],[47.66799,29.30594],[47.66365,29.30763],[47.6572,29.31068],[47.64988,29.31502],[47.64542,29.31816],[47.64156,29.32126],[47.63727,29.32524],[47.63479,29.32826],[47.6332,29.33075],[47.63165,29.33404],[47.63044,29.33853],[47.63562,29.33862],[47.64098,29.33831],[47.64952,29.33701],[47.64745,29.32984],[47.64719,29.32795],[47.64736,29.32647],[47.64835,29.32457],[47.65,29.32288],[47.65129,29.32215],[47.67937,29.31237]]]}},{"type":"Feature","properties":{"id":"kw-area-relation-18101423","name_en":"Jawakher Al Jahra","name_ar":"جواخير الجهراء","feature_class":"area_admin_level_6","source":"OpenStreetMap (Geofabrik GCC extract dated 2026-09-22) intersected with OSM land polygons (osmdata.openstreetmap.de, coastline of 2026-09-23)","license":"ODbL 1.0 (c) OpenStreetMap contributors","parent_governorate_name_en":"Jahra Governorate","area_km2":0.6902898840082884},"geometry":{"type":"Polygon","coordinates":[[[47.66571,29.3029],[47.66053,29.30286],[47.65277,29.30862],[47.6551,29.31187],[47.66365,29.30763],[47.66675,29.30646],[47.66571,29.3029]]]}},{"type":"Feature","properties":{"id":"kw-area-relation-18110053","name_en":"Industrial Subhan","name_ar":"صبحان الصناعية","feature_class":"area_admin_level_6","source":"OpenStreetMap (Geofabrik GCC extract dated 2026-09-22) intersected with OSM land polygons (osmdata.openstreetmap.de, coastline of 2026-09-23)","license":"ODbL 1.0 (c) OpenStreetMap contributors","parent_governorate_name_en":"Mubarak al-Kabir Governorate","area_km2":4.434196055170059},"geometry":{"type":"Polygon","coordinates":[[[47.99206,29.23606],[47.9908,29.24479],[48.00977,29.24421],[48.00931,29.23359],[48.01645,29.23331],[48.01725,29.23293],[48.0168,29.224],[48.0162,29.22363],[48.00292,29.22412],[48.00016,29.22387],[47.99759,29.22315],[47.99271,29.2333],[47.99206,29.23606]]]}},{"type":"Feature","properties":{"id":"kw-area-relation-18112388","name_en":"Kubbar Island","name_ar":"جزيرة كبر","feature_class":"area_admin_level_6","source":"OpenStreetMap (Geofabrik GCC extract dated 2026-09-22) intersected with OSM land polygons (osmdata.openstreetmap.de, coastline of 2026-09-23)","license":"ODbL 1.0 (c) OpenStreetMap contributors","parent_governorate_name_en":"Capital Governorate","area_km2":0.1415536730865721},"geometry":{"type":"Polygon","coordinates":[[[48.49037,29.07092],[48.49042,29.07205],[48.49153,29.0739],[48.49231,29.074],[48.4945,29.07353],[48.49481,29.0717],[48.49401,29.07092],[48.49293,29.07029],[48.49078,29.07049],[48.49037,29.07092]]]}},{"type":"Feature","properties":{"id":"kw-area-relation-18112401","name_en":"Auha Island","name_ar":"جزيرة عوهة","feature_class":"area_admin_level_6","source":"OpenStreetMap (Geofabrik GCC extract dated 2026-09-22) intersected with OSM land polygons (osmdata.openstreetmap.de, coastline of 2026-09-23)","license":"ODbL 1.0 (c) OpenStreetMap contributors","parent_governorate_name_en":"Capital Governorate","area_km2":0.11258960703018168},"geometry":{"type":"Polygon","coordinates":[[[48.43921,29.37917],[48.44177,29.37945],[48.44233,29.37926],[48.44269,29.37852],[48.44194,29.37754],[48.44009,29.37684],[48.43838,29.37651],[48.43812,29.37675],[48.43822,29.37765],[48.43725,29.37891],[48.43798,29.37877],[48.43921,29.37917]]]}},{"type":"Feature","properties":{"id":"kw-area-relation-18112698","name_en":"Garuh Island","name_ar":"جزيرة غاروه","feature_class":"area_admin_level_6","source":"OpenStreetMap (Geofabrik GCC extract dated 2026-09-22) intersected with OSM land polygons (osmdata.openstreetmap.de, coastline of 2026-09-23)","license":"ODbL 1.0 (c) OpenStreetMap contributors","parent_governorate_name_en":"Capital Governorate","area_km2":0.03447790641418705},"geometry":{"type":"Polygon","coordinates":[[[48.77666,28.81674],[48.7757,28.81675],[48.77533,28.81735],[48.77538,28.81806],[48.77606,28.81854],[48.77695,28.81828],[48.77754,28.8176],[48.7775,28.8172],[48.77666,28.81674]]]}},{"type":"Feature","properties":{"id":"kw-area-relation-18112699","name_en":"جزيرة أم النمل","name_ar":"جزيرة أم النمل","feature_class":"area_admin_level_6","source":"OpenStreetMap (Geofabrik GCC extract dated 2026-09-22) intersected with OSM land polygons (osmdata.openstreetmap.de, coastline of 2026-09-23)","license":"ODbL 1.0 (c) OpenStreetMap contributors","parent_governorate_name_en":"Capital Governorate","area_km2":0.606179845227545},"geometry":{"type":"Polygon","coordinates":[[[47.85366,29.37764],[47.85346,29.37813],[47.854,29.37772],[47.85657,29.37905],[47.86119,29.38012],[47.86355,29.38109],[47.86528,29.38211],[47.86545,29.38249],[47.86499,29.38476],[47.86553,29.38558],[47.8665,29.38627],[47.86649,29.38715],[47.86966,29.38779],[47.87147,29.38763],[47.87119,29.38705],[47.87045,29.38657],[47.87022,29.38602],[47.8708,29.38403],[47.87213,29.38226],[47.87216,29.38194],[47.87149,29.38141],[47.86726,29.38013],[47.86272,29.37933],[47.8567,29.37707],[47.8558,29.37693],[47.85366,29.37764]]]}},{"type":"Feature","properties":{"id":"kw-area-relation-18112700","name_en":"Southern Industrial Island","name_ar":"الجزيرة الصناعية الجنوبية","feature_class":"area_admin_level_6","source":"OpenStreetMap (Geofabrik GCC extract dated 2026-09-22) intersected with OSM land polygons (osmdata.openstreetmap.de, coastline of 2026-09-23)","license":"ODbL 1.0 (c) OpenStreetMap contributors","parent_governorate_name_en":"Capital Governorate","area_km2":0.3280771273606988},"geometry":{"type":"Polygon","coordinates":[[[47.92962,29.39941],[47.93027,29.40032],[47.9317,29.40159],[47.93644,29.40091],[47.93766,29.40049],[47.93811,29.39987],[47.93808,29.39898],[47.93749,29.39765],[47.93711,29.39778],[47.93761,29.39864],[47.93761,29.39973],[47.93716,29.40004],[47.93608,29.40027],[47.93574,29.40015],[47.93558,29.39967],[47.93619,29.39875],[47.93647,29.39892],[47.93669,29.39871],[47.93434,29.39745],[47.93273,29.39683],[47.92923,29.39605],[47.9288,29.39618],[47.9288,29.39702],[47.92962,29.39941]]]}},{"type":"Feature","properties":{"id":"kw-area-relation-18112701","name_en":"Mischan Island","name_ar":"مسكان","feature_class":"area_admin_level_6","source":"OpenStreetMap (Geofabrik GCC extract dated 2026-09-22) intersected with OSM land polygons (osmdata.openstreetmap.de, coastline of 2026-09-23)","license":"ODbL 1.0 (c) OpenStreetMap contributors","parent_governorate_name_en":"Capital Governorate","area_km2":0.3489861526343271},"geometry":{"type":"Polygon","coordinates":[[[48.24985,29.48465],[48.24935,29.48526],[48.24877,29.4868],[48.24782,29.48793],[48.24767,29.48856],[48.24975,29.48913],[48.25107,29.48922],[48.25235,29.48893],[48.2537,29.48817],[48.25482,29.48636],[48.25507,29.48394],[48.25485,29.4831],[48.25524,29.48178],[48.25502,29.48165],[48.24985,29.48465]]]}},{"type":"Feature","properties":{"id":"kw-area-relation-18112702","name_en":"Umm al Maradim Island","name_ar":"جزيرة أم المرادم","feature_class":"area_admin_level_6","source":"OpenStreetMap (Geofabrik GCC extract dated 2026-09-22) intersected with OSM land polygons (osmdata.openstreetmap.de, coastline of 2026-09-23)","license":"ODbL 1.0 (c) OpenStreetMap contributors","parent_governorate_name_en":"Capital Governorate","area_km2":0.16234058872564555},"geometry":{"type":"Polygon","coordinates":[[[48.64968,28.67735],[48.65039,28.67868],[48.65048,28.67928],[48.65003,28.67987],[48.65052,28.68173],[48.65142,28.68248],[48.65219,28.68254],[48.65306,28.68291],[48.65332,28.68203],[48.65309,28.68118],[48.65354,28.68037],[48.65345,28.67899],[48.65264,28.67821],[48.65258,28.67759],[48.65081,28.67764],[48.65074,28.67689],[48.65176,28.67639],[48.65057,28.6768],[48.65058,28.67733],[48.64968,28.67735]]]}},{"type":"Feature","properties":{"id":"kw-area-relation-18112703","name_en":"Failaka Island","name_ar":"جزيرة فيلكا","feature_class":"area_admin_level_6","source":"OpenStreetMap (Geofabrik GCC extract dated 2026-09-22) intersected with OSM land polygons (osmdata.openstreetmap.de, coastline of 2026-09-23)","license":"ODbL 1.0 (c) OpenStreetMap contributors","parent_governorate_name_en":"Capital Governorate","area_km2":46.51603773182615},"geometry":{"type":"MultiPolygon","coordinates":[[[[48.29224,29.46786],[48.2927,29.46908],[48.29103,29.46983],[48.29103,29.47011],[48.29256,29.47047],[48.29582,29.46938],[48.2957,29.46867],[48.29534,29.46834],[48.29572,29.46783],[48.29737,29.46763],[48.29915,29.46774],[48.30319,29.46863],[48.30719,29.4702],[48.31016,29.47193],[48.31028,29.47319],[48.31128,29.47446],[48.31107,29.47466],[48.31139,29.47508],[48.31208,29.47505],[48.31278,29.47419],[48.31372,29.47224],[48.31434,29.47158],[48.31437,29.47106],[48.31585,29.4678],[48.31631,29.46622],[48.31558,29.4652],[48.31577,29.4648],[48.31879,29.46324],[48.32215,29.46079],[48.32369,29.46005],[48.32849,29.45902],[48.32974,29.45931],[48.32964,29.45972],[48.32995,29.45989],[48.331,29.4597],[48.33159,29.46007],[48.33125,29.45953],[48.33248,29.45839],[48.33457,29.45743],[48.33491,29.45747],[48.33526,29.45691],[48.33706,29.45578],[48.34079,29.45403],[48.3432,29.45326],[48.34328,29.45291],[48.34516,29.45224],[48.34794,29.45177],[48.34859,29.45143],[48.35345,29.45112],[48.35473,29.4513],[48.35596,29.45015],[48.3582,29.44878],[48.35871,29.44822],[48.35927,29.447],[48.36322,29.44432],[48.36343,29.44404],[48.3631,29.44399],[48.36306,29.44372],[48.36585,29.43999],[48.37147,29.43488],[48.37337,29.43395],[48.37353,29.43346],[48.37322,29.43331],[48.37308,29.43349],[48.37289,29.43316],[48.37306,29.43233],[48.37443,29.43072],[48.38028,29.42574],[48.3829,29.42301],[48.38474,29.42154],[48.38935,29.41871],[48.39296,29.41592],[48.39835,29.41276],[48.40088,29.41054],[48.40299,29.40827],[48.40349,29.40672],[48.40308,29.40493],[48.4031,29.40032],[48.40272,29.3975],[48.40235,29.39644],[48.40248,29.39576],[48.40308,29.39505],[48.40055,29.39348],[48.40052,29.39296],[48.39962,29.39321],[48.39945,29.39364],[48.39245,29.39213],[48.3918,29.3925],[48.3879,29.39246],[48.38694,29.39289],[48.38637,29.39423],[48.3749,29.39911],[48.36172,29.40253],[48.36139,29.40394],[48.36074,29.40433],[48.3601,29.40521],[48.35902,29.40587],[48.35768,29.40862],[48.35545,29.4107],[48.35357,29.41133],[48.35311,29.41208],[48.35337,29.41312],[48.35309,29.41456],[48.35171,29.41677],[48.34931,29.41769],[48.34946,29.41833],[48.34903,29.41929],[48.34377,29.4215],[48.34232,29.42172],[48.3426,29.42217],[48.34227,29.42254],[48.3408,29.42337],[48.34048,29.42391],[48.33937,29.42411],[48.33929,29.42598],[48.33845,29.42708],[48.33422,29.42761],[48.32879,29.42714],[48.32689,29.4272],[48.3262,29.42758],[48.32211,29.4285],[48.32165,29.42977],[48.32042,29.42991],[48.31708,29.42948],[48.3088,29.42782],[48.30427,29.42752],[48.30365,29.42879],[48.30277,29.42903],[48.30254,29.42949],[48.30179,29.42986],[48.30065,29.42994],[48.29998,29.43032],[48.29646,29.43067],[48.29471,29.43132],[48.29385,29.4323],[48.29057,29.43208],[48.28802,29.43156],[48.28361,29.43036],[48.2758,29.42775],[48.27133,29.42774],[48.26744,29.42903],[48.26901,29.42881],[48.27015,29.42949],[48.27039,29.43002],[48.27004,29.4306],[48.26957,29.43067],[48.2687,29.43005],[48.26953,29.43072],[48.26885,29.43175],[48.26757,29.43119],[48.26713,29.42974],[48.2674,29.43117],[48.26839,29.43178],[48.26859,29.43357],[48.27039,29.43724],[48.27231,29.4425],[48.27266,29.44435],[48.27224,29.44452],[48.27195,29.44478],[48.27183,29.44514],[48.27186,29.44547],[48.27214,29.44463],[48.27341,29.4442],[48.27395,29.44544],[48.27461,29.44865],[48.27324,29.44875],[48.27356,29.44886],[48.27463,29.44868],[48.27508,29.44939],[48.2762,29.45431],[48.27863,29.45883],[48.28777,29.46955],[48.28815,29.46944],[48.28801,29.46816],[48.28854,29.46692],[48.28972,29.46681],[48.29224,29.46786]]],[[[48.2728,29.44835],[48.27264,29.44778],[48.27277,29.44836],[48.27308,29.44869],[48.27324,29.44875],[48.2728,29.44835]]]]}},{"type":"Feature","properties":{"id":"kw-area-relation-18113489","name_en":"Bubyan Island","name_ar":"جزيرة بوبيان","feature_class":"area_admin_level_6","source":"OpenStreetMap (Geofabrik GCC extract dated 2026-09-22) intersected with OSM land polygons (osmdata.openstreetmap.de, coastline of 2026-09-23)","license":"ODbL 1.0 (c) OpenStreetMap contributors","parent_governorate_name_en":null,"area_km2":45.89032681631664},"geometry":{"type":"Polygon","coordinates":[[[48.05849,29.94147],[48.06261,29.94475],[48.06785,29.95151],[48.07291,29.95546],[48.08501,29.96096],[48.09351,29.96549],[48.09686,29.96787],[48.09832,29.96758],[48.09943,29.96535],[48.10089,29.96103],[48.10501,29.95791],[48.10896,29.95672],[48.1142,29.95605],[48.11651,29.95538],[48.11729,29.95471],[48.11505,29.95181],[48.11454,29.94847],[48.11565,29.94579],[48.1196,29.94341],[48.12269,29.94118],[48.1275,29.93664],[48.13119,29.93426],[48.13497,29.93322],[48.14003,29.93344],[48.14312,29.93218],[48.14509,29.92995],[48.14501,29.92823],[48.13857,29.91782],[48.13582,29.91127],[48.13291,29.90525],[48.13025,29.90272],[48.12578,29.90101],[48.12321,29.89892],[48.11977,29.89401],[48.11737,29.8926],[48.11488,29.89275],[48.11153,29.89505],[48.10596,29.89736],[48.10166,29.89795],[48.09634,29.89729],[48.093,29.89602],[48.09059,29.89632],[48.08896,29.90115],[48.0833,29.90532],[48.07454,29.90971],[48.06682,29.91239],[48.06175,29.91284],[48.05789,29.91209],[48.05489,29.91224],[48.05343,29.91343],[48.04939,29.92325],[48.04725,29.92786],[48.04441,29.9321],[48.04296,29.93567],[48.0433,29.93783],[48.04399,29.93902],[48.04931,29.94088],[48.05394,29.94058],[48.05849,29.94147]]]}},{"type":"Feature","properties":{"id":"kw-area-relation-18113490","name_en":"Bubyan Island","name_ar":"جزيرة بوبيان","feature_class":"area_admin_level_6","source":"OpenStreetMap (Geofabrik GCC extract dated 2026-09-22) intersected with OSM land polygons (osmdata.openstreetmap.de, coastline of 2026-09-23)","license":"ODbL 1.0 (c) OpenStreetMap contributors","parent_governorate_name_en":"Jahra Governorate","area_km2":758.5410119311223},"geometry":{"type":"Polygon","coordinates":[[[48.12578,29.94437],[48.12265,29.94668],[48.12046,29.94787],[48.11999,29.94854],[48.12046,29.95025],[48.12171,29.95226],[48.12145,29.95505],[48.11982,29.95865],[48.11793,29.9601],[48.11557,29.96066],[48.11209,29.96073],[48.10862,29.96048],[48.10604,29.96152],[48.1051,29.96338],[48.10508,29.96631],[48.10578,29.96901],[48.10748,29.97287],[48.10838,29.97479],[48.10926,29.97555],[48.11186,29.97615],[48.12462,29.98001],[48.13093,29.98146],[48.13782,29.98245],[48.14565,29.98293],[48.15469,29.98278],[48.16681,29.98053],[48.17033,29.97949],[48.17698,29.97799],[48.18164,29.97631],[48.18593,29.9743],[48.19136,29.97228],[48.19685,29.96981],[48.21447,29.95945],[48.22264,29.95406],[48.22702,29.95083],[48.23457,29.94341],[48.25968,29.92199],[48.27642,29.90729],[48.28826,29.89617],[48.29603,29.88679],[48.30876,29.862],[48.32025,29.87272],[48.31988,29.87312],[48.3199,29.87351],[48.32085,29.87429],[48.32168,29.87339],[48.32028,29.87191],[48.3224,29.87366],[48.33528,29.86321],[48.33492,29.86287],[48.33197,29.86526],[48.3302,29.86358],[48.33325,29.86112],[48.3338,29.86093],[48.33465,29.861],[48.3367,29.86279],[48.33697,29.86275],[48.33535,29.8611],[48.33543,29.86083],[48.33463,29.86036],[48.33391,29.86021],[48.3326,29.86063],[48.33053,29.86239],[48.33007,29.8622],[48.32715,29.85945],[48.32489,29.85941],[48.32228,29.85687],[48.32173,29.8559],[48.31925,29.85331],[48.3189,29.85314],[48.31819,29.85351],[48.31734,29.85278],[48.33435,29.82423],[48.34105,29.81432],[48.34341,29.81235],[48.34864,29.81119],[48.35551,29.80799],[48.36263,29.80393],[48.3683,29.79943],[48.37126,29.79514],[48.3725,29.79127],[48.37396,29.78397],[48.37482,29.77209],[48.37714,29.76333],[48.37757,29.75849],[48.37735,29.75048],[48.37624,29.74538],[48.3722,29.73297],[48.36546,29.71761],[48.35843,29.7042],[48.35208,29.69376],[48.34697,29.68593],[48.33787,29.67482],[48.33152,29.66766],[48.32178,29.65748],[48.31191,29.64789],[48.30998,29.64692],[48.30041,29.63771],[48.26534,29.60559],[48.25582,29.59742],[48.24719,29.59167],[48.23517,29.58544],[48.22771,29.58271],[48.22243,29.58167],[48.21818,29.58137],[48.21436,29.58167],[48.2105,29.58234],[48.20179,29.5851],[48.19509,29.5866],[48.18616,29.59197],[48.18552,29.59331],[48.18166,29.59742],[48.17714,29.60536],[48.17618,29.6059],[48.17608,29.60753],[48.17084,29.61656],[48.16938,29.61868],[48.16913,29.62021],[48.16938,29.62219],[48.16921,29.62682],[48.16762,29.63454],[48.16578,29.6379],[48.16368,29.64006],[48.16076,29.64185],[48.1581,29.64409],[48.15728,29.64588],[48.15587,29.65054],[48.15522,29.66251],[48.15436,29.66628],[48.15252,29.6706],[48.15153,29.67471],[48.15123,29.68142],[48.15007,29.68354],[48.14806,29.68488],[48.14617,29.68526],[48.14454,29.68608],[48.14291,29.68757],[48.1405,29.69204],[48.13849,29.69398],[48.13668,29.69473],[48.13475,29.69793],[48.129,29.70289],[48.12561,29.70453],[48.12505,29.70524],[48.12587,29.70602],[48.12634,29.70833],[48.1254,29.71169],[48.1234,29.71581],[48.12063,29.71857],[48.11588,29.71786],[48.11694,29.71834],[48.11762,29.71831],[48.12004,29.71891],[48.11827,29.72145],[48.12055,29.72969],[48.12188,29.73613],[48.12123,29.7393],[48.12007,29.74172],[48.1184,29.74348],[48.11638,29.74445],[48.11188,29.74482],[48.10965,29.74571],[48.10797,29.7475],[48.1069,29.74988],[48.10724,29.7522],[48.10832,29.75518],[48.10789,29.75737],[48.1069,29.75935],[48.10415,29.76177],[48.10068,29.76393],[48.09772,29.76483],[48.09574,29.76475],[48.09394,29.76531],[48.09175,29.7671],[48.08922,29.76792],[48.0824,29.76915],[48.07793,29.77026],[48.07441,29.7703],[48.07068,29.77064],[48.06845,29.77172],[48.06609,29.77429],[48.06519,29.77671],[48.06523,29.78233],[48.06398,29.78751],[48.06416,29.78967],[48.06544,29.79291],[48.06695,29.79451],[48.06493,29.7966],[48.06257,29.79552],[48.06038,29.79511],[48.06145,29.79658],[48.06437,29.79943],[48.06802,29.80196],[48.07214,29.80378],[48.07493,29.80594],[48.0763,29.80766],[48.07986,29.8084],[48.07746,29.80956],[48.07896,29.81276],[48.08115,29.81402],[48.08338,29.8144],[48.08647,29.81414],[48.09029,29.81522],[48.09385,29.81533],[48.099,29.81443],[48.10527,29.81242],[48.10754,29.81112],[48.10694,29.8122],[48.10484,29.8135],[48.10051,29.81529],[48.09523,29.81648],[48.09197,29.81689],[48.08609,29.81555],[48.08248,29.81566],[48.07806,29.81402],[48.07853,29.82035],[48.07922,29.82181],[48.08042,29.82244],[48.08536,29.82229],[48.09132,29.8233],[48.09411,29.82449],[48.09656,29.82613],[48.09806,29.82683],[48.10003,29.82642],[48.10617,29.82374],[48.11059,29.82274],[48.11694,29.82367],[48.119,29.8227],[48.12201,29.81976],[48.12634,29.81901],[48.1308,29.81857],[48.13359,29.81894],[48.1363,29.82076],[48.13827,29.823],[48.13904,29.82426],[48.13793,29.82572],[48.13561,29.8262],[48.13269,29.82635],[48.12544,29.82516],[48.12201,29.82523],[48.119,29.8259],[48.11514,29.82583],[48.10939,29.8246],[48.10793,29.82464],[48.099,29.8284],[48.09681,29.8284],[48.09862,29.83074],[48.10248,29.83469],[48.10402,29.837],[48.10613,29.83759],[48.10802,29.83707],[48.10986,29.83718],[48.10789,29.83782],[48.10535,29.8383],[48.10347,29.83778],[48.10192,29.83618],[48.10051,29.83413],[48.09832,29.83219],[48.09639,29.82989],[48.0945,29.82814],[48.09158,29.8262],[48.08827,29.82475],[48.0851,29.82467],[48.08179,29.82523],[48.07793,29.82665],[48.07497,29.82936],[48.07304,29.83015],[48.07158,29.83111],[48.07248,29.83175],[48.07531,29.83253],[48.07647,29.83346],[48.07656,29.83469],[48.0757,29.83592],[48.07454,29.83674],[48.07463,29.8377],[48.07686,29.83916],[48.08003,29.84273],[48.08197,29.8431],[48.0854,29.84269],[48.08956,29.84344],[48.09304,29.84481],[48.09497,29.84582],[48.09609,29.846],[48.09712,29.84604],[48.09913,29.84552],[48.10076,29.84612],[48.10128,29.84764],[48.10398,29.84857],[48.10844,29.84939],[48.10939,29.84865],[48.10965,29.84667],[48.11093,29.84485],[48.11394,29.84273],[48.11737,29.84128],[48.12244,29.84057],[48.12316,29.84098],[48.12244,29.8421],[48.12141,29.84239],[48.12188,29.84321],[48.12355,29.8444],[48.12467,29.84466],[48.12544,29.84288],[48.1269,29.84079],[48.12758,29.83841],[48.12913,29.83659],[48.13093,29.83633],[48.1357,29.8367],[48.13741,29.83778],[48.13806,29.83618],[48.13904,29.83581],[48.13938,29.83527],[48.13998,29.83502],[48.14344,29.83547],[48.14393,29.83516],[48.14474,29.83509],[48.14513,29.83522],[48.14543,29.83599],[48.1483,29.83633],[48.14909,29.83625],[48.14965,29.83557],[48.15073,29.83513],[48.15231,29.83545],[48.15238,29.8346],[48.15289,29.8338],[48.15327,29.83361],[48.15396,29.83405],[48.15337,29.83432],[48.15314,29.83568],[48.15267,29.83601],[48.15287,29.83635],[48.15251,29.83716],[48.1525,29.83645],[48.15188,29.83618],[48.15071,29.83622],[48.14935,29.8373],[48.14735,29.83702],[48.14641,29.8372],[48.14268,29.83656],[48.14075,29.83699],[48.13791,29.83919],[48.1369,29.83945],[48.13952,29.84247],[48.14158,29.84113],[48.14299,29.84064],[48.14364,29.84176],[48.14209,29.84448],[48.13994,29.84511],[48.13891,29.84504],[48.13836,29.84522],[48.14072,29.84786],[48.14252,29.84827],[48.14441,29.84801],[48.14483,29.8484],[48.14628,29.84835],[48.14776,29.84863],[48.14472,29.84886],[48.14355,29.84857],[48.142,29.84962],[48.13776,29.85148],[48.13621,29.85349],[48.13424,29.85323],[48.13136,29.85174],[48.12956,29.8523],[48.1272,29.85203],[48.12033,29.85055],[48.11995,29.85084],[48.12072,29.85174],[48.12115,29.85334],[48.12076,29.8552],[48.11982,29.85609],[48.11076,29.85602],[48.10673,29.85557],[48.10638,29.85617],[48.10789,29.85788],[48.11111,29.85922],[48.11724,29.86275],[48.12372,29.86495],[48.1275,29.86651],[48.1296,29.86811],[48.13046,29.87005],[48.13119,29.87083],[48.13209,29.87083],[48.13269,29.87005],[48.13364,29.86767],[48.13518,29.86595],[48.13711,29.86521],[48.1399,29.86491],[48.14072,29.86402],[48.14235,29.86339],[48.14514,29.86346],[48.14681,29.86435],[48.14848,29.86469],[48.15003,29.86372],[48.15166,29.86234],[48.15363,29.86007],[48.15539,29.85888],[48.15582,29.85814],[48.15539,29.85665],[48.15587,29.85497],[48.15883,29.8517],[48.15698,29.84939],[48.15685,29.84749],[48.15801,29.8456],[48.15988,29.84325],[48.16134,29.84236],[48.16299,29.84031],[48.16805,29.83796],[48.16891,29.83692],[48.16797,29.83513],[48.16827,29.83324],[48.16818,29.83156],[48.16968,29.83063],[48.17046,29.82873],[48.17239,29.82806],[48.17372,29.82698],[48.17539,29.82657],[48.17647,29.82709],[48.17677,29.82836],[48.17677,29.82963],[48.17604,29.83052],[48.17647,29.83145],[48.17943,29.83164],[48.17964,29.83205],[48.17801,29.83387],[48.17788,29.83484],[48.17694,29.83528],[48.17617,29.83614],[48.17634,29.83711],[48.17702,29.83837],[48.17844,29.83942],[48.1793,29.83968],[48.1793,29.84072],[48.17823,29.84124],[48.17865,29.84206],[48.17956,29.84265],[48.17947,29.84344],[48.17977,29.84388],[48.18041,29.84426],[48.17973,29.84522],[48.1799,29.84623],[48.18071,29.84772],[48.1781,29.84615],[48.17672,29.84433],[48.17505,29.84366],[48.17325,29.84258],[48.172,29.84314],[48.17054,29.84459],[48.16814,29.84452],[48.1666,29.84504],[48.16539,29.84638],[48.16544,29.84742],[48.16617,29.84816],[48.16707,29.84839],[48.16767,29.84742],[48.16835,29.84734],[48.16853,29.84809],[48.16758,29.84935],[48.16634,29.84902],[48.16526,29.85006],[48.16677,29.85196],[48.16767,29.85471],[48.16964,29.85587],[48.17084,29.85717],[48.17071,29.85899],[48.16973,29.86119],[48.17016,29.86223],[48.17355,29.86022],[48.17578,29.85989],[48.17762,29.85933],[48.17702,29.86037],[48.17556,29.86138],[48.17419,29.86194],[48.17368,29.86458],[48.17179,29.86573],[48.16994,29.86569],[48.1684,29.86655],[48.16565,29.86863],[48.16454,29.86904],[48.15771,29.86871],[48.15488,29.86975],[48.15338,29.8709],[48.15067,29.87161],[48.14754,29.87165],[48.14196,29.87031],[48.1414,29.87079],[48.14059,29.87235],[48.13909,29.87284],[48.13853,29.87356],[48.13823,29.8757],[48.13718,29.87742],[48.13585,29.87795],[48.13479,29.87816],[48.13394,29.87803],[48.13226,29.87838],[48.13143,29.87822],[48.13063,29.87747],[48.12982,29.87749],[48.12934,29.87818],[48.1296,29.8793],[48.13061,29.8808],[48.13166,29.88179],[48.13271,29.88177],[48.13623,29.88013],[48.14198,29.88],[48.14857,29.88058],[48.14934,29.87995],[48.15054,29.87956],[48.15368,29.87956],[48.15454,29.8793],[48.15509,29.87868],[48.15533,29.87758],[48.15445,29.87598],[48.15443,29.8752],[48.15499,29.87397],[48.15597,29.87304],[48.1572,29.87289],[48.15647,29.87364],[48.15559,29.87544],[48.15593,29.87569],[48.15657,29.87535],[48.15733,29.87531],[48.15784,29.87576],[48.1579,29.87634],[48.15649,29.88277],[48.15694,29.88378],[48.15844,29.88491],[48.16325,29.88782],[48.16469,29.8891],[48.16578,29.88973],[48.16685,29.88973],[48.16771,29.88921],[48.16808,29.88836],[48.16805,29.88752],[48.16713,29.88467],[48.16709,29.8811],[48.16765,29.87851],[48.16799,29.87797],[48.16938,29.87732],[48.16928,29.87667],[48.16859,29.8763],[48.1685,29.87578],[48.16904,29.8742],[48.16865,29.87306],[48.16994,29.87014],[48.17099,29.86929],[48.1725,29.86858],[48.17348,29.86752],[48.17636,29.86659],[48.17767,29.86534],[48.17814,29.86569],[48.17823,29.86681],[48.17904,29.86711],[48.18196,29.86461],[48.18187,29.8667],[48.18097,29.86837],[48.18119,29.86919],[48.18174,29.86953],[48.18192,29.8683],[48.18389,29.86655],[48.18621,29.86517],[48.18749,29.86554],[48.18758,29.8661],[48.18835,29.867],[48.18578,29.86826],[48.18496,29.86901],[48.18539,29.87005],[48.18531,29.87105],[48.18286,29.87217],[48.18213,29.87195],[48.18067,29.87321],[48.17792,29.87355],[48.17569,29.87299],[48.17445,29.87321],[48.17436,29.87455],[48.17604,29.87715],[48.17608,29.8789],[48.17531,29.88058],[48.17531,29.88173],[48.17483,29.88248],[48.17522,29.8833],[48.17655,29.88404],[48.17694,29.88266],[48.17792,29.88132],[48.1793,29.8808],[48.18101,29.88058],[48.18226,29.88088],[48.18299,29.88155],[48.18419,29.88106],[48.18389,29.87987],[48.1844,29.87939],[48.18526,29.87928],[48.18471,29.8801],[48.18711,29.88199],[48.18998,29.88103],[48.1908,29.88103],[48.18964,29.88251],[48.18797,29.88344],[48.18582,29.88337],[48.18415,29.88374],[48.18295,29.88359],[48.18226,29.88318],[48.18153,29.88344],[48.18265,29.88478],[48.18183,29.88802],[48.18054,29.8888],[48.17904,29.88906],[48.17814,29.88877],[48.1775,29.8894],[48.17741,29.89014],[48.17805,29.89077],[48.18183,29.89126],[48.18398,29.89208],[48.18737,29.8926],[48.19084,29.89394],[48.1929,29.89524],[48.19445,29.89569],[48.19488,29.89628],[48.19573,29.89665],[48.19608,29.89743],[48.19436,29.89766],[48.19406,29.89818],[48.19269,29.89795],[48.19252,29.89751],[48.19299,29.89669],[48.19222,29.89658],[48.1914,29.89706],[48.1914,29.89781],[48.19316,29.90045],[48.19496,29.90212],[48.19573,29.90365],[48.19698,29.90491],[48.19741,29.90629],[48.19702,29.90733],[48.19818,29.90912],[48.19848,29.91034],[48.20024,29.91153],[48.20183,29.91205],[48.20337,29.91176],[48.20462,29.91097],[48.20565,29.91072],[48.20432,29.91235],[48.20427,29.91332],[48.20475,29.91395],[48.20483,29.91499],[48.20719,29.91574],[48.20869,29.91559],[48.20968,29.91585],[48.21118,29.91559],[48.21144,29.91622],[48.20904,29.91722],[48.2093,29.91823],[48.21024,29.91868],[48.20998,29.91938],[48.21075,29.91998],[48.21161,29.92132],[48.21178,29.92236],[48.21024,29.92057],[48.2093,29.92027],[48.20694,29.91808],[48.20621,29.91849],[48.20492,29.91786],[48.20183,29.91778],[48.20003,29.91696],[48.1999,29.91745],[48.2014,29.91979],[48.20423,29.92098],[48.20578,29.9224],[48.20728,29.92299],[48.20724,29.9237],[48.20505,29.92291],[48.2035,29.9218],[48.2029,29.92236],[48.2026,29.9237],[48.2017,29.92236],[48.19985,29.9212],[48.19925,29.92124],[48.20003,29.92254],[48.1996,29.92336],[48.19895,29.92254],[48.1987,29.92362],[48.20015,29.92544],[48.20024,29.92671],[48.19908,29.92582],[48.19861,29.92489],[48.19758,29.9244],[48.19689,29.92258],[48.19668,29.91987],[48.19621,29.91916],[48.19586,29.92054],[48.19653,29.92286],[48.19642,29.92379],[48.19745,29.92504],[48.19773,29.92652],[48.19855,29.92844],[48.19945,29.92918],[48.19925,29.93026],[48.19973,29.93095],[48.19872,29.93056],[48.19859,29.92967],[48.19803,29.92944],[48.19773,29.92978],[48.19722,29.92946],[48.1973,29.9284],[48.19646,29.92764],[48.19591,29.92747],[48.19614,29.92664],[48.19578,29.92541],[48.19509,29.92459],[48.19453,29.92327],[48.19348,29.92228],[48.19361,29.92323],[48.19432,29.92431],[48.19395,29.92582],[48.19423,29.92719],[48.19337,29.92626],[48.19312,29.92682],[48.19273,29.92597],[48.19286,29.92424],[48.19213,29.92373],[48.19211,29.9255],[48.19168,29.92619],[48.19119,29.9265],[48.19097,29.92743],[48.19144,29.92887],[48.19271,29.9306],[48.19232,29.93132],[48.19183,29.93125],[48.19144,29.9321],[48.19217,29.9327],[48.19166,29.93346],[48.19097,29.93381],[48.19116,29.9345],[48.18947,29.93233],[48.18958,29.93379],[48.18928,29.93474],[48.18857,29.9337],[48.18698,29.93558],[48.18627,29.93588],[48.18599,29.93541],[48.18681,29.93419],[48.18666,29.93318],[48.18569,29.93342],[48.18458,29.93467],[48.18329,29.93543],[48.18447,29.93366],[48.18432,29.93141],[48.18471,29.93009],[48.18359,29.92968],[48.18406,29.92816],[48.18565,29.92526],[48.18591,29.92288],[48.18509,29.92065],[48.18393,29.92221],[48.18273,29.92507],[48.18196,29.92552],[48.1823,29.92675],[48.18187,29.92753],[48.18071,29.92842],[48.18063,29.92968],[48.17878,29.93169],[48.17917,29.92946],[48.17865,29.92831],[48.17964,29.92604],[48.17904,29.92407],[48.17561,29.92571],[48.17698,29.92388],[48.17672,29.92262],[48.17681,29.92102],[48.17771,29.91715],[48.17625,29.91689],[48.17522,29.91797],[48.17346,29.91886],[48.17535,29.91566],[48.17445,29.91492],[48.1732,29.91469],[48.17625,29.91272],[48.17831,29.90975],[48.18166,29.90659],[48.182,29.90532],[48.18329,29.90387],[48.18333,29.90104],[48.18269,29.8997],[48.1817,29.89978],[48.18222,29.90156],[48.18187,29.90216],[48.18183,29.9035],[48.18123,29.9051],[48.18024,29.90413],[48.1805,29.90309],[48.17878,29.90034],[48.17745,29.89922],[48.17591,29.89915],[48.17548,29.89989],[48.17591,29.90097],[48.17492,29.90153],[48.1738,29.90127],[48.1729,29.90264],[48.17299,29.90119],[48.17372,29.90056],[48.17466,29.90045],[48.17419,29.9],[48.16951,29.89881],[48.16518,29.89717],[48.16248,29.89695],[48.15939,29.89609],[48.15685,29.89453],[48.15501,29.89263],[48.15338,29.89237],[48.15102,29.89472],[48.14921,29.89918],[48.14831,29.90045],[48.14951,29.90316],[48.15149,29.90309],[48.1563,29.90506],[48.15715,29.90618],[48.15445,29.90685],[48.15222,29.90662],[48.14934,29.90525],[48.14685,29.90365],[48.14518,29.90372],[48.14394,29.90592],[48.14235,29.91343],[48.14278,29.91641],[48.14419,29.91931],[48.14711,29.92291],[48.14857,29.92652],[48.14879,29.9295],[48.14793,29.93277],[48.14574,29.93497],[48.14188,29.93671],[48.1387,29.93697],[48.13316,29.93653],[48.13123,29.93772],[48.12844,29.94144],[48.12578,29.94437]]]}},{"type":"Feature","properties":{"id":"kw-area-relation-18113491","name_en":"Bubyan Island","name_ar":"جزيرة بوبيان","feature_class":"area_admin_level_6","source":"OpenStreetMap (Geofabrik GCC extract dated 2026-09-22) intersected with OSM land polygons (osmdata.openstreetmap.de, coastline of 2026-09-23)","license":"ODbL 1.0 (c) OpenStreetMap contributors","parent_governorate_name_en":"Jahra Governorate","area_km2":23.138729155669054},"geometry":{"type":"Polygon","coordinates":[[[48.08928,29.84455],[48.08435,29.84392],[48.08053,29.84418],[48.07933,29.84359],[48.07516,29.83971],[48.07317,29.83839],[48.07283,29.83748],[48.07302,29.83657],[48.0745,29.83402],[48.07413,29.83337],[48.07298,29.83272],[48.07081,29.83238],[48.05875,29.83255],[48.05126,29.83169],[48.04838,29.83199],[48.04596,29.83277],[48.03884,29.83796],[48.03605,29.83945],[48.0345,29.84083],[48.03253,29.84191],[48.03197,29.84321],[48.0318,29.8479],[48.033,29.8498],[48.03579,29.85207],[48.03686,29.85244],[48.03879,29.85105],[48.04105,29.85053],[48.04246,29.85092],[48.04529,29.85085],[48.04493,29.85179],[48.04407,29.85237],[48.04156,29.85324],[48.03948,29.85347],[48.03738,29.85449],[48.03313,29.85602],[48.03193,29.85721],[48.03171,29.85892],[48.03223,29.85981],[48.03167,29.86063],[48.02824,29.86242],[48.02656,29.86458],[48.02592,29.86655],[48.02755,29.87053],[48.02738,29.87221],[48.02437,29.87522],[48.02283,29.87794],[48.02193,29.88158],[48.0215,29.88482],[48.02287,29.88973],[48.02412,29.89133],[48.02613,29.89159],[48.02802,29.89059],[48.03008,29.88824],[48.03321,29.88326],[48.03562,29.87816],[48.03957,29.87329],[48.04227,29.8715],[48.04532,29.86875],[48.04832,29.867],[48.04965,29.86651],[48.05137,29.86707],[48.05111,29.8677],[48.05025,29.86804],[48.05038,29.86889],[48.05115,29.86956],[48.05287,29.86968],[48.05682,29.86871],[48.0669,29.87001],[48.07051,29.87012],[48.07313,29.86982],[48.08132,29.86573],[48.08446,29.86335],[48.08664,29.86201],[48.08935,29.86182],[48.09115,29.86082],[48.09179,29.85952],[48.09209,29.85698],[48.09347,29.85724],[48.09398,29.85899],[48.09566,29.85922],[48.0966,29.85881],[48.09694,29.85784],[48.0972,29.85468],[48.09673,29.85226],[48.09681,29.85025],[48.09737,29.84861],[48.09724,29.84781],[48.09383,29.84699],[48.08928,29.84455]]]}},{"type":"Feature","properties":{"id":"kw-area-relation-18113492","name_en":"Bubyan Island","name_ar":"جزيرة بوبيان","feature_class":"area_admin_level_6","source":"OpenStreetMap (Geofabrik GCC extract dated 2026-09-22) intersected with OSM land polygons (osmdata.openstreetmap.de, coastline of 2026-09-23)","license":"ODbL 1.0 (c) OpenStreetMap contributors","parent_governorate_name_en":"Jahra Governorate","area_km2":8.712112353137671},"geometry":{"type":"Polygon","coordinates":[[[48.05317,29.80144],[48.05072,29.80985],[48.04682,29.81734],[48.0436,29.82259],[48.03755,29.82828],[48.03618,29.83044],[48.03532,29.83283],[48.03519,29.83424],[48.0357,29.8351],[48.03652,29.83536],[48.03699,29.83528],[48.03918,29.83406],[48.0439,29.8297],[48.04617,29.82884],[48.05029,29.82918],[48.05592,29.83033],[48.06034,29.83022],[48.06411,29.82966],[48.07261,29.82687],[48.07664,29.82504],[48.07673,29.82393],[48.07617,29.8217],[48.07626,29.81645],[48.07514,29.8119],[48.07257,29.80848],[48.06926,29.80553],[48.06733,29.80337],[48.0624,29.79961],[48.05768,29.79505],[48.05656,29.79503],[48.05493,29.79704],[48.05317,29.80144]]]}},{"type":"Feature","properties":{"id":"kw-area-relation-18113493","name_en":"Bubyan Island","name_ar":"جزيرة بوبيان","feature_class":"area_admin_level_6","source":"OpenStreetMap (Geofabrik GCC extract dated 2026-09-22) intersected with OSM land polygons (osmdata.openstreetmap.de, coastline of 2026-09-23)","license":"ODbL 1.0 (c) OpenStreetMap contributors","parent_governorate_name_en":"Jahra Governorate","area_km2":1.0110224704751856},"geometry":{"type":"Polygon","coordinates":[[[48.03456,29.89055],[48.03378,29.89178],[48.0328,29.89276],[48.02859,29.89435],[48.02556,29.89466],[48.02472,29.89551],[48.0243,29.8979],[48.02444,29.90054],[48.02374,29.90299],[48.02409,29.90427],[48.02472,29.90494],[48.02662,29.90592],[48.02796,29.90562],[48.02873,29.90445],[48.02894,29.90341],[48.02985,29.90133],[48.0314,29.89925],[48.03365,29.8968],[48.03652,29.89227],[48.03716,29.88988],[48.03702,29.88884],[48.03589,29.88865],[48.03477,29.88933],[48.03456,29.89055]]]}},{"type":"Feature","properties":{"id":"kw-area-relation-18113494","name_en":"Jazīrat Warbah","name_ar":"وربة","feature_class":"area_admin_level_6","source":"OpenStreetMap (Geofabrik GCC extract dated 2026-09-22) intersected with OSM land polygons (osmdata.openstreetmap.de, coastline of 2026-09-23)","license":"ODbL 1.0 (c) OpenStreetMap contributors","parent_governorate_name_en":"Jahra Governorate","area_km2":45.561074556636626},"geometry":{"type":"Polygon","coordinates":[[[48.03412,29.9872],[48.03643,29.98994],[48.04418,30.00226],[48.04454,30.00354],[48.04424,30.00564],[48.04316,30.00792],[48.04282,30.00946],[48.04291,30.01004],[48.04375,30.01143],[48.04763,30.01383],[48.05273,30.01627],[48.06097,30.01901],[48.06494,30.01997],[48.07551,30.02174],[48.08576,30.0224],[48.09629,30.02228],[48.10514,30.02153],[48.10729,30.02088],[48.11057,30.01864],[48.11177,30.01811],[48.11902,30.01645],[48.12808,30.01487],[48.14444,30.01228],[48.14888,30.01237],[48.15049,30.01374],[48.15206,30.01403],[48.1548,30.01329],[48.15558,30.01285],[48.15756,30.01094],[48.15793,30.01007],[48.15767,30.0081],[48.15609,30.00619],[48.15539,30.00579],[48.12988,29.9998],[48.12087,29.99708],[48.11558,29.99518],[48.10151,29.98873],[48.09089,29.98458],[48.08087,29.97962],[48.06387,29.96877],[48.05067,29.96276],[48.04895,29.96264],[48.04253,29.96153],[48.03456,29.9611],[48.03297,29.96062],[48.03061,29.95937],[48.02888,29.95783],[48.0267,29.95415],[48.02607,29.95349],[48.02516,29.95309],[48.02337,29.95303],[48.02162,29.95337],[48.01974,29.95421],[48.01861,29.95522],[48.01738,29.95758],[48.01719,29.95994],[48.01791,29.97059],[48.01873,29.97234],[48.02427,29.97845],[48.03412,29.9872]]]}},{"type":"Feature","properties":{"id":"kw-area-relation-18113495","name_en":"South Amgara","name_ar":"جنوب امغرة الصناعية","feature_class":"area_admin_level_6","source":"OpenStreetMap (Geofabrik GCC extract dated 2026-09-22) intersected with OSM land polygons (osmdata.openstreetmap.de, coastline of 2026-09-23)","license":"ODbL 1.0 (c) OpenStreetMap contributors","parent_governorate_name_en":"Jahra Governorate","area_km2":8.135548692079357},"geometry":{"type":"Polygon","coordinates":[[[47.72084,29.28786],[47.72608,29.28865],[47.72894,29.28971],[47.73026,29.29138],[47.73103,29.29181],[47.7318,29.29307],[47.73217,29.29419],[47.73233,29.29618],[47.7473,29.29355],[47.73201,29.2675],[47.72575,29.26913],[47.71765,29.25774],[47.70213,29.26945],[47.71195,29.27917],[47.71294,29.27899],[47.72084,29.28786]]]}},{"type":"Feature","properties":{"id":"kw-area-relation-18113782","name_en":"Al Metlaa - Jal Al Atraf","name_ar":"المطلاع وجال الاطراف","feature_class":"area_admin_level_6","source":"OpenStreetMap (Geofabrik GCC extract dated 2026-09-22) intersected with OSM land polygons (osmdata.openstreetmap.de, coastline of 2026-09-23)","license":"ODbL 1.0 (c) OpenStreetMap contributors","parent_governorate_name_en":"Jahra Governorate","area_km2":531.6839581586579},"geometry":{"type":"Polygon","coordinates":[[[47.55332,29.34422],[47.55307,29.34554],[47.54781,29.35743],[47.54672,29.35836],[47.53431,29.36361],[47.53275,29.36378],[47.52459,29.38744],[47.51727,29.39378],[47.50809,29.40633],[47.49239,29.42003],[47.49235,29.42232],[47.49042,29.42975],[47.4868,29.43508],[47.48078,29.44226],[47.47653,29.44955],[47.47032,29.45848],[47.46245,29.46765],[47.46073,29.47049],[47.45977,29.47257],[47.45716,29.47599],[47.45231,29.4816],[47.44783,29.48529],[47.44399,29.48932],[47.44157,29.49286],[47.43954,29.49675],[47.43435,29.5023],[47.43186,29.50444],[47.42957,29.50752],[47.42184,29.51526],[47.41769,29.52112],[47.41307,29.5284],[47.40884,29.53446],[47.40416,29.53927],[47.403,29.54095],[47.40301,29.54188],[47.40341,29.54242],[47.4079,29.5478],[47.41876,29.56167],[47.42667,29.57225],[47.43343,29.58206],[47.43405,29.58362],[47.43462,29.58406],[47.43917,29.59058],[47.43979,29.59267],[47.44025,29.59706],[47.43993,29.60295],[47.44176,29.60284],[47.45004,29.60465],[47.5034,29.61507],[47.52505,29.61904],[47.52772,29.61853],[47.5487,29.61319],[47.55627,29.61173],[47.57196,29.60823],[47.58629,29.60439],[47.6152,29.59272],[47.6339,29.58699],[47.64849,29.57933],[47.65506,29.57617],[47.65442,29.57304],[47.65444,29.56863],[47.65516,29.56401],[47.65774,29.55206],[47.66059,29.53679],[47.66062,29.53201],[47.65961,29.52752],[47.65607,29.51804],[47.65453,29.51283],[47.6549,29.50777],[47.65458,29.49701],[47.6525,29.48882],[47.64841,29.47778],[47.64715,29.47067],[47.64817,29.46136],[47.64808,29.45718],[47.64736,29.45405],[47.64598,29.45025],[47.64391,29.44684],[47.63981,29.44137],[47.63898,29.43965],[47.63793,29.43645],[47.6378,29.43357],[47.63825,29.43051],[47.63941,29.42735],[47.64111,29.42472],[47.64312,29.42241],[47.64397,29.42107],[47.64496,29.41856],[47.64525,29.4166],[47.64506,29.41428],[47.64429,29.4119],[47.64086,29.40606],[47.64014,29.40434],[47.63959,29.40163],[47.63975,29.39904],[47.64026,29.39753],[47.6419,29.39487],[47.64434,29.39245],[47.66154,29.37363],[47.65343,29.36934],[47.64648,29.36664],[47.64152,29.36382],[47.63685,29.35953],[47.63572,29.3582],[47.6318,29.35211],[47.63028,29.34582],[47.63008,29.34259],[47.63044,29.33853],[47.62805,29.33827],[47.62161,29.33698],[47.61654,29.33504],[47.61225,29.33284],[47.60691,29.32897],[47.60359,29.32583],[47.6007,29.32231],[47.59857,29.31922],[47.59716,29.31773],[47.5944,29.31549],[47.59093,29.31379],[47.58619,29.31252],[47.57866,29.31253],[47.574,29.31334],[47.5696,29.31478],[47.55657,29.3209],[47.55413,29.32197],[47.55042,29.32321],[47.55332,29.34422]]]}},{"type":"Feature","properties":{"id":"kw-area-relation-18113783","name_en":"Abdily - Sekherbriyat","name_ar":"العبدلي و صخيبريات","feature_class":"area_admin_level_6","source":"OpenStreetMap (Geofabrik GCC extract dated 2026-09-22) intersected with OSM land polygons (osmdata.openstreetmap.de, coastline of 2026-09-23)","license":"ODbL 1.0 (c) OpenStreetMap contributors","parent_governorate_name_en":"Jahra Governorate","area_km2":525.3060998014325},"geometry":{"type":"Polygon","coordinates":[[[47.70159,30.08026],[47.69923,30.0778],[47.69602,30.07505],[47.69021,30.07104],[47.68482,30.06692],[47.68049,30.06247],[47.67696,30.058],[47.65679,30.03065],[47.65292,30.02342],[47.65134,30.01723],[47.64941,30.00221],[47.64954,29.99818],[47.65015,29.993],[47.65121,29.98855],[47.65403,29.98152],[47.65797,29.97549],[47.66071,29.96914],[47.66191,29.96306],[47.66182,29.95099],[47.66404,29.94564],[47.67058,29.93366],[47.67236,29.92652],[47.67229,29.91785],[47.67061,29.90799],[47.65431,29.90716],[47.64617,29.90593],[47.63888,29.9043],[47.63142,29.90189],[47.56076,29.87409],[47.55011,29.87017],[47.5422,29.86799],[47.53474,29.86643],[47.52646,29.86534],[47.5194,29.86477],[47.46467,29.86558],[47.46184,29.86451],[47.46076,29.86384],[47.45681,29.86363],[47.45537,29.86319],[47.45174,29.86121],[47.44808,29.87175],[47.44537,29.88055],[47.4398,29.90173],[47.43869,29.90695],[47.43876,29.90974],[47.43916,29.9123],[47.43885,29.91849],[47.43956,29.92463],[47.4397,29.92902],[47.43953,29.94414],[47.44005,29.95144],[47.44117,29.95812],[47.44135,29.96129],[47.43882,29.98323],[47.43703,29.99083],[47.43573,29.99479],[47.43505,29.99848],[47.43376,30.00126],[47.43339,30.00258],[47.43294,30.01793],[47.43376,30.02063],[47.43524,30.0232],[47.45239,30.04358],[47.46897,30.05964],[47.47588,30.06358],[47.48008,30.06528],[47.48505,30.06763],[47.48431,30.1037],[47.68295,30.10324],[47.71011,30.09277],[47.70562,30.0852],[47.70159,30.08026]]]}},{"type":"Feature","properties":{"id":"kw-area-relation-18113784","name_en":"Al Retqah - Al Heraigah","name_ar":"الرتقة والحريجة","feature_class":"area_admin_level_6","source":"OpenStreetMap (Geofabrik GCC extract dated 2026-09-22) intersected with OSM land polygons (osmdata.openstreetmap.de, coastline of 2026-09-23)","license":"ODbL 1.0 (c) OpenStreetMap contributors","parent_governorate_name_en":"Jahra Governorate","area_km2":646.7812361881446},"geometry":{"type":"Polygon","coordinates":[[[47.2572,29.85109],[47.25498,29.8543],[47.2502,29.86054],[47.23571,29.87847],[47.2269,29.88576],[47.21418,29.90019],[47.19966,29.91716],[47.19321,29.92381],[47.16365,29.95696],[47.15847,29.96034],[47.14154,29.96753],[47.13723,29.97066],[47.13163,29.97433],[47.13936,29.9868],[47.15559,30.00033],[47.17252,30.01738],[47.18955,30.02835],[47.20845,30.03624],[47.22713,30.04321],[47.2476,30.04861],[47.26837,30.052],[47.28748,30.05873],[47.30517,30.06867],[47.33884,30.09104],[47.35206,30.09454],[47.36109,30.09723],[47.37119,30.10357],[47.41119,30.10381],[47.48431,30.1037],[47.48505,30.06763],[47.48008,30.06528],[47.47588,30.06358],[47.46897,30.05964],[47.45239,30.04358],[47.43524,30.0232],[47.43376,30.02063],[47.43294,30.01793],[47.43339,30.00258],[47.43376,30.00126],[47.43505,29.99848],[47.43573,29.99479],[47.43703,29.99083],[47.43882,29.98323],[47.44135,29.96129],[47.44117,29.95812],[47.44005,29.95144],[47.43953,29.94414],[47.4397,29.92902],[47.43956,29.92463],[47.43885,29.91849],[47.43916,29.9123],[47.43876,29.90974],[47.43869,29.90695],[47.4398,29.90173],[47.44537,29.88055],[47.44808,29.87175],[47.4515,29.86205],[47.4446,29.86087],[47.43866,29.85883],[47.40094,29.84335],[47.38575,29.83743],[47.3683,29.82996],[47.36199,29.8275],[47.33961,29.82733],[47.33007,29.83251],[47.3278,29.83304],[47.3213,29.83876],[47.3182,29.84007],[47.30837,29.84],[47.29495,29.83925],[47.28096,29.83879],[47.27441,29.83942],[47.26693,29.83918],[47.26397,29.83988],[47.26297,29.84108],[47.2572,29.85109]]]}},{"type":"Feature","properties":{"id":"kw-area-relation-18113785","name_en":"As Syer - Um Al Medfaa","name_ar":"الصير وام المدفاع","feature_class":"area_admin_level_6","source":"OpenStreetMap (Geofabrik GCC extract dated 2026-09-22) intersected with OSM land polygons (osmdata.openstreetmap.de, coastline of 2026-09-23)","license":"ODbL 1.0 (c) OpenStreetMap contributors","parent_governorate_name_en":"Jahra Governorate","area_km2":1054.9628501714653},"geometry":{"type":"Polygon","coordinates":[[[47.45537,29.86319],[47.45681,29.86363],[47.46076,29.86384],[47.46184,29.86451],[47.46467,29.86558],[47.5194,29.86477],[47.52646,29.86534],[47.53474,29.86643],[47.5422,29.86799],[47.55011,29.87017],[47.56076,29.87409],[47.63142,29.90189],[47.63888,29.9043],[47.64617,29.90593],[47.65431,29.90716],[47.67061,29.90799],[47.67059,29.90197],[47.67122,29.89729],[47.67189,29.89435],[47.67372,29.88887],[47.67941,29.87806],[47.6806,29.87467],[47.68142,29.87099],[47.68198,29.86655],[47.68189,29.86347],[47.68098,29.85679],[47.67455,29.81725],[47.66994,29.80314],[47.66939,29.79969],[47.66947,29.79369],[47.6722,29.78176],[47.67218,29.7765],[47.66891,29.73809],[47.67178,29.71762],[47.67178,29.71188],[47.67022,29.70507],[47.66773,29.6973],[47.66677,29.68993],[47.66766,29.68247],[47.66763,29.67692],[47.66415,29.65738],[47.66424,29.65376],[47.66607,29.64384],[47.666,29.63911],[47.66512,29.6349],[47.66355,29.62998],[47.66298,29.62541],[47.66336,29.62018],[47.66371,29.61845],[47.66541,29.61362],[47.66661,29.60735],[47.66656,29.60311],[47.66551,29.59781],[47.6641,29.594],[47.65692,29.58129],[47.65506,29.57617],[47.64849,29.57933],[47.6339,29.58699],[47.6152,29.59272],[47.58629,29.60439],[47.57196,29.60823],[47.54659,29.61367],[47.52565,29.61899],[47.52505,29.61904],[47.51849,29.61796],[47.44097,29.60279],[47.43745,29.60362],[47.4304,29.60596],[47.41931,29.60793],[47.40755,29.60965],[47.40403,29.61073],[47.39786,29.61305],[47.3877,29.61591],[47.38257,29.61769],[47.37781,29.62005],[47.37361,29.62314],[47.37269,29.62557],[47.37122,29.6276],[47.36449,29.63497],[47.35998,29.63915],[47.35325,29.64388],[47.34884,29.64633],[47.33302,29.65798],[47.3263,29.66331],[47.31056,29.67683],[47.30816,29.67824],[47.3055,29.68049],[47.30241,29.68234],[47.28466,29.69563],[47.27992,29.69893],[47.27831,29.69975],[47.27538,29.70064],[47.27135,29.70119],[47.26886,29.70178],[47.26565,29.70311],[47.24601,29.7158],[47.24206,29.71848],[47.24074,29.71974],[47.24374,29.73257],[47.2461,29.74508],[47.24628,29.75186],[47.24662,29.75389],[47.24668,29.75684],[47.24703,29.75818],[47.24888,29.76172],[47.25746,29.77115],[47.26149,29.77492],[47.26245,29.77605],[47.26312,29.77781],[47.26378,29.7855],[47.26522,29.79441],[47.26595,29.80351],[47.26611,29.81081],[47.26671,29.81268],[47.26799,29.81998],[47.26752,29.83058],[47.268,29.8344],[47.26794,29.83651],[47.26692,29.83773],[47.26397,29.83988],[47.26693,29.83918],[47.27441,29.83942],[47.28096,29.83879],[47.29495,29.83925],[47.30837,29.84],[47.3182,29.84007],[47.3213,29.83876],[47.3278,29.83304],[47.33007,29.83251],[47.33961,29.82733],[47.36199,29.8275],[47.3683,29.82996],[47.38575,29.83743],[47.40094,29.84335],[47.43866,29.85883],[47.4446,29.86087],[47.4515,29.86205],[47.45174,29.86121],[47.45537,29.86319]]]}},{"type":"Feature","properties":{"id":"kw-area-relation-18113786","name_en":"Al Abaireq - Al Anaem - Al Laiyah","name_ar":"الابيرق والنعايم واللياح","feature_class":"area_admin_level_6","source":"OpenStreetMap (Geofabrik GCC extract dated 2026-09-22) intersected with OSM land polygons (osmdata.openstreetmap.de, coastline of 2026-09-23)","license":"ODbL 1.0 (c) OpenStreetMap contributors","parent_governorate_name_en":"Jahra Governorate","area_km2":2316.3409284021436},"geometry":{"type":"Polygon","coordinates":[[[47.15847,29.96034],[47.16365,29.95696],[47.19321,29.92381],[47.19966,29.91716],[47.21418,29.90019],[47.2269,29.88576],[47.23571,29.87847],[47.2502,29.86054],[47.25498,29.8543],[47.25914,29.84791],[47.26297,29.84108],[47.26397,29.83988],[47.26757,29.83717],[47.26794,29.83651],[47.268,29.8344],[47.26752,29.83058],[47.26799,29.81998],[47.26671,29.81268],[47.26611,29.81081],[47.26595,29.80351],[47.26522,29.79441],[47.26378,29.7855],[47.26312,29.77781],[47.26245,29.77605],[47.26149,29.77492],[47.25746,29.77115],[47.24888,29.76172],[47.24703,29.75818],[47.24668,29.75684],[47.24662,29.75389],[47.24628,29.75186],[47.2461,29.74508],[47.24374,29.73257],[47.24074,29.71974],[47.24206,29.71848],[47.24601,29.7158],[47.26565,29.70311],[47.26886,29.70178],[47.27683,29.70029],[47.27992,29.69893],[47.29252,29.68988],[47.30241,29.68234],[47.3055,29.68049],[47.30816,29.67824],[47.31056,29.67683],[47.32908,29.66099],[47.34884,29.64633],[47.35325,29.64388],[47.36118,29.63814],[47.36449,29.63497],[47.37122,29.6276],[47.37269,29.62557],[47.37361,29.62314],[47.37781,29.62005],[47.38257,29.61769],[47.3877,29.61591],[47.39786,29.61305],[47.40403,29.61073],[47.40755,29.60965],[47.41931,29.60793],[47.4304,29.60596],[47.43993,29.60295],[47.44025,29.59706],[47.43979,29.59267],[47.43917,29.59058],[47.43462,29.58406],[47.43405,29.58362],[47.43343,29.58206],[47.42667,29.57225],[47.41876,29.56167],[47.4079,29.5478],[47.40341,29.54242],[47.40301,29.54188],[47.403,29.54095],[47.40416,29.53927],[47.40884,29.53446],[47.41307,29.5284],[47.41769,29.52112],[47.42184,29.51526],[47.42957,29.50752],[47.43186,29.50444],[47.43435,29.5023],[47.43954,29.49675],[47.44157,29.49286],[47.44399,29.48932],[47.44783,29.48529],[47.45231,29.4816],[47.45716,29.47599],[47.45977,29.47257],[47.46073,29.47049],[47.46245,29.46765],[47.47032,29.45848],[47.47653,29.44955],[47.48078,29.44226],[47.4868,29.43508],[47.49042,29.42975],[47.49235,29.42232],[47.49239,29.42003],[47.50809,29.40633],[47.51727,29.39378],[47.52459,29.38744],[47.53275,29.36378],[47.53431,29.36361],[47.54672,29.35836],[47.54759,29.35774],[47.55307,29.34554],[47.55332,29.34422],[47.55323,29.34304],[47.55042,29.32321],[47.54825,29.32384],[47.54255,29.32484],[47.53428,29.32497],[47.52701,29.32395],[47.52153,29.32233],[47.51474,29.31915],[47.49298,29.30472],[47.48983,29.30289],[47.48365,29.29964],[47.47758,29.29692],[47.45535,29.28761],[47.45022,29.28524],[47.44018,29.27961],[47.4341,29.27532],[47.42686,29.27854],[47.4137,29.28145],[47.40832,29.28333],[47.40386,29.2873],[47.39655,29.29668],[47.37618,29.31026],[47.36739,29.31573],[47.36182,29.31868],[47.35216,29.32278],[47.34354,29.3254],[47.33777,29.32668],[47.30926,29.33107],[47.28931,29.3339],[47.27065,29.33615],[47.26308,29.3366],[47.25318,29.33876],[47.2414,29.34064],[47.18244,29.34863],[47.17223,29.34979],[47.16274,29.35126],[47.14558,29.3531],[47.1414,29.35393],[47.12521,29.35603],[47.11918,29.35713],[47.11828,29.35772],[47.11387,29.36218],[47.11084,29.36486],[47.10698,29.36765],[47.10338,29.36965],[47.08529,29.38107],[47.079,29.38433],[47.07645,29.38677],[47.07504,29.38772],[47.07312,29.38852],[47.07061,29.38997],[47.06678,29.39289],[47.0627,29.39433],[47.0578,29.3957],[47.05601,29.39671],[47.05045,29.39853],[47.0487,29.39941],[47.04529,29.40151],[47.0383,29.407],[47.0307,29.41107],[47.02703,29.41218],[47.02306,29.4158],[47.02066,29.4168],[47.01832,29.41849],[47.01636,29.41954],[47.01412,29.42126],[47.0084,29.42463],[47.004,29.42689],[46.99947,29.42887],[46.99391,29.43068],[46.99346,29.43101],[46.99109,29.43524],[46.98837,29.43823],[46.95812,29.45092],[46.93118,29.46173],[46.92581,29.46444],[46.90246,29.47859],[46.89847,29.48042],[46.89564,29.48237],[46.89063,29.4865],[46.8925,29.4905],[46.90273,29.50639],[46.90447,29.52504],[46.91876,29.5395],[46.92715,29.55577],[46.93903,29.57104],[46.94568,29.58561],[46.9547,29.60412],[46.97012,29.61818],[46.9775,29.63513],[46.98874,29.64951],[46.99809,29.66347],[47.00338,29.68342],[47.00437,29.70367],[47.00682,29.72218],[47.01737,29.73825],[47.03142,29.75237],[47.03824,29.76958],[47.04834,29.78527],[47.05465,29.80321],[47.06106,29.81621],[47.06547,29.82417],[47.08161,29.85152],[47.08869,29.86855],[47.1007,29.90301],[47.10435,29.92148],[47.11282,29.93775],[47.12371,29.95336],[47.12951,29.97091],[47.13163,29.97433],[47.13723,29.97066],[47.14154,29.96753],[47.15847,29.96034]]]}},{"type":"Feature","properties":{"id":"kw-area-relation-18113787","name_en":"Al Salmy","name_ar":"السالمي","feature_class":"area_admin_level_6","source":"OpenStreetMap (Geofabrik GCC extract dated 2026-09-22) intersected with OSM land polygons (osmdata.openstreetmap.de, coastline of 2026-09-23)","license":"ODbL 1.0 (c) OpenStreetMap contributors","parent_governorate_name_en":"Jahra Governorate","area_km2":270.3049819292552},"geometry":{"type":"Polygon","coordinates":[[[46.56679,29.11961],[46.57866,29.13213],[46.58696,29.14007],[46.59425,29.14691],[46.60927,29.15894],[46.62778,29.16888],[46.64057,29.17972],[46.66045,29.19693],[46.67107,29.20729],[46.6844,29.2228],[46.69382,29.22027],[46.70099,29.22001],[46.70572,29.21956],[46.72086,29.21589],[46.72804,29.21547],[46.73334,29.21469],[46.7498,29.21153],[46.76494,29.20797],[46.78461,29.2039],[46.80108,29.20008],[46.80336,29.19911],[46.80643,29.18657],[46.80719,29.18206],[46.80773,29.16762],[46.80845,29.16266],[46.81055,29.15986],[46.81195,29.15706],[46.81349,29.15072],[46.81327,29.14956],[46.81109,29.14652],[46.80865,29.14128],[46.80812,29.13776],[46.80823,29.13656],[46.80774,29.13407],[46.8065,29.13099],[46.80498,29.12833],[46.80451,29.12385],[46.80114,29.11803],[46.80038,29.10976],[46.79893,29.10093],[46.7992,29.09839],[46.80009,29.09471],[46.8009,29.09344],[46.80179,29.0911],[46.80344,29.08568],[46.80687,29.08248],[46.80774,29.0805],[46.80786,29.07893],[46.80825,29.07769],[46.80817,29.07645],[46.80859,29.0726],[46.78274,29.07613],[46.70309,29.08508],[46.56312,29.10005],[46.55268,29.10027],[46.55303,29.10116],[46.5571,29.10298],[46.56679,29.11961]]]}},{"type":"Feature","properties":{"id":"kw-area-relation-18113788","name_en":"Al Shejaya - Al Dubdiba - Al Mityahah","name_ar":"الشقايا - الدبدبة - المتياهه","feature_class":"area_admin_level_6","source":"OpenStreetMap (Geofabrik GCC extract dated 2026-09-22) intersected with OSM land polygons (osmdata.openstreetmap.de, coastline of 2026-09-23)","license":"ODbL 1.0 (c) OpenStreetMap contributors","parent_governorate_name_en":"Jahra Governorate","area_km2":1805.9779625501262},"geometry":{"type":"Polygon","coordinates":[[[47.42666,29.26926],[47.42363,29.26636],[47.40614,29.24824],[47.40006,29.24262],[47.39459,29.23828],[47.38921,29.23438],[47.38041,29.22898],[47.37426,29.22574],[47.36778,29.22278],[47.35887,29.21934],[47.34847,29.21622],[47.29821,29.20331],[47.29249,29.20167],[47.28542,29.19931],[47.27961,29.19708],[47.27296,29.19422],[47.26647,29.19111],[47.25837,29.18673],[47.25043,29.18181],[47.24992,29.18122],[47.24459,29.17744],[47.23361,29.16884],[47.18935,29.13343],[47.18545,29.13068],[47.18026,29.12742],[47.17395,29.12394],[47.17057,29.12233],[47.16254,29.119],[47.15249,29.11588],[47.14242,29.11364],[47.13396,29.1125],[47.12127,29.11197],[47.07699,29.11251],[47.07196,29.10496],[47.0717,29.10318],[47.07044,29.09979],[47.06953,29.096],[47.06809,29.09339],[47.06682,29.09003],[47.06526,29.08391],[47.05948,29.07595],[47.05529,29.0675],[47.05166,29.05914],[47.05048,29.05008],[47.0503,29.04628],[47.03543,29.04821],[47.00178,29.05165],[46.99426,29.05281],[46.96659,29.05479],[46.94819,29.05633],[46.94699,29.05646],[46.93302,29.06],[46.92853,29.05987],[46.91139,29.06116],[46.89099,29.06307],[46.8755,29.0647],[46.86353,29.0668],[46.85042,29.06777],[46.84106,29.06816],[46.80859,29.0726],[46.80817,29.07645],[46.80825,29.07769],[46.80786,29.07893],[46.80774,29.0805],[46.80687,29.08248],[46.80344,29.08568],[46.80179,29.0911],[46.8009,29.09344],[46.80009,29.09471],[46.7992,29.09839],[46.79893,29.10093],[46.80038,29.10976],[46.80114,29.11803],[46.80451,29.12385],[46.80498,29.12833],[46.8065,29.13099],[46.80774,29.13407],[46.80823,29.13656],[46.80812,29.13776],[46.80865,29.14128],[46.81109,29.14652],[46.81327,29.14956],[46.81349,29.15072],[46.81195,29.15706],[46.81055,29.15986],[46.80845,29.16266],[46.80773,29.16762],[46.80719,29.18206],[46.80643,29.18657],[46.80336,29.19911],[46.80108,29.20008],[46.78461,29.2039],[46.76494,29.20797],[46.7498,29.21153],[46.73334,29.21469],[46.72804,29.21547],[46.72086,29.21589],[46.70572,29.21956],[46.70099,29.22001],[46.69382,29.22027],[46.6844,29.2228],[46.69296,29.23452],[46.70346,29.25097],[46.71614,29.26488],[46.72759,29.27964],[46.76676,29.32196],[46.77573,29.33834],[46.78423,29.35542],[46.79776,29.36902],[46.81454,29.38076],[46.82613,29.39569],[46.84241,29.41294],[46.86647,29.4373],[46.87652,29.45527],[46.88423,29.47282],[46.89063,29.4865],[46.89564,29.48237],[46.89847,29.48042],[46.90246,29.47859],[46.92581,29.46444],[46.93118,29.46173],[46.95812,29.45092],[46.98837,29.43823],[46.99109,29.43524],[46.99346,29.43101],[46.99391,29.43068],[46.99947,29.42887],[47.004,29.42689],[47.0084,29.42463],[47.01412,29.42126],[47.01636,29.41954],[47.01832,29.41849],[47.02066,29.4168],[47.02306,29.4158],[47.02703,29.41218],[47.0307,29.41107],[47.0383,29.407],[47.04529,29.40151],[47.0487,29.39941],[47.05045,29.39853],[47.05601,29.39671],[47.0578,29.3957],[47.0627,29.39433],[47.06678,29.39289],[47.07061,29.38997],[47.07312,29.38852],[47.07504,29.38772],[47.07645,29.38677],[47.079,29.38433],[47.08529,29.38107],[47.10338,29.36965],[47.10698,29.36765],[47.11084,29.36486],[47.11387,29.36218],[47.11828,29.35772],[47.11918,29.35713],[47.12521,29.35603],[47.1414,29.35393],[47.14558,29.3531],[47.16274,29.35126],[47.17223,29.34979],[47.18244,29.34863],[47.2414,29.34064],[47.25318,29.33876],[47.26308,29.3366],[47.27065,29.33615],[47.28931,29.3339],[47.30926,29.33107],[47.33777,29.32668],[47.34354,29.3254],[47.34731,29.32439],[47.35355,29.32225],[47.36316,29.31805],[47.36739,29.31573],[47.37618,29.31026],[47.39655,29.29668],[47.40386,29.2873],[47.40832,29.28333],[47.4137,29.28145],[47.42686,29.27854],[47.4341,29.27532],[47.42666,29.26926]]]}},{"type":"Feature","properties":{"id":"kw-area-relation-18113789","name_en":"Qulmat Shayea-Al Manaqeesh","name_ar":"قلمة شايع والمناقيش","feature_class":"area_admin_level_6","source":"OpenStreetMap (Geofabrik GCC extract dated 2026-09-22) intersected with OSM land polygons (osmdata.openstreetmap.de, coastline of 2026-09-23)","license":"ODbL 1.0 (c) OpenStreetMap contributors","parent_governorate_name_en":"Jahra Governorate","area_km2":739.9341788778411},"geometry":{"type":"Polygon","coordinates":[[[47.2825,29.19822],[47.29412,29.20217],[47.34847,29.21622],[47.35887,29.21934],[47.36778,29.22278],[47.37426,29.22574],[47.38041,29.22898],[47.38796,29.23359],[47.38864,29.23246],[47.38922,29.23011],[47.39009,29.2219],[47.39343,29.20576],[47.40078,29.18851],[47.40361,29.17934],[47.406,29.17507],[47.41273,29.16643],[47.42615,29.14808],[47.43288,29.14048],[47.43939,29.13362],[47.45317,29.12489],[47.46941,29.11394],[47.47394,29.11147],[47.48024,29.10617],[47.49041,29.09687],[47.49644,29.09206],[47.49882,29.08973],[47.50026,29.08896],[47.5077,29.08184],[47.51315,29.0769],[47.51628,29.07438],[47.5204,29.07019],[47.52314,29.06786],[47.52554,29.0612],[47.52681,29.06004],[47.53045,29.05782],[47.53149,29.05678],[47.53603,29.05051],[47.54102,29.04294],[47.54683,29.03345],[47.55117,29.02946],[47.55349,29.02799],[47.55616,29.02725],[47.56119,29.02746],[47.56222,29.02769],[47.56385,29.03043],[47.56434,29.03084],[47.569,29.03114],[47.5893,29.0332],[47.57539,29.01333],[47.5673,29.00095],[47.56643,28.99212],[47.56657,28.99105],[47.56715,28.98972],[47.56713,28.98814],[47.56609,28.98584],[47.56511,28.98474],[47.56265,28.98074],[47.55957,28.97352],[47.55791,28.96509],[47.55329,28.94534],[47.55007,28.93854],[47.54793,28.9321],[47.54713,28.93091],[47.54611,28.93007],[47.54173,28.92654],[47.53997,28.92552],[47.53865,28.91945],[47.53691,28.91527],[47.53534,28.90992],[47.53331,28.9068],[47.50947,28.93441],[47.50726,28.93782],[47.49945,28.95712],[47.49946,28.95919],[47.49604,28.96668],[47.48192,28.98257],[47.47915,28.9861],[47.47573,28.98967],[47.47048,28.99458],[47.46866,28.99681],[47.46517,28.99992],[47.45479,29.0008],[47.45376,29.00052],[47.44214,29.00152],[47.39336,29.00794],[47.34738,29.01253],[47.29703,29.01807],[47.28527,29.01915],[47.26746,29.02181],[47.25263,29.0231],[47.22436,29.02605],[47.20376,29.02726],[47.1564,29.03499],[47.13776,29.03677],[47.0503,29.04628],[47.05048,29.05008],[47.05166,29.05914],[47.05529,29.0675],[47.05948,29.07595],[47.06526,29.08391],[47.06682,29.09003],[47.06809,29.09339],[47.06953,29.096],[47.07044,29.09979],[47.0717,29.10318],[47.07196,29.10496],[47.07699,29.11251],[47.12127,29.11197],[47.13396,29.1125],[47.14242,29.11364],[47.1497,29.11514],[47.1582,29.11754],[47.1671,29.12082],[47.17395,29.12394],[47.17807,29.12614],[47.18729,29.13196],[47.19389,29.13699],[47.239,29.1731],[47.24459,29.17744],[47.24992,29.18122],[47.25043,29.18181],[47.26014,29.18774],[47.27016,29.19292],[47.2825,29.19822]]]}},{"type":"Feature","properties":{"id":"kw-area-relation-18113790","name_en":"Kabd - Shiqq - Dabah","name_ar":"كبد والشق و الضبعة","feature_class":"area_admin_level_6","source":"OpenStreetMap (Geofabrik GCC extract dated 2026-09-22) intersected with OSM land polygons (osmdata.openstreetmap.de, coastline of 2026-09-23)","license":"ODbL 1.0 (c) OpenStreetMap contributors","parent_governorate_name_en":"Jahra Governorate","area_km2":776.8292799263144},"geometry":{"type":"Polygon","coordinates":[[[47.76418,29.03478],[47.75279,29.03759],[47.72685,29.04348],[47.72108,29.03888],[47.71985,29.03808],[47.71842,29.03768],[47.71483,29.03766],[47.70464,29.03817],[47.69231,29.04049],[47.68364,29.04194],[47.68126,29.04208],[47.65817,29.04007],[47.64315,29.03838],[47.61735,29.03607],[47.569,29.03114],[47.56499,29.03094],[47.56408,29.03068],[47.56306,29.02885],[47.56222,29.02769],[47.56187,29.02754],[47.55616,29.02725],[47.55349,29.02799],[47.55117,29.02946],[47.54683,29.03345],[47.54102,29.04294],[47.53603,29.05051],[47.53149,29.05678],[47.53045,29.05782],[47.52681,29.06004],[47.52554,29.0612],[47.52314,29.06786],[47.5204,29.07019],[47.51628,29.07438],[47.51315,29.0769],[47.5077,29.08184],[47.50026,29.08896],[47.49882,29.08973],[47.49644,29.09206],[47.49041,29.09687],[47.48024,29.10617],[47.47394,29.11147],[47.46941,29.11394],[47.45317,29.12489],[47.43939,29.13362],[47.43288,29.14048],[47.42615,29.14808],[47.41273,29.16643],[47.406,29.17507],[47.40361,29.17934],[47.40078,29.18851],[47.39343,29.20576],[47.39009,29.2219],[47.38922,29.23011],[47.38864,29.23246],[47.38796,29.23359],[47.39576,29.23918],[47.40294,29.24516],[47.42666,29.26926],[47.43346,29.27488],[47.44018,29.27961],[47.44574,29.28287],[47.4521,29.28615],[47.47758,29.29692],[47.48648,29.30109],[47.49298,29.30472],[47.51474,29.31915],[47.51993,29.32165],[47.52479,29.32339],[47.53133,29.32467],[47.53564,29.325],[47.54255,29.32484],[47.54825,29.32384],[47.55413,29.32197],[47.5696,29.31478],[47.5735,29.31348],[47.57398,29.30076],[47.57394,29.29586],[47.57419,29.29504],[47.58553,29.27072],[47.5894,29.26355],[47.59191,29.258],[47.5939,29.25471],[47.62133,29.22934],[47.62224,29.2287],[47.62884,29.2294],[47.62948,29.22931],[47.62616,29.2263],[47.62582,29.22489],[47.62591,29.22317],[47.65311,29.19607],[47.67045,29.19606],[47.67866,29.19575],[47.698,29.19562],[47.79016,29.18527],[47.78918,29.18045],[47.78673,29.06551],[47.78623,29.02986],[47.76418,29.03478]]]}},{"type":"Feature","properties":{"id":"kw-area-relation-18113791","name_en":"Al Abdiliya","name_ar":"العبدلية","feature_class":"area_admin_level_6","source":"OpenStreetMap (Geofabrik GCC extract dated 2026-09-22) intersected with OSM land polygons (osmdata.openstreetmap.de, coastline of 2026-09-23)","license":"ODbL 1.0 (c) OpenStreetMap contributors","parent_governorate_name_en":"Jahra Governorate","area_km2":290.4714255779184},"geometry":{"type":"Polygon","coordinates":[[[47.62296,29.03661],[47.64315,29.03838],[47.65817,29.04007],[47.68186,29.0421],[47.69231,29.04049],[47.70464,29.03817],[47.71483,29.03766],[47.71842,29.03768],[47.71985,29.03808],[47.72108,29.03888],[47.72685,29.04348],[47.75279,29.03759],[47.76418,29.03478],[47.78623,29.02986],[47.78486,29.00664],[47.78521,28.99508],[47.78606,28.98922],[47.78805,28.98338],[47.79087,28.97834],[47.79536,28.97257],[47.81857,28.94518],[47.82547,28.93613],[47.82904,28.92901],[47.78334,28.89898],[47.7721,28.89117],[47.73098,28.85555],[47.72586,28.8549],[47.67547,28.90855],[47.58025,29.00793],[47.57818,29.01039],[47.57525,29.01312],[47.5893,29.0332],[47.62296,29.03661]]]}},{"type":"Feature","properties":{"id":"kw-area-relation-18113792","name_en":"Um Qudeer","name_ar":"أم قدير","feature_class":"area_admin_level_6","source":"OpenStreetMap (Geofabrik GCC extract dated 2026-09-22) intersected with OSM land polygons (osmdata.openstreetmap.de, coastline of 2026-09-23)","license":"ODbL 1.0 (c) OpenStreetMap contributors","parent_governorate_name_en":"Jahra Governorate","area_km2":627.0448088607374},"geometry":{"type":"Polygon","coordinates":[[[47.53691,28.91527],[47.53865,28.91945],[47.53997,28.92552],[47.54173,28.92654],[47.54611,28.93007],[47.54713,28.93091],[47.54793,28.9321],[47.55007,28.93854],[47.55329,28.94534],[47.55791,28.96509],[47.55957,28.97352],[47.56265,28.98074],[47.56511,28.98474],[47.56609,28.98584],[47.56713,28.98814],[47.56715,28.98972],[47.56657,28.99105],[47.56643,28.99212],[47.5673,29.00095],[47.57525,29.01312],[47.57818,29.01039],[47.58025,29.00793],[47.67547,28.90855],[47.72586,28.8549],[47.73098,28.85555],[47.7721,28.89117],[47.78334,28.89898],[47.82904,28.92901],[47.83104,28.92245],[47.83367,28.90097],[47.84244,28.82027],[47.83033,28.80863],[47.76115,28.73465],[47.74141,28.70569],[47.71495,28.67822],[47.70453,28.66996],[47.68127,28.65617],[47.63687,28.628],[47.63467,28.63052],[47.60814,28.65261],[47.60758,28.65245],[47.60537,28.65489],[47.60202,28.66612],[47.59377,28.69089],[47.59194,28.70274],[47.59081,28.70786],[47.59003,28.71612],[47.59105,28.72735],[47.59311,28.73328],[47.59391,28.73674],[47.59789,28.75675],[47.59781,28.76154],[47.59684,28.77521],[47.5847,28.83561],[47.55471,28.87178],[47.54826,28.88199],[47.54595,28.88642],[47.54305,28.89451],[47.5395,28.8997],[47.53331,28.9068],[47.53534,28.90992],[47.53691,28.91527]]]}},{"type":"Feature","properties":{"id":"kw-area-relation-18116116","name_en":"East Ahmadi","name_ar":"شرق الاحمدي","feature_class":"area_admin_level_6","source":"OpenStreetMap (Geofabrik GCC extract dated 2026-09-22) intersected with OSM land polygons (osmdata.openstreetmap.de, coastline of 2026-09-23)","license":"ODbL 1.0 (c) OpenStreetMap contributors","parent_governorate_name_en":"Ahmadi Governorate","area_km2":25.059403413320233},"geometry":{"type":"Polygon","coordinates":[[[48.05232,29.10312],[48.05212,29.10401],[48.05229,29.10426],[48.05444,29.10492],[48.05659,29.10855],[48.05896,29.11132],[48.0739,29.11123],[48.07579,29.10959],[48.08947,29.09465],[48.098,29.09338],[48.09928,29.08546],[48.09976,29.07807],[48.09953,29.07221],[48.09812,29.06329],[48.09367,29.06447],[48.0806,29.0701],[48.0762,29.06181],[48.06485,29.04439],[48.05358,29.04866],[48.05442,29.05268],[48.0583,29.06069],[48.04972,29.06449],[48.04543,29.06688],[48.05073,29.0726],[48.04763,29.07439],[48.04629,29.07284],[48.04389,29.07458],[48.04504,29.07607],[48.04512,29.07834],[48.04421,29.08248],[48.04458,29.08714],[48.04627,29.08819],[48.0478,29.09468],[48.0514,29.0945],[48.05195,29.09468],[48.05232,29.10312]]]}},{"type":"Feature","properties":{"id":"kw-area-relation-18124449","name_en":"Shalehat Zoor","name_ar":"شاليهات الزور","feature_class":"area_admin_level_6","source":"OpenStreetMap (Geofabrik GCC extract dated 2026-09-22) intersected with OSM land polygons (osmdata.openstreetmap.de, coastline of 2026-09-23)","license":"ODbL 1.0 (c) OpenStreetMap contributors","parent_governorate_name_en":"Ahmadi Governorate","area_km2":1.4995536389716688},"geometry":{"type":"Polygon","coordinates":[[[48.38154,28.68408],[48.38198,28.68362],[48.38332,28.68088],[48.38465,28.67911],[48.38785,28.67573],[48.39112,28.66738],[48.39214,28.66564],[48.39368,28.66375],[48.39396,28.66293],[48.39379,28.66274],[48.39321,28.66277],[48.38828,28.66617],[48.38659,28.66709],[48.38671,28.66728],[48.38653,28.66745],[48.38623,28.66757],[48.3861,28.66735],[48.38604,28.66755],[48.38235,28.66923],[48.38156,28.66981],[48.38087,28.671],[48.38054,28.67108],[48.38077,28.67117],[48.38077,28.67164],[48.37925,28.67491],[48.37747,28.68094],[48.37726,28.68145],[48.37632,28.68236],[48.37967,28.685],[48.38144,28.68556],[48.38154,28.68408]]]}},{"type":"Feature","properties":{"id":"kw-area-relation-18124450","name_en":"Al Nuwaiseeb Chalets","name_ar":"شاليهات النويصيب","feature_class":"area_admin_level_6","source":"OpenStreetMap (Geofabrik GCC extract dated 2026-09-22) intersected with OSM land polygons (osmdata.openstreetmap.de, coastline of 2026-09-23)","license":"ODbL 1.0 (c) OpenStreetMap contributors","parent_governorate_name_en":"Ahmadi Governorate","area_km2":3.1265665537936456},"geometry":{"type":"Polygon","coordinates":[[[48.40407,28.5622],[48.39359,28.5826],[48.39202,28.58813],[48.39926,28.58852],[48.3987,28.5866],[48.39869,28.58415],[48.39898,28.58343],[48.40139,28.58061],[48.40133,28.58002],[48.40057,28.57914],[48.40063,28.57675],[48.40116,28.57441],[48.40217,28.57219],[48.40395,28.56975],[48.40593,28.56778],[48.40877,28.56354],[48.41155,28.55998],[48.41406,28.55777],[48.41477,28.55748],[48.41606,28.5554],[48.41754,28.55428],[48.41723,28.55412],[48.41814,28.55282],[48.41871,28.55147],[48.4186,28.55069],[48.41906,28.54981],[48.42223,28.5473],[48.42262,28.54593],[48.42272,28.54412],[48.42669,28.53802],[48.42726,28.53764],[48.42792,28.53753],[48.42507,28.53564],[48.41569,28.54566],[48.40407,28.5622]]]}},{"type":"Feature","properties":{"id":"kw-area-relation-18124451","name_en":"Shalehat Bneder","name_ar":"شاليهات بنيدر","feature_class":"area_admin_level_6","source":"OpenStreetMap (Geofabrik GCC extract dated 2026-09-22) intersected with OSM land polygons (osmdata.openstreetmap.de, coastline of 2026-09-23)","license":"ODbL 1.0 (c) OpenStreetMap contributors","parent_governorate_name_en":"Ahmadi Governorate","area_km2":3.729420770153714},"geometry":{"type":"Polygon","coordinates":[[[48.34453,28.74719],[48.34308,28.74471],[48.31721,28.75961],[48.30765,28.76486],[48.30356,28.7678],[48.29974,28.77182],[48.29777,28.77448],[48.29509,28.77685],[48.2942,28.77913],[48.29237,28.78079],[48.28695,28.78886],[48.28426,28.79214],[48.27635,28.81161],[48.27724,28.81547],[48.27751,28.82497],[48.27833,28.83834],[48.27772,28.84633],[48.27835,28.85572],[48.28075,28.85576],[48.28002,28.84865],[48.28074,28.83649],[48.28047,28.83434],[48.281,28.82685],[48.28027,28.82411],[48.27965,28.82018],[48.27949,28.80969],[48.27991,28.80808],[48.28365,28.79965],[48.28746,28.79252],[48.29568,28.7799],[48.29916,28.77546],[48.30409,28.77101],[48.3114,28.76574],[48.31754,28.76198],[48.32965,28.75578],[48.33034,28.75473],[48.33506,28.75244],[48.33581,28.75167],[48.33557,28.75151],[48.33639,28.75088],[48.33952,28.74932],[48.34453,28.74719]]]}},{"type":"Feature","properties":{"id":"kw-area-relation-18124452","name_en":"Abu Khurjeen - Al Subayhiyah","name_ar":"ابو خرجين و الصبيحية","feature_class":"area_admin_level_6","source":"OpenStreetMap (Geofabrik GCC extract dated 2026-09-22) intersected with OSM land polygons (osmdata.openstreetmap.de, coastline of 2026-09-23)","license":"ODbL 1.0 (c) OpenStreetMap contributors","parent_governorate_name_en":"Ahmadi Governorate","area_km2":827.1668855805702},"geometry":{"type":"Polygon","coordinates":[[[48.27318,28.73002],[48.26354,28.72545],[48.19094,28.69324],[48.16201,28.68076],[48.15921,28.67929],[48.00146,28.61277],[48.00078,28.61381],[47.99445,28.61365],[47.93198,28.61646],[47.9325,28.62612],[47.92988,28.62611],[47.91043,28.63815],[47.88809,28.65786],[47.88638,28.659],[47.88099,28.66481],[47.87155,28.6743],[47.86666,28.68243],[47.86044,28.69199],[47.8598,28.69275],[47.8581,28.69396],[47.8546,28.6955],[47.80725,28.70949],[47.79091,28.71417],[47.78854,28.71448],[47.78081,28.71621],[47.75551,28.72635],[47.76115,28.73465],[47.83033,28.80863],[47.84244,28.82027],[47.89451,28.81577],[47.89974,28.81582],[47.90086,28.81563],[47.90183,28.81497],[47.90343,28.81276],[47.90525,28.81199],[47.91689,28.80983],[47.9263,28.80598],[47.92875,28.80579],[47.93655,28.80599],[47.93933,28.80712],[47.94034,28.80721],[47.95407,28.80209],[47.95728,28.80129],[47.9624,28.79955],[47.97293,28.79807],[47.98815,28.79469],[47.99525,28.79403],[48.00474,28.79276],[48.00791,28.81139],[48.00897,28.81978],[48.01109,28.82816],[48.01479,28.83748],[48.02538,28.8575],[48.02883,28.86338],[48.11844,28.81135],[48.24433,28.85102],[48.27133,28.79821],[48.2719,28.79652],[48.28505,28.73658],[48.27318,28.73002]]]}},{"type":"Feature","properties":{"id":"kw-area-relation-18124453","name_en":"Qaradan - Al Hafirah - Al Fawwar","name_ar":"قرادان والحفيرة و الفوار","feature_class":"area_admin_level_6","source":"OpenStreetMap (Geofabrik GCC extract dated 2026-09-22) intersected with OSM land polygons (osmdata.openstreetmap.de, coastline of 2026-09-23)","license":"ODbL 1.0 (c) OpenStreetMap contributors","parent_governorate_name_en":"Ahmadi Governorate","area_km2":174.34713999349864},"geometry":{"type":"Polygon","coordinates":[[[48.26354,28.72545],[48.27318,28.73002],[48.28505,28.73658],[48.29985,28.66855],[48.30131,28.66379],[48.30392,28.65843],[48.32637,28.62077],[48.33238,28.60931],[48.33416,28.60097],[48.33492,28.59232],[48.33552,28.58872],[48.3369,28.58432],[48.33877,28.58042],[48.34038,28.57784],[48.34346,28.57395],[48.34501,28.57235],[48.34865,28.56932],[48.35066,28.56792],[48.38829,28.54496],[48.39277,28.54072],[48.39812,28.53397],[48.29848,28.53281],[48.29975,28.58214],[48.28646,28.58693],[48.28453,28.59265],[48.27326,28.61941],[48.23677,28.60572],[48.21013,28.61282],[48.20578,28.61363],[48.19094,28.69324],[48.26354,28.72545]]]}},{"type":"Feature","properties":{"id":"kw-area-relation-18124454","name_en":"Sabah Al Ahmad Marine City","name_ar":"مدينة صباح الأحمد البحرية","feature_class":"area_admin_level_6","source":"OpenStreetMap (Geofabrik GCC extract dated 2026-09-22) intersected with OSM land polygons (osmdata.openstreetmap.de, coastline of 2026-09-23)","license":"ODbL 1.0 (c) OpenStreetMap contributors","parent_governorate_name_en":"Ahmadi Governorate","area_km2":60.33342347942945},"geometry":{"type":"Polygon","coordinates":[[[48.36121,28.60254],[48.35574,28.60068],[48.35416,28.60035],[48.33447,28.59851],[48.33416,28.60097],[48.33238,28.60931],[48.32637,28.62077],[48.30392,28.65843],[48.30221,28.66166],[48.3002,28.66706],[48.29625,28.68516],[48.31444,28.68784],[48.31688,28.6798],[48.33386,28.68121],[48.33807,28.6812],[48.34186,28.6807],[48.34461,28.68003],[48.35214,28.67709],[48.3583,28.69641],[48.35819,28.69915],[48.35944,28.70345],[48.37841,28.69787],[48.37846,28.69407],[48.37918,28.69217],[48.38022,28.6912],[48.37976,28.69096],[48.37969,28.69064],[48.38117,28.69021],[48.38306,28.69023],[48.38585,28.68912],[48.3872,28.68776],[48.38666,28.68633],[48.3834,28.68616],[48.37967,28.685],[48.37632,28.68236],[48.37529,28.68202],[48.37527,28.68121],[48.37714,28.67794],[48.37773,28.6741],[48.37915,28.67148],[48.37875,28.67095],[48.37774,28.67075],[48.37667,28.67206],[48.37596,28.67348],[48.37579,28.67641],[48.37519,28.67752],[48.37403,28.67749],[48.37302,28.67651],[48.37257,28.67566],[48.37287,28.675],[48.37394,28.67421],[48.37403,28.67368],[48.37381,28.67342],[48.37255,28.67321],[48.37031,28.67434],[48.36946,28.67451],[48.36879,28.67415],[48.3686,28.67327],[48.36873,28.67276],[48.36928,28.67216],[48.37201,28.67154],[48.37954,28.66836],[48.38205,28.66694],[48.38448,28.66689],[48.38563,28.66664],[48.39165,28.6633],[48.39276,28.66202],[48.39179,28.65932],[48.39169,28.65856],[48.39212,28.65729],[48.39163,28.65741],[48.38968,28.65707],[48.38658,28.65574],[48.38595,28.65434],[48.3859,28.65355],[48.38421,28.65186],[48.38342,28.65014],[48.38337,28.64956],[48.38198,28.64749],[48.38149,28.64721],[48.38108,28.64635],[48.38132,28.64553],[48.38079,28.64444],[48.37947,28.6436],[48.37822,28.64208],[48.37436,28.64],[48.37386,28.63902],[48.37325,28.63842],[48.37125,28.63721],[48.37026,28.63763],[48.36752,28.64009],[48.36698,28.64001],[48.36491,28.64047],[48.3609,28.63922],[48.36489,28.63637],[48.36567,28.63518],[48.36626,28.63274],[48.36409,28.63212],[48.36466,28.63304],[48.36443,28.634],[48.36354,28.63532],[48.35952,28.63685],[48.35862,28.6381],[48.35853,28.63862],[48.35876,28.6393],[48.35983,28.6408],[48.36073,28.6437],[48.36063,28.64603],[48.36098,28.64691],[48.36067,28.64749],[48.35961,28.64763],[48.35903,28.64807],[48.35814,28.64911],[48.35818,28.6501],[48.36069,28.65282],[48.36054,28.65336],[48.36001,28.6538],[48.35651,28.65362],[48.35631,28.6541],[48.35289,28.65439],[48.35114,28.65543],[48.35026,28.65418],[48.35556,28.65238],[48.35668,28.65107],[48.35676,28.64926],[48.35728,28.6477],[48.35866,28.64595],[48.35922,28.64468],[48.35936,28.64366],[48.35741,28.63858],[48.35661,28.62826],[48.38137,28.63136],[48.3797,28.62479],[48.37915,28.6167],[48.37849,28.61453],[48.38038,28.60523],[48.36574,28.60343],[48.36121,28.60254]]]}},{"type":"Feature","properties":{"id":"kw-area-relation-18124553","name_en":"PAFER - Farms","name_ar":"الهيئة العامة للزراعة والثروة السمكية - مزارع","feature_class":"area_admin_level_6","source":"OpenStreetMap (Geofabrik GCC extract dated 2026-09-22) intersected with OSM land polygons (osmdata.openstreetmap.de, coastline of 2026-09-23)","license":"ODbL 1.0 (c) OpenStreetMap contributors","parent_governorate_name_en":"Ahmadi Governorate","area_km2":23.14215593983623},"geometry":{"type":"Polygon","coordinates":[[[47.78673,29.06551],[47.78811,29.12537],[47.82474,29.12446],[47.82472,29.0693],[47.78673,29.06551]]]}},{"type":"Feature","properties":{"id":"kw-area-relation-18130610","name_en":"Shadadiya","name_ar":"الشدادية","feature_class":"area_admin_level_6","source":"OpenStreetMap (Geofabrik GCC extract dated 2026-09-22) intersected with OSM land polygons (osmdata.openstreetmap.de, coastline of 2026-09-23)","license":"ODbL 1.0 (c) OpenStreetMap contributors","parent_governorate_name_en":"Farwaniya Governorate","area_km2":24.310095388787563},"geometry":{"type":"Polygon","coordinates":[[[47.84495,29.22686],[47.85291,29.22626],[47.86753,29.22684],[47.86895,29.22662],[47.87697,29.22631],[47.88505,29.22634],[47.8843,29.20746],[47.88347,29.20293],[47.88172,29.1979],[47.88164,29.19538],[47.88236,29.19286],[47.88348,29.19111],[47.88468,29.18982],[47.8873,29.18816],[47.8041,29.20688],[47.81425,29.22093],[47.81647,29.22478],[47.82094,29.23444],[47.84495,29.22686]]]}},{"type":"Feature","properties":{"id":"kw-area-relation-18130611","name_en":"Suhayed Al Awazim - Airport","name_ar":"صهيد العوازم - المطار","feature_class":"area_admin_level_6","source":"OpenStreetMap (Geofabrik GCC extract dated 2026-09-22) intersected with OSM land polygons (osmdata.openstreetmap.de, coastline of 2026-09-23)","license":"ODbL 1.0 (c) OpenStreetMap contributors","parent_governorate_name_en":"Farwaniya Governorate","area_km2":38.5712016624267},"geometry":{"type":"Polygon","coordinates":[[[47.88468,29.18982],[47.8827,29.19218],[47.88182,29.19443],[47.88161,29.19624],[47.88172,29.1979],[47.88347,29.20293],[47.88412,29.20584],[47.88505,29.22634],[47.94273,29.2266],[47.95137,29.20702],[47.95538,29.19445],[47.95692,29.19254],[47.95927,29.19098],[47.96109,29.19094],[47.96232,29.1914],[47.97206,29.19675],[47.98124,29.20122],[47.98252,29.20157],[47.98298,29.20129],[47.98329,29.2002],[47.98455,29.19873],[47.98649,29.19974],[47.98727,29.19993],[47.99751,29.20047],[47.99937,29.19941],[48.00705,29.19688],[48.0062,29.19519],[48.00521,29.19394],[47.99412,29.18362],[47.99127,29.17958],[47.9729,29.18189],[47.96282,29.18269],[47.95335,29.18313],[47.94256,29.18304],[47.93419,29.18272],[47.92008,29.18178],[47.91754,29.18186],[47.91524,29.18206],[47.89614,29.18571],[47.8873,29.18816],[47.88468,29.18982]]]}},{"type":"Feature","properties":{"id":"kw-area-relation-18130612","name_en":"South ElJelleb - Ash Shadadiay","name_ar":"غرب الجليب - الشدادية","feature_class":"area_admin_level_6","source":"OpenStreetMap (Geofabrik GCC extract dated 2026-09-22) intersected with OSM land polygons (osmdata.openstreetmap.de, coastline of 2026-09-23)","license":"ODbL 1.0 (c) OpenStreetMap contributors","parent_governorate_name_en":"Farwaniya Governorate","area_km2":9.980123271433051},"geometry":{"type":"Polygon","coordinates":[[[47.88974,29.23978],[47.89445,29.23505],[47.8957,29.2342],[47.89628,29.23326],[47.89737,29.23215],[47.89801,29.23182],[47.89942,29.23149],[47.90393,29.23158],[47.90512,29.23133],[47.90926,29.23153],[47.91008,29.23179],[47.91145,29.23262],[47.91253,29.23381],[47.91366,29.23417],[47.91985,29.2385],[47.92048,29.23922],[47.92204,29.24002],[47.92821,29.24432],[47.93037,29.24609],[47.93147,29.24499],[47.94377,29.23627],[47.94278,29.2319],[47.94255,29.2293],[47.94273,29.2266],[47.88505,29.22634],[47.88478,29.22959],[47.88306,29.23534],[47.88067,29.23963],[47.87949,29.24127],[47.87619,29.24468],[47.87282,29.24729],[47.86598,29.25166],[47.86025,29.25471],[47.86219,29.25687],[47.86337,29.25904],[47.86424,29.26203],[47.86432,29.26609],[47.87198,29.2616],[47.88077,29.25506],[47.88024,29.25504],[47.87752,29.25301],[47.87736,29.25216],[47.88091,29.24856],[47.88234,29.24745],[47.88254,29.24687],[47.88318,29.24618],[47.88796,29.24161],[47.88891,29.24103],[47.88974,29.23978]]]}},{"type":"Feature","properties":{"id":"kw-area-relation-18130613","name_en":"Kuwait University - Shaddadiya Campus","name_ar":"جامعة الكويت - الشدادية","feature_class":"area_admin_level_6","source":"OpenStreetMap (Geofabrik GCC extract dated 2026-09-22) intersected with OSM land polygons (osmdata.openstreetmap.de, coastline of 2026-09-23)","license":"ODbL 1.0 (c) OpenStreetMap contributors","parent_governorate_name_en":"Farwaniya Governorate","area_km2":8.555313502699574},"geometry":{"type":"Polygon","coordinates":[[[47.88897,29.26753],[47.90788,29.26747],[47.90812,29.265],[47.90918,29.26334],[47.92581,29.25017],[47.93037,29.24609],[47.92821,29.24432],[47.92451,29.24722],[47.91612,29.24716],[47.91483,29.24699],[47.91194,29.24715],[47.90528,29.24705],[47.90386,29.24725],[47.89629,29.24714],[47.89512,29.24695],[47.89303,29.24724],[47.88814,29.25021],[47.88777,29.25082],[47.88636,29.25147],[47.88077,29.25506],[47.87198,29.2616],[47.86432,29.26609],[47.88897,29.26753]]]}},{"type":"Feature","properties":{"id":"kw-area-relation-18130614","name_en":"Sulaibyia Industrial 3","name_ar":"الصليبية الصناعية 3","feature_class":"area_admin_level_6","source":"OpenStreetMap (Geofabrik GCC extract dated 2026-09-22) intersected with OSM land polygons (osmdata.openstreetmap.de, coastline of 2026-09-23)","license":"ODbL 1.0 (c) OpenStreetMap contributors","parent_governorate_name_en":"Farwaniya Governorate","area_km2":7.714823138544202},"geometry":{"type":"Polygon","coordinates":[[[47.8464,29.19736],[47.81234,29.20503],[47.82314,29.22567],[47.85504,29.21473],[47.8464,29.19736]]]}},{"type":"Feature","properties":{"id":"kw-area-way-93594114","name_en":"Industrial Sabhan","name_ar":"صبحان الصناعية","feature_class":"area_admin_level_6","source":"OpenStreetMap (Geofabrik GCC extract dated 2026-09-22) intersected with OSM land polygons (osmdata.openstreetmap.de, coastline of 2026-09-23)","license":"ODbL 1.0 (c) OpenStreetMap contributors","parent_governorate_name_en":"Mubarak al-Kabir Governorate","area_km2":1.8760906767855725},"geometry":{"type":"Polygon","coordinates":[[[48.00104,29.22397],[48.00028,29.22412],[47.99704,29.23386],[48.01642,29.2332],[48.017,29.23301],[48.01674,29.22439],[48.01649,29.22395],[48.01602,29.22381],[48.00382,29.22425],[48.00104,29.22397]]]}},{"type":"Feature","properties":{"id":"kw-area-way-261919594","name_en":"Camp Doha","name_ar":"ميناء الدوحة","feature_class":"area_admin_level_6","source":"OpenStreetMap (Geofabrik GCC extract dated 2026-09-22) intersected with OSM land polygons (osmdata.openstreetmap.de, coastline of 2026-09-23)","license":"ODbL 1.0 (c) OpenStreetMap contributors","parent_governorate_name_en":"Capital Governorate","area_km2":1.9208253898121275},"geometry":{"type":"Polygon","coordinates":[[[47.80545,29.37127],[47.81564,29.37201],[47.816,29.368],[47.81575,29.36798],[47.81576,29.3677],[47.8096,29.35978],[47.80849,29.35771],[47.80603,29.35151],[47.80545,29.351],[47.80463,29.35071],[47.80363,29.35084],[47.80298,29.35135],[47.80298,29.35392],[47.80137,29.37098],[47.80301,29.37109],[47.80326,29.37045],[47.80408,29.37004],[47.80481,29.37011],[47.80545,29.37127]]]}},{"type":"Feature","properties":{"id":"kw-area-way-780613943","name_en":"Shagaya Project","name_ar":"مشروع الشقايا","feature_class":"area_admin_level_6","source":"OpenStreetMap (Geofabrik GCC extract dated 2026-09-22) intersected with OSM land polygons (osmdata.openstreetmap.de, coastline of 2026-09-23)","license":"ODbL 1.0 (c) OpenStreetMap contributors","parent_governorate_name_en":"Jahra Governorate","area_km2":50.01839564081412},"geometry":{"type":"Polygon","coordinates":[[[47.05641,29.16019],[46.97941,29.16139],[46.98037,29.21204],[47.05788,29.22993],[47.05641,29.16019]]]}},{"type":"Feature","properties":{"id":"kw-area-way-1135462948","name_en":"Shadadiya industrial","name_ar":"الشدادية الصناعية","feature_class":"area_admin_level_6","source":"OpenStreetMap (Geofabrik GCC extract dated 2026-09-22) intersected with OSM land polygons (osmdata.openstreetmap.de, coastline of 2026-09-23)","license":"ODbL 1.0 (c) OpenStreetMap contributors","parent_governorate_name_en":"Ahmadi Governorate","area_km2":5.841661525351697},"geometry":{"type":"Polygon","coordinates":[[[47.83854,29.17346],[47.84144,29.17664],[47.84146,29.17769],[47.85652,29.19455],[47.87305,29.17431],[47.86091,29.1632],[47.85388,29.16873],[47.85086,29.16998],[47.84734,29.1705],[47.83503,29.17076],[47.8373,29.17338],[47.83767,29.17334],[47.83806,29.17378],[47.83854,29.17346]]]}},{"type":"Feature","properties":{"id":"kw-area-way-1135462961","name_en":null,"name_ar":"مطلاع (دراكيل)","feature_class":"area_admin_level_6","source":"OpenStreetMap (Geofabrik GCC extract dated 2026-09-22) intersected with OSM land polygons (osmdata.openstreetmap.de, coastline of 2026-09-23)","license":"ODbL 1.0 (c) OpenStreetMap contributors","parent_governorate_name_en":"Jahra Governorate","area_km2":21.257423628737033},"geometry":{"type":"Polygon","coordinates":[[[47.39394,29.31429],[47.39448,29.31509],[47.39393,29.31695],[47.39116,29.31961],[47.38815,29.32535],[47.40227,29.32894],[47.44177,29.31941],[47.45428,29.29547],[47.43024,29.28076],[47.42893,29.2807],[47.40974,29.28408],[47.39394,29.31429]]]}},{"type":"Feature","properties":{"id":"kw-area-way-1135462966","name_en":null,"name_ar":"الصبية (دراكيل)","feature_class":"area_admin_level_6","source":"OpenStreetMap (Geofabrik GCC extract dated 2026-09-22) intersected with OSM land polygons (osmdata.openstreetmap.de, coastline of 2026-09-23)","license":"ODbL 1.0 (c) OpenStreetMap contributors","parent_governorate_name_en":"Jahra Governorate","area_km2":25.984619265330135},"geometry":{"type":"Polygon","coordinates":[[[47.93567,29.78771],[47.93566,29.7943],[47.93928,29.82033],[47.95706,29.82109],[47.96715,29.79913],[47.95643,29.71652],[47.94331,29.71995],[47.94139,29.72544],[47.93567,29.78771]]]}},{"type":"Feature","properties":{"id":"kw-area-way-1135462975","name_en":"Salmi west","name_ar":"غرب السالمي","feature_class":"area_admin_level_6","source":"OpenStreetMap (Geofabrik GCC extract dated 2026-09-22) intersected with OSM land polygons (osmdata.openstreetmap.de, coastline of 2026-09-23)","license":"ODbL 1.0 (c) OpenStreetMap contributors","parent_governorate_name_en":"Jahra Governorate","area_km2":49.99166545172665},"geometry":{"type":"Polygon","coordinates":[[[47.11774,29.23243],[47.1682,29.24403],[47.18301,29.24385],[47.21084,29.21228],[47.12498,29.16362],[47.11833,29.16358],[47.11774,29.23243]]]}},{"type":"Feature","properties":{"id":"kw-area-way-1159755811","name_en":"Camp Arifjan","name_ar":"معسكر عريفجان","feature_class":"area_admin_level_6","source":"OpenStreetMap (Geofabrik GCC extract dated 2026-09-22) intersected with OSM land polygons (osmdata.openstreetmap.de, coastline of 2026-09-23)","license":"ODbL 1.0 (c) OpenStreetMap contributors","parent_governorate_name_en":"Ahmadi Governorate","area_km2":33.103211594255235},"geometry":{"type":"Polygon","coordinates":[[[48.18088,28.92512],[48.17564,28.90706],[48.17156,28.90446],[48.17135,28.90397],[48.18046,28.89514],[48.17905,28.8939],[48.18229,28.88713],[48.18466,28.88333],[48.18169,28.87787],[48.17324,28.87206],[48.1734,28.87186],[48.16202,28.86423],[48.16183,28.86444],[48.15281,28.85832],[48.13987,28.87308],[48.1354,28.86999],[48.12803,28.8779],[48.12108,28.88701],[48.12244,28.88989],[48.12271,28.89118],[48.12362,28.89321],[48.12556,28.90634],[48.14739,28.92154],[48.15031,28.93748],[48.1699,28.9326],[48.17885,28.92595],[48.18088,28.92512]]]}},{"type":"Feature","properties":{"id":"kw-area-way-1298047328","name_en":"Janobyia Aljawakheer","name_ar":"الجنوبية الجواخير","feature_class":"area_admin_level_6","source":"OpenStreetMap (Geofabrik GCC extract dated 2026-09-22) intersected with OSM land polygons (osmdata.openstreetmap.de, coastline of 2026-09-23)","license":"ODbL 1.0 (c) OpenStreetMap contributors","parent_governorate_name_en":"Ahmadi Governorate","area_km2":6.223702417811245},"geometry":{"type":"Polygon","coordinates":[[[47.94622,28.71934],[47.94559,28.69695],[47.92012,28.69754],[47.9207,28.72018],[47.94622,28.71934]]]}},{"type":"Feature","properties":{"id":"kw-area-way-1298091246","name_en":"Shalehat Subiya","name_ar":"شاليهات الصبية","feature_class":"area_admin_level_6","source":"OpenStreetMap (Geofabrik GCC extract dated 2026-09-22) intersected with OSM land polygons (osmdata.openstreetmap.de, coastline of 2026-09-23)","license":"ODbL 1.0 (c) OpenStreetMap contributors","parent_governorate_name_en":"Jahra Governorate","area_km2":8.598394415353042},"geometry":{"type":"Polygon","coordinates":[[[48.09121,29.74175],[48.09269,29.74179],[48.09331,29.74197],[48.09372,29.74243],[48.09651,29.7409],[48.09695,29.74025],[48.09878,29.7397],[48.10225,29.73501],[48.10485,29.73228],[48.10585,29.73023],[48.106,29.72779],[48.10526,29.72174],[48.1049,29.72058],[48.10439,29.71992],[48.10399,29.71814],[48.10403,29.71677],[48.10471,29.71463],[48.10433,29.71322],[48.10442,29.71131],[48.1056,29.70393],[48.10707,29.70012],[48.10693,29.69885],[48.10799,29.69629],[48.11064,29.69158],[48.11181,29.69099],[48.11329,29.68898],[48.1145,29.68841],[48.11586,29.68342],[48.11712,29.68025],[48.11781,29.67741],[48.11944,29.67471],[48.1202,29.67281],[48.12193,29.67027],[48.12195,29.6696],[48.12381,29.66465],[48.12554,29.66222],[48.12815,29.66045],[48.12951,29.65797],[48.13104,29.65642],[48.13211,29.65133],[48.13681,29.64124],[48.14002,29.63568],[48.14122,29.63287],[48.14194,29.63013],[48.14343,29.62712],[48.14423,29.6243],[48.1454,29.62255],[48.14767,29.62041],[48.14917,29.61972],[48.15045,29.61958],[48.1519,29.61859],[48.15214,29.61698],[48.15194,29.61485],[48.15241,29.61185],[48.1535,29.60941],[48.15459,29.60517],[48.15542,29.6039],[48.15686,29.60404],[48.15694,29.60389],[48.15673,29.60307],[48.15617,29.60239],[48.15573,29.60102],[48.15571,29.60013],[48.15821,29.59419],[48.15929,29.59216],[48.16034,29.58918],[48.16068,29.58892],[48.1611,29.58752],[48.16326,29.58436],[48.16689,29.58112],[48.16888,29.57753],[48.17129,29.57542],[48.16342,29.57701],[48.14047,29.6225],[48.13929,29.62557],[48.13883,29.62846],[48.13761,29.62995],[48.13685,29.63141],[48.13564,29.63591],[48.13479,29.63721],[48.1345,29.63817],[48.13332,29.63871],[48.13245,29.63974],[48.13163,29.64249],[48.1316,29.64494],[48.12624,29.65532],[48.12186,29.66306],[48.12031,29.66804],[48.11593,29.6756],[48.10873,29.68935],[48.10321,29.70307],[48.10203,29.71403],[48.09011,29.71282],[48.09157,29.7164],[48.09712,29.72306],[48.09729,29.72617],[48.09339,29.72582],[48.09339,29.72696],[48.10045,29.72756],[48.10064,29.73008],[48.10147,29.73118],[48.09627,29.73774],[48.08639,29.74128],[48.08551,29.74126],[48.08498,29.74223],[48.08814,29.74333],[48.08895,29.7424],[48.09121,29.74175]]]}},{"type":"Feature","properties":{"id":"kw-area-way-1298327328","name_en":"West Abu Ftirah Hirafyia","name_ar":"غرب أبو فطيرة الحرفية","feature_class":"area_admin_level_6","source":"OpenStreetMap (Geofabrik GCC extract dated 2026-09-22) intersected with OSM land polygons (osmdata.openstreetmap.de, coastline of 2026-09-23)","license":"ODbL 1.0 (c) OpenStreetMap contributors","parent_governorate_name_en":"Mubarak al-Kabir Governorate","area_km2":1.218058143730212},"geometry":{"type":"Polygon","coordinates":[[[48.04411,29.20269],[48.05384,29.20484],[48.05595,29.1966],[48.05707,29.19364],[48.04824,29.19121],[48.04411,29.20269]]]}},{"type":"Feature","properties":{"id":"kw-area-way-1298328764","name_en":"Forosyia","name_ar":"الفروسية","feature_class":"area_admin_level_6","source":"OpenStreetMap (Geofabrik GCC extract dated 2026-09-22) intersected with OSM land polygons (osmdata.openstreetmap.de, coastline of 2026-09-23)","license":"ODbL 1.0 (c) OpenStreetMap contributors","parent_governorate_name_en":"Ahmadi Governorate","area_km2":3.2464837255506516},"geometry":{"type":"Polygon","coordinates":[[[48.13132,28.94761],[48.11949,28.9271],[48.10854,28.93241],[48.11976,28.95367],[48.13132,28.94761]]]}}],"metadata":{"derived_from":"vector/admin/areas_land.geojson","simplification":"Douglas-Peucker, 15 m tolerance in LAEA(29.3N,47.7E), topology preserved; 5-decimal coordinates; measured max deviation from source 18.9 m","dropped_features":[],"note":"A web view of the full-resolution file named in derived_from. Measure from that file, not this one."}}