{"type":"FeatureCollection","features":[{"type":"Feature","properties":{"id":"kw-gov-jahra-osm2023","name_en":"Jahra Governorate","name_ar":"محافظة الجهراء","feature_class":"governorate_land_only_pre_2024_osm","source":"geoBoundaries gbOpen KWT ADM1 (commit 9469f09, built Dec 12, 2023, boundarySource 'OpenStreetMap, Wambacher', sourceDataUpdateDate Thu Jan 19 07:31:04 2023) intersected with OSM land polygons (osmdata.openstreetmap.de, coastline of 2026-09-23)","license":"ODbL 1.0 (geoBoundaries gbOpen from OSM; OSM land polygons)","iso_3166_2":"KW-JA","area_km2":12228.909395671777},"geometry":{"type":"MultiPolygon","coordinates":[[[[48.0841,29.81333],[48.08706,29.81314],[48.09085,29.8145],[48.09941,29.81405],[48.10159,29.80982],[48.10052,29.80948],[48.10127,29.80859],[48.10056,29.80782],[48.09904,29.80646],[48.09787,29.80605],[48.09734,29.80424],[48.09566,29.80463],[48.09561,29.80291],[48.09502,29.8029],[48.09446,29.80173],[48.09211,29.80142],[48.08441,29.80267],[48.08443,29.80215],[48.08353,29.80252],[48.07851,29.80292],[48.07682,29.80533],[48.07663,29.80686],[48.07721,29.80726],[48.08014,29.80784],[48.08162,29.80749],[48.08189,29.80852],[48.08276,29.80893],[48.08512,29.80898],[48.086,29.80887],[48.08602,29.80836],[48.09074,29.8082],[48.09047,29.80743],[48.09106,29.80718],[48.09105,29.8077],[48.09253,29.80722],[48.09252,29.80773],[48.09073,29.80859],[48.08954,29.80869],[48.08965,29.80998],[48.08743,29.81045],[48.08742,29.81096],[48.08623,29.81132],[48.08385,29.81191],[48.08356,29.81164],[48.0841,29.81333]]],[[[48.05139,29.82327],[48.05141,29.82275],[48.05199,29.82277],[48.05201,29.82225],[48.0535,29.82177],[48.05351,29.82126],[48.05499,29.82129],[48.05502,29.82026],[48.05591,29.82003],[48.05653,29.81876],[48.05802,29.81827],[48.05804,29.8175],[48.05924,29.81702],[48.05956,29.816],[48.06015,29.81601],[48.06214,29.81348],[48.06277,29.81221],[48.06299,29.80965],[48.06379,29.80924],[48.06381,29.81172],[48.06708,29.81102],[48.06759,29.80872],[48.06718,29.80743],[48.06659,29.80741],[48.06661,29.8069],[48.06572,29.80701],[48.06435,29.80865],[48.06448,29.80917],[48.06399,29.80907],[48.06461,29.8048],[48.06402,29.80479],[48.0639,29.80376],[48.06317,29.80348],[48.06316,29.804],[48.06227,29.8041],[48.06166,29.8046],[48.05742,29.80361],[48.05857,29.79965],[48.0568,29.79961],[48.05544,29.80074],[48.05465,29.80252],[48.05553,29.8028],[48.05551,29.80357],[48.05668,29.80385],[48.05651,29.80436],[48.05455,29.80612],[48.05514,29.80613],[48.05525,29.80716],[48.05406,29.80765],[48.05388,29.80867],[48.053,29.80865],[48.05236,29.81018],[48.04967,29.81186],[48.04825,29.81472],[48.0479,29.81651],[48.04716,29.81675],[48.04465,29.82209],[48.04375,29.82234],[48.0437,29.82412],[48.04517,29.82429],[48.05139,29.82327]]],[[[48.07569,29.81892],[48.07481,29.81865],[48.07417,29.82043],[48.0718,29.82102],[48.07118,29.82191],[48.0703,29.82189],[48.07065,29.81984],[48.07184,29.81935],[48.07247,29.81808],[48.07396,29.8176],[48.07397,29.81709],[48.07516,29.81686],[48.07534,29.81583],[48.07414,29.81144],[48.07266,29.81153],[48.06997,29.81276],[48.06642,29.81345],[48.06579,29.81459],[48.0652,29.81471],[48.06293,29.81658],[48.06277,29.8171],[48.06189,29.8172],[48.06097,29.81821],[48.06008,29.81832],[48.06007,29.81883],[48.05948,29.81882],[48.05932,29.81933],[48.05708,29.82031],[48.05508,29.82309],[48.05312,29.82472],[48.05193,29.82508],[48.05191,29.82559],[48.05014,29.82581],[48.04948,29.82811],[48.05242,29.82843],[48.05303,29.82767],[48.053,29.8287],[48.05388,29.82898],[48.05509,29.82772],[48.05476,29.829],[48.05534,29.8294],[48.0577,29.82932],[48.05771,29.82881],[48.0583,29.82882],[48.05925,29.82678],[48.06014,29.82655],[48.06015,29.82603],[48.06162,29.82632],[48.06163,29.82581],[48.06272,29.82566],[48.06266,29.82609],[48.06101,29.82708],[48.06099,29.82759],[48.0604,29.82758],[48.06006,29.82912],[48.06331,29.82893],[48.06363,29.82817],[48.06509,29.82846],[48.06511,29.82794],[48.06658,29.82798],[48.06689,29.82734],[48.06777,29.82749],[48.06813,29.82544],[48.06842,29.82545],[48.06839,29.82647],[48.06986,29.82676],[48.06987,29.82625],[48.07283,29.82606],[48.07284,29.82554],[48.07432,29.82532],[48.07464,29.82456],[48.07552,29.82458],[48.07599,29.82382],[48.07618,29.82152],[48.07569,29.81892]]],[[[47.76927,29.36871],[47.77109,29.34089],[47.75616,29.32146],[47.77706,29.31133],[47.80668,29.31159],[47.86578,29.31038],[47.86424,29.26153],[47.86263,29.25671],[47.85522,29.25165],[47.83889,29.24879],[47.8294,29.24637],[47.8245,29.24182],[47.81454,29.22085],[47.80358,29.20699],[47.79269,29.19068],[47.78875,29.1834],[47.7852,29.03187],[47.72174,29.03991],[47.71465,29.03342],[47.69595,29.03399],[47.67758,29.0385],[47.59988,29.03145],[47.58215,28.99931],[47.58021,28.98408],[47.547,28.93584],[47.54115,28.90085],[47.51378,28.9312],[47.49768,28.96637],[47.49199,28.97411],[47.46575,29.0003],[47.32692,29.016],[46.84267,29.07131],[46.78274,29.07613],[46.70309,29.08508],[46.56312,29.10005],[46.55268,29.10027],[46.55303,29.10116],[46.5571,29.10298],[46.56679,29.11961],[46.58002,29.1335],[46.59432,29.14697],[46.6093,29.15894],[46.62766,29.16881],[46.6605,29.19587],[46.67877,29.21599],[46.68433,29.22261],[46.69505,29.23809],[46.70313,29.25059],[46.71557,29.26461],[46.72759,29.27977],[46.76652,29.3216],[46.77597,29.33893],[46.7841,29.3555],[46.79777,29.36929],[46.81439,29.38093],[46.8262,29.39594],[46.86621,29.43736],[46.87659,29.45519],[46.89234,29.49044],[46.90262,29.5064],[46.90439,29.52511],[46.91878,29.53953],[46.92704,29.55579],[46.93898,29.57099],[46.95483,29.60437],[46.96996,29.61821],[46.97727,29.63514],[46.98876,29.64952],[46.99812,29.66342],[47.0032,29.6835],[47.00436,29.7041],[47.00695,29.72214],[47.0175,29.7386],[47.02056,29.74083],[47.03107,29.75228],[47.03826,29.76942],[47.04842,29.78548],[47.05428,29.80258],[47.06262,29.81926],[47.08151,29.85126],[47.08869,29.86855],[47.1007,29.90301],[47.10435,29.92148],[47.11282,29.93775],[47.12371,29.95336],[47.12951,29.97091],[47.13936,29.9868],[47.15559,30.00033],[47.17252,30.01738],[47.18955,30.02835],[47.20845,30.03624],[47.22713,30.04321],[47.2476,30.04861],[47.26837,30.052],[47.28748,30.05873],[47.30517,30.06867],[47.33884,30.09104],[47.36109,30.09723],[47.37119,30.10357],[47.7076,30.10369],[47.92464,30.02036],[47.93525,30.01542],[47.93795,30.01486],[47.95459,30.00879],[47.9582,30.00406],[47.95608,30.00268],[47.95581,30.00213],[47.95656,29.99975],[47.95796,29.99746],[47.95946,29.99693],[47.96046,29.99737],[47.96083,29.99685],[47.96091,29.99521],[47.96041,29.99444],[47.95982,29.99442],[47.9603,29.99341],[47.96105,29.99291],[47.96072,29.99419],[47.96148,29.99343],[47.96188,29.98984],[47.9625,29.98909],[47.96299,29.9873],[47.96153,29.98701],[47.96125,29.98623],[47.96161,29.98418],[47.96249,29.98446],[47.96313,29.98268],[47.96584,29.98107],[47.9673,29.98149],[47.96734,29.98046],[47.97042,29.98079],[47.97129,29.97987],[47.97297,29.97956],[47.97466,29.97755],[47.97464,29.9766],[47.97661,29.97631],[47.97663,29.97579],[47.97722,29.9758],[47.97768,29.9753],[47.97755,29.97453],[47.97814,29.97454],[47.97816,29.97403],[47.97875,29.97404],[47.97939,29.97226],[47.97969,29.97226],[47.97981,29.97304],[47.97932,29.97482],[47.97961,29.97483],[47.97963,29.97432],[47.98112,29.97384],[47.98113,29.97332],[47.98262,29.9731],[47.98404,29.97005],[47.98397,29.96722],[47.98453,29.96826],[47.98571,29.96829],[47.98589,29.96726],[47.98666,29.96625],[47.98724,29.96652],[47.98726,29.96601],[47.98769,29.96628],[47.98706,29.96781],[47.98555,29.9688],[47.98492,29.97007],[47.98502,29.97161],[47.9868,29.9714],[47.98677,29.97243],[47.9856,29.97214],[47.98588,29.97266],[47.98528,29.97278],[47.98452,29.9734],[47.98435,29.97417],[47.98345,29.97466],[47.98434,29.97468],[47.98433,29.97494],[47.98315,29.97491],[47.98317,29.9744],[47.98137,29.97513],[47.98136,29.97564],[47.97987,29.97587],[47.97956,29.9765],[47.97807,29.97685],[47.97791,29.97736],[47.97671,29.97811],[47.97653,29.97913],[47.97564,29.97911],[47.97577,29.97963],[47.97468,29.98166],[47.97201,29.98198],[47.97047,29.98426],[47.96867,29.98525],[47.96683,29.98726],[47.96604,29.98917],[47.96356,29.99249],[47.96547,29.99327],[47.97405,29.99451],[47.97745,29.99365],[47.97933,29.99384],[47.98322,29.99347],[47.99883,29.99025],[47.99982,29.98994],[48.00028,29.98944],[48.00015,29.98892],[48.00163,29.98857],[48.00607,29.98829],[48.00639,29.98752],[48.00789,29.98679],[48.00763,29.9855],[48.00822,29.98551],[48.00642,29.98161],[48.00478,29.97232],[48.00419,29.97231],[48.00436,29.97154],[48.00328,29.96818],[48.00255,29.9679],[48.00102,29.96478],[48.0005,29.96246],[48.00083,29.96118],[47.99939,29.96012],[47.99957,29.9591],[48.00045,29.95912],[48.00091,29.95861],[48.00096,29.95681],[48.00161,29.95503],[48.00378,29.95148],[48.00474,29.94893],[48.0053,29.94509],[48.00589,29.9451],[48.00693,29.9351],[48.00817,29.93307],[48.00805,29.9323],[48.00864,29.93231],[48.00959,29.93002],[48.009,29.93001],[48.00917,29.92924],[48.00977,29.92874],[48.01044,29.92619],[48.01138,29.92441],[48.0126,29.92289],[48.01295,29.9211],[48.01357,29.92034],[48.01355,29.9194],[48.0142,29.91882],[48.01644,29.91296],[48.01649,29.91142],[48.01576,29.91114],[48.0155,29.90985],[48.01403,29.90982],[48.01404,29.90956],[48.01492,29.90958],[48.01525,29.90856],[48.01407,29.90828],[48.01408,29.90802],[48.01467,29.90803],[48.01448,29.90443],[48.01302,29.90401],[48.01274,29.90362],[48.01363,29.90338],[48.01412,29.90185],[48.01299,29.90003],[48.01288,29.899],[48.01048,29.90023],[48.01046,29.90074],[48.00958,29.90072],[48.00956,29.90149],[48.00897,29.90148],[48.00894,29.90251],[48.01101,29.9023],[48.00992,29.90407],[48.00901,29.90482],[48.00882,29.90636],[48.00717,29.90735],[48.00698,29.90863],[48.00669,29.90862],[48.00688,29.90709],[48.00749,29.90633],[48.00799,29.90454],[48.00635,29.90502],[48.00536,29.90696],[48.00533,29.90474],[48.00771,29.90402],[48.00886,29.90019],[48.00873,29.89942],[48.01016,29.89945],[48.01065,29.89829],[48.01226,29.89794],[48.01145,29.89742],[48.01233,29.89744],[48.01227,29.89461],[48.01137,29.89348],[48.01162,29.89211],[48.01093,29.89041],[48.01023,29.88976],[48.00874,29.8901],[48.00791,29.88975],[48.00854,29.889],[48.00816,29.88794],[48.00952,29.88724],[48.00936,29.887],[48.00831,29.88729],[48.00817,29.88695],[48.00934,29.88634],[48.00987,29.88505],[48.00947,29.88453],[48.00952,29.8835],[48.00921,29.88349],[48.00968,29.88217],[48.00932,29.8799],[48.00985,29.87939],[48.00957,29.8763],[48.01003,29.87562],[48.00975,29.87528],[48.01006,29.87411],[48.00954,29.87359],[48.0098,29.87066],[48.01144,29.86494],[48.01214,29.8594],[48.0129,29.85764],[48.01349,29.85377],[48.01801,29.8397],[48.01876,29.83858],[48.01915,29.83694],[48.01966,29.83695],[48.0215,29.83255],[48.0217,29.83137],[48.02138,29.83132],[48.02308,29.8286],[48.02485,29.8237],[48.02544,29.82365],[48.02549,29.82191],[48.02614,29.82149],[48.02736,29.81836],[48.02798,29.8183],[48.02904,29.81634],[48.02994,29.81555],[48.02983,29.81482],[48.03042,29.81483],[48.03044,29.81406],[48.0309,29.81407],[48.0316,29.81301],[48.03274,29.81103],[48.03324,29.80898],[48.03376,29.80899],[48.03525,29.80594],[48.03585,29.80544],[48.03603,29.80442],[48.03652,29.80443],[48.03758,29.80188],[48.03803,29.8017],[48.03941,29.79934],[48.03953,29.7991],[48.03913,29.79909],[48.04166,29.79453],[48.04466,29.78662],[48.04573,29.78022],[48.04881,29.77566],[48.04929,29.77438],[48.04988,29.7744],[48.05129,29.77134],[48.05166,29.76904],[48.05292,29.76598],[48.0556,29.76329],[48.05552,29.76296],[48.05883,29.76088],[48.06004,29.75946],[48.06448,29.75866],[48.06627,29.7578],[48.06775,29.75757],[48.06776,29.75732],[48.07221,29.75626],[48.0752,29.75465],[48.07491,29.75439],[48.07451,29.75481],[48.07284,29.75486],[48.07192,29.756],[48.07133,29.75611],[48.07245,29.75305],[48.07175,29.75175],[48.07294,29.75126],[48.07296,29.75075],[48.07414,29.75052],[48.07422,29.74795],[48.07481,29.74796],[48.07483,29.74719],[48.07571,29.74721],[48.0757,29.74773],[48.07599,29.74773],[48.07769,29.74494],[48.0789,29.74394],[48.07939,29.74215],[48.0847,29.74214],[48.08831,29.74332],[48.08939,29.74222],[48.09046,29.74183],[48.09325,29.74181],[48.09382,29.74234],[48.09523,29.742],[48.09513,29.74171],[48.0956,29.7417],[48.09695,29.74025],[48.09901,29.7396],[48.10225,29.73501],[48.10472,29.73252],[48.10603,29.72973],[48.10526,29.72174],[48.10399,29.71814],[48.10471,29.7143],[48.10433,29.71322],[48.10442,29.71131],[48.1056,29.70393],[48.10707,29.70012],[48.10679,29.69953],[48.10773,29.69697],[48.11072,29.69168],[48.11181,29.69099],[48.11313,29.68916],[48.11471,29.68868],[48.11483,29.68698],[48.11692,29.68114],[48.11781,29.67741],[48.12191,29.67039],[48.12459,29.66335],[48.12605,29.66173],[48.12836,29.66046],[48.12926,29.65849],[48.13111,29.65664],[48.13207,29.6514],[48.13722,29.64034],[48.14073,29.63438],[48.1443,29.62378],[48.14794,29.62001],[48.15113,29.61961],[48.15156,29.61916],[48.15216,29.61674],[48.15194,29.61485],[48.15241,29.61185],[48.1535,29.60941],[48.15459,29.60517],[48.15574,29.60424],[48.15699,29.60434],[48.15722,29.60407],[48.15622,29.60254],[48.15556,29.60012],[48.15664,29.59832],[48.16034,29.58918],[48.16102,29.58893],[48.16123,29.58748],[48.1635,29.58426],[48.16663,29.58151],[48.1689,29.57781],[48.17174,29.5753],[48.17291,29.57486],[48.17493,29.5714],[48.17556,29.57061],[48.17632,29.57045],[48.1754,29.56992],[48.17532,29.56933],[48.17397,29.56917],[48.17392,29.56788],[48.17751,29.56781],[48.18207,29.56074],[48.18398,29.55874],[48.18698,29.55257],[48.1879,29.54676],[48.18384,29.5415],[48.18095,29.53871],[48.18068,29.53768],[48.17937,29.53714],[48.17683,29.53361],[48.17536,29.53345],[48.17254,29.52928],[48.17195,29.52927],[48.17154,29.52797],[48.16915,29.52419],[48.16857,29.52405],[48.16788,29.52224],[48.16674,29.52119],[48.16543,29.5173],[48.16398,29.51878],[48.16269,29.52151],[48.16005,29.5248],[48.15311,29.53038],[48.15399,29.53043],[48.15412,29.53094],[48.15366,29.5317],[48.15071,29.53215],[48.14857,29.53494],[48.1481,29.53488],[48.14456,29.53779],[48.14402,29.53779],[48.14317,29.53893],[48.14159,29.53949],[48.14252,29.54098],[48.1434,29.54099],[48.1445,29.54385],[48.14596,29.544],[48.14774,29.54366],[48.14776,29.54289],[48.14951,29.54318],[48.14983,29.54242],[48.15099,29.54308],[48.15247,29.5426],[48.15451,29.54329],[48.15482,29.54252],[48.15923,29.54262],[48.15925,29.5421],[48.16277,29.54231],[48.16367,29.54156],[48.16603,29.54122],[48.16829,29.53921],[48.16876,29.53819],[48.17025,29.53746],[48.17057,29.53643],[48.17087,29.53644],[48.17114,29.53722],[48.17202,29.53724],[48.17201,29.53775],[48.1758,29.5386],[48.17607,29.53964],[48.17519,29.53962],[48.17518,29.53987],[48.17721,29.54107],[48.17808,29.54122],[48.1785,29.542],[48.17846,29.54354],[48.1774,29.54468],[48.17579,29.54451],[48.17541,29.54733],[48.17481,29.54784],[48.17354,29.55115],[48.17425,29.55219],[48.17276,29.5528],[48.16508,29.55418],[48.1483,29.55511],[48.14127,29.55393],[48.14096,29.55457],[48.13919,29.55478],[48.13834,29.55374],[48.14012,29.55326],[48.13933,29.5499],[48.13874,29.54989],[48.13909,29.5481],[48.13967,29.54811],[48.14013,29.54761],[48.14031,29.54658],[48.14117,29.54712],[48.14194,29.5461],[48.14216,29.54328],[48.14275,29.54329],[48.14137,29.53992],[48.14078,29.53984],[48.13864,29.54083],[48.13839,29.5414],[48.13731,29.54154],[48.1375,29.5419],[48.13572,29.5425],[48.13511,29.54326],[48.13437,29.54332],[48.13391,29.54387],[48.12316,29.54981],[48.12198,29.55017],[48.12077,29.55117],[48.11989,29.55128],[48.11987,29.55205],[48.1184,29.55202],[48.11823,29.55253],[48.1163,29.55326],[48.11628,29.55403],[48.11541,29.55376],[48.11539,29.55427],[48.11392,29.55424],[48.11391,29.55475],[48.11243,29.55498],[48.11242,29.55549],[48.11065,29.55571],[48.11063,29.55622],[48.10781,29.55719],[48.10765,29.5577],[48.10647,29.5578],[48.10378,29.55928],[48.1029,29.55927],[48.09636,29.56169],[48.0937,29.56228],[48.09369,29.56279],[48.09428,29.56255],[48.09427,29.56306],[48.09368,29.56305],[48.09366,29.56356],[48.0922,29.56327],[48.09219,29.56379],[48.0913,29.5639],[48.09099,29.56453],[48.08746,29.56471],[48.08714,29.56535],[48.08568,29.56519],[48.08595,29.56596],[48.08508,29.56556],[48.08034,29.56674],[48.07917,29.56659],[48.07901,29.5671],[48.07799,29.56682],[48.07561,29.56779],[48.06733,29.56941],[48.06585,29.56976],[48.06524,29.57026],[48.06229,29.57058],[48.05903,29.5718],[48.05638,29.57174],[48.05578,29.57211],[48.05431,29.57221],[48.05192,29.57344],[48.04217,29.57489],[48.0358,29.57668],[48.02916,29.57743],[48.02797,29.57791],[47.99621,29.57797],[47.99477,29.57717],[47.98012,29.57542],[47.98042,29.57491],[47.97343,29.57283],[47.97242,29.57216],[47.97172,29.57099],[47.96968,29.57043],[47.96736,29.56922],[47.96653,29.56766],[47.96623,29.56765],[47.96591,29.56867],[47.96504,29.56827],[47.96476,29.56787],[47.96535,29.56789],[47.96521,29.56737],[47.96332,29.56681],[47.96335,29.56579],[47.96276,29.56577],[47.96275,29.56629],[47.96231,29.56602],[47.96248,29.56551],[47.9613,29.56561],[47.96043,29.56521],[47.9607,29.56598],[47.95981,29.56622],[47.95982,29.56571],[47.95953,29.5657],[47.95922,29.56633],[47.95863,29.56632],[47.95807,29.56541],[47.95746,29.56604],[47.95487,29.56418],[47.95052,29.56228],[47.94763,29.56054],[47.94623,29.55832],[47.94242,29.55785],[47.94244,29.55734],[47.94155,29.55732],[47.94143,29.55654],[47.94012,29.556],[47.94014,29.55549],[47.93781,29.55466],[47.93783,29.55415],[47.93841,29.55442],[47.93828,29.5539],[47.93712,29.5531],[47.93699,29.55258],[47.93641,29.55257],[47.93642,29.55206],[47.92887,29.54893],[47.92599,29.54719],[47.92597,29.5477],[47.92452,29.54703],[47.92424,29.54664],[47.92511,29.54691],[47.92512,29.54666],[47.92456,29.54587],[47.91993,29.54332],[47.917,29.543],[47.91644,29.54221],[47.91409,29.54203],[47.9109,29.5408],[47.90891,29.53831],[47.90833,29.5383],[47.90834,29.53779],[47.90717,29.5375],[47.90719,29.53699],[47.90573,29.53657],[47.90488,29.53578],[47.9037,29.53575],[47.90285,29.5347],[47.90081,29.53414],[47.90026,29.53297],[47.89706,29.532],[47.89605,29.53133],[47.89563,29.53055],[47.89504,29.53053],[47.89302,29.52933],[47.89068,29.52902],[47.89012,29.52811],[47.88895,29.52795],[47.88781,29.5269],[47.87967,29.52401],[47.87968,29.52349],[47.87879,29.52373],[47.87881,29.52321],[47.87736,29.52267],[47.87723,29.52215],[47.87477,29.52068],[47.86984,29.51863],[47.86986,29.51812],[47.86842,29.51719],[47.86233,29.51447],[47.85742,29.51153],[47.85469,29.50954],[47.85456,29.50902],[47.85339,29.50899],[47.85341,29.50848],[47.84994,29.5066],[47.84981,29.50608],[47.84464,29.5021],[47.84451,29.50159],[47.84335,29.50117],[47.84278,29.50039],[47.83948,29.49813],[47.83935,29.49761],[47.83818,29.49719],[47.83604,29.49522],[47.83591,29.4947],[47.83503,29.49455],[47.83419,29.4935],[47.8336,29.49349],[47.83174,29.49177],[47.83133,29.49073],[47.83004,29.48993],[47.82991,29.48941],[47.82932,29.4894],[47.82919,29.48888],[47.82789,29.48808],[47.82705,29.48691],[47.82646,29.48676],[47.82605,29.48573],[47.82504,29.48544],[47.82478,29.48415],[47.8242,29.48414],[47.82424,29.48285],[47.8212,29.48124],[47.81881,29.47771],[47.81765,29.47743],[47.81708,29.4769],[47.81445,29.47632],[47.81373,29.47592],[47.8136,29.4754],[47.81301,29.47552],[47.80844,29.4713],[47.80786,29.47115],[47.80774,29.47012],[47.80674,29.46946],[47.80556,29.46943],[47.8047,29.46889],[47.80357,29.46745],[47.80241,29.46704],[47.80084,29.46559],[47.79999,29.46454],[47.79988,29.46325],[47.7993,29.46324],[47.79832,29.46141],[47.79576,29.45904],[47.7948,29.4567],[47.79422,29.45669],[47.79441,29.45515],[47.79372,29.45385],[47.79226,29.45343],[47.79156,29.45251],[47.79159,29.45149],[47.79025,29.44734],[47.7894,29.44655],[47.78887,29.44474],[47.7876,29.44304],[47.78702,29.44289],[47.78536,29.43964],[47.78377,29.4387],[47.78364,29.43819],[47.78305,29.43817],[47.78307,29.43766],[47.78119,29.43684],[47.77853,29.43279],[47.77621,29.43184],[47.77508,29.4304],[47.77391,29.43024],[47.77393,29.42973],[47.77334,29.42971],[47.77279,29.42841],[47.77221,29.4284],[47.77166,29.42723],[47.77049,29.42707],[47.77049,29.42682],[47.77108,29.42683],[47.77082,29.4258],[47.7682,29.42496],[47.76787,29.42161],[47.76664,29.41905],[47.76575,29.41899],[47.76321,29.41597],[47.76175,29.41542],[47.75676,29.41556],[47.75575,29.41515],[47.7552,29.41385],[47.75543,29.40987],[47.75515,29.40813],[47.75496,29.40766],[47.75494,29.40819],[47.75421,29.40792],[47.75409,29.40714],[47.75351,29.40713],[47.75352,29.40661],[47.75236,29.40633],[47.7511,29.40424],[47.75099,29.40321],[47.7504,29.4032],[47.75059,29.40192],[47.7502,29.40036],[47.74961,29.40035],[47.74965,29.39932],[47.74995,29.3992],[47.74951,29.39754],[47.74939,29.39803],[47.74823,29.39775],[47.7485,29.39852],[47.74763,29.39825],[47.74764,29.39773],[47.74676,29.39771],[47.74675,29.39822],[47.74558,29.39807],[47.74468,29.39843],[47.74499,29.39747],[47.74385,29.39711],[47.74398,29.39568],[47.74343,29.39719],[47.74255,29.39762],[47.74372,29.40098],[47.74293,29.40096],[47.74308,29.40276],[47.7416,29.40311],[47.74085,29.40373],[47.74067,29.40476],[47.73479,29.405],[47.73393,29.40446],[47.73245,29.40456],[47.73247,29.40413],[47.73129,29.40414],[47.73098,29.40478],[47.72865,29.40421],[47.72767,29.40264],[47.72766,29.40199],[47.72352,29.39932],[47.71827,29.3983],[47.71766,29.39905],[47.71778,29.39677],[47.71627,29.39547],[47.71582,29.39451],[47.71475,29.39384],[47.71463,29.39307],[47.71404,29.39305],[47.71466,29.38841],[47.71443,29.38754],[47.71485,29.38667],[47.71368,29.3861],[47.71371,29.38508],[47.71282,29.38531],[47.71315,29.38429],[47.71242,29.38402],[47.71247,29.38248],[47.71122,29.38052],[47.70771,29.38017],[47.70655,29.37976],[47.70657,29.37899],[47.70244,29.37979],[47.70069,29.37936],[47.70041,29.37447],[47.70144,29.36987],[47.70138,29.36704],[47.70256,29.36681],[47.70288,29.36605],[47.70379,29.36597],[47.70392,29.36556],[47.7032,29.36529],[47.70426,29.36425],[47.70506,29.36141],[47.70332,29.36156],[47.70261,29.3609],[47.70279,29.35988],[47.70337,29.35989],[47.7031,29.35937],[47.70339,29.35925],[47.70544,29.35936],[47.70547,29.35866],[47.70986,29.35877],[47.70971,29.35902],[47.71061,29.35915],[47.71162,29.35755],[47.71214,29.35842],[47.71469,29.35824],[47.71459,29.35782],[47.7151,29.35747],[47.71787,29.35754],[47.71823,29.3583],[47.7216,29.35939],[47.7225,29.36041],[47.72245,29.35959],[47.72293,29.35921],[47.72569,29.35903],[47.72518,29.35873],[47.72551,29.35821],[47.72471,29.35783],[47.72496,29.35668],[47.72618,29.35674],[47.72721,29.35602],[47.7293,29.35656],[47.73024,29.35867],[47.73301,29.35959],[47.73383,29.36082],[47.73559,29.36146],[47.73601,29.36228],[47.74043,29.36527],[47.74212,29.36567],[47.74392,29.36706],[47.74482,29.36946],[47.74428,29.37034],[47.74327,29.37097],[47.74423,29.37118],[47.74411,29.37169],[47.74474,29.3718],[47.74516,29.37108],[47.74506,29.37195],[47.74585,29.37238],[47.74602,29.37218],[47.74609,29.37139],[47.74537,29.37128],[47.74504,29.36998],[47.74793,29.37155],[47.74613,29.3723],[47.74682,29.3732],[47.74698,29.37227],[47.7481,29.37177],[47.75132,29.37153],[47.75444,29.3746],[47.75423,29.37515],[47.75307,29.37473],[47.75326,29.37569],[47.75432,29.37635],[47.7548,29.3758],[47.75652,29.37547],[47.75666,29.37512],[47.75462,29.37456],[47.7517,29.37162],[47.75175,29.37125],[47.75953,29.36902],[47.75801,29.37277],[47.75807,29.37434],[47.76121,29.37368],[47.76346,29.37087],[47.76513,29.371],[47.76625,29.37055],[47.76989,29.37031],[47.76927,29.36871]]],[[[47.74677,29.37331],[47.74727,29.37396],[47.74814,29.37411],[47.74732,29.37332],[47.74677,29.37331]]],[[[48.16779,29.51481],[48.16753,29.51451],[48.16707,29.51468],[48.16703,29.51579],[48.16761,29.51606],[48.16779,29.51481]]],[[[48.06442,29.78603],[48.06528,29.79196],[48.0685,29.79255],[48.06848,29.79332],[48.07198,29.79455],[48.07345,29.79471],[48.07343,29.79523],[48.07432,29.79499],[48.0743,29.79576],[48.07751,29.79686],[48.0772,29.79737],[48.07807,29.79777],[48.08103,29.79758],[48.08543,29.79806],[48.08545,29.79755],[48.08632,29.79808],[48.08604,29.79756],[48.0884,29.79749],[48.08929,29.79712],[48.08931,29.79661],[48.08989,29.79662],[48.08991,29.79611],[48.09109,29.79587],[48.09171,29.79486],[48.0923,29.79513],[48.09446,29.79158],[48.09595,29.7911],[48.09596,29.79058],[48.09979,29.79067],[48.09981,29.79015],[48.1007,29.78992],[48.10039,29.79042],[48.10216,29.79021],[48.10185,29.79071],[48.10509,29.79091],[48.10977,29.79204],[48.11537,29.79217],[48.11684,29.79207],[48.11686,29.79156],[48.12014,29.79021],[48.12161,29.79037],[48.12162,29.78986],[48.1225,29.79014],[48.12158,29.79127],[48.12099,29.79139],[48.12097,29.7919],[48.12038,29.79189],[48.12037,29.7924],[48.1186,29.79236],[48.11829,29.793],[48.11711,29.7931],[48.11709,29.79362],[48.11445,29.79317],[48.11033,29.79308],[48.1077,29.79225],[48.10505,29.7922],[48.10489,29.79258],[48.10531,29.79336],[48.10733,29.79482],[48.11112,29.79644],[48.11227,29.7975],[48.11579,29.79809],[48.11668,29.79772],[48.11695,29.7985],[48.1143,29.79844],[48.1147,29.79999],[48.11583,29.80156],[48.11594,29.80285],[48.11682,29.80312],[48.11738,29.80416],[48.11915,29.8042],[48.1197,29.8055],[48.11764,29.80532],[48.11512,29.80428],[48.11471,29.80487],[48.11506,29.80413],[48.11476,29.80308],[48.11417,29.80306],[48.11292,29.80047],[48.1131,29.79944],[48.11132,29.79966],[48.11039,29.80118],[48.1098,29.80117],[48.10997,29.8004],[48.11089,29.79939],[48.11048,29.79823],[48.1093,29.79833],[48.10931,29.79782],[48.10872,29.7978],[48.10816,29.79689],[48.10641,29.79608],[48.10553,29.79606],[48.1052,29.79721],[48.10461,29.7972],[48.10436,29.79565],[48.10495,29.79566],[48.10469,29.79437],[48.10292,29.79459],[48.1031,29.79357],[48.1015,29.79289],[48.10002,29.79311],[48.09897,29.79373],[48.09877,29.79527],[48.09729,29.7955],[48.09696,29.79703],[48.09754,29.79704],[48.09751,29.79807],[48.09663,29.79805],[48.09569,29.80009],[48.09628,29.8001],[48.09626,29.80062],[48.0983,29.80143],[48.09832,29.80092],[48.09891,29.80093],[48.09975,29.80236],[48.09997,29.80481],[48.10164,29.80493],[48.10172,29.80562],[48.10465,29.8062],[48.1051,29.80569],[48.10529,29.80441],[48.10698,29.80351],[48.10663,29.80564],[48.10645,29.80521],[48.10585,29.80532],[48.10554,29.80596],[48.10671,29.80624],[48.10702,29.80561],[48.10821,29.8055],[48.1079,29.80601],[48.10838,29.80611],[48.10818,29.80653],[48.10935,29.80656],[48.10849,29.80577],[48.11173,29.80584],[48.11127,29.8066],[48.11123,29.80788],[48.11047,29.80877],[48.10989,29.80837],[48.10988,29.80888],[48.11116,29.81045],[48.11181,29.81355],[48.11239,29.81356],[48.11252,29.81434],[48.11,29.81467],[48.10972,29.8144],[48.10736,29.81435],[48.1041,29.81505],[48.10263,29.81489],[48.10276,29.81541],[48.10098,29.81588],[48.10079,29.81742],[48.1002,29.81741],[48.09925,29.8197],[48.09881,29.81943],[48.09873,29.81738],[48.09312,29.81751],[48.09311,29.81802],[48.09192,29.81825],[48.09139,29.82133],[48.09167,29.82185],[48.09121,29.82235],[48.09386,29.82267],[48.09384,29.82318],[48.09532,29.82308],[48.09761,29.82181],[48.09738,29.823],[48.09634,29.82349],[48.09601,29.82451],[48.09759,29.82622],[48.10025,29.82589],[48.10026,29.82538],[48.10174,29.82515],[48.10176,29.82464],[48.10385,29.82379],[48.10503,29.82368],[48.10504,29.82317],[48.10772,29.8222],[48.10805,29.82118],[48.10894,29.82094],[48.10892,29.82146],[48.10951,29.8216],[48.10981,29.82135],[48.11363,29.82194],[48.1154,29.82185],[48.11508,29.82262],[48.11626,29.82277],[48.11924,29.82142],[48.11927,29.82065],[48.12075,29.82043],[48.12106,29.81966],[48.12224,29.81969],[48.12196,29.81917],[48.12374,29.81895],[48.12375,29.81844],[48.12522,29.8186],[48.13026,29.81742],[48.13262,29.8176],[48.13231,29.81811],[48.13464,29.81893],[48.13463,29.81945],[48.13552,29.81921],[48.1355,29.81972],[48.13638,29.82],[48.13637,29.82051],[48.13781,29.82144],[48.14165,29.8214],[48.14164,29.82165],[48.14076,29.82163],[48.14117,29.82267],[48.14034,29.82574],[48.13917,29.82571],[48.13898,29.82699],[48.13748,29.82799],[48.13746,29.82876],[48.1367,29.82939],[48.13586,29.82795],[48.13379,29.82817],[48.1338,29.82765],[48.12969,29.82731],[48.12985,29.8268],[48.12881,29.8269],[48.12854,29.82625],[48.12617,29.82659],[48.12586,29.82722],[48.12481,29.82772],[48.12443,29.83079],[48.12131,29.83175],[48.12164,29.83022],[48.12253,29.83023],[48.12299,29.82947],[48.12321,29.82691],[48.11968,29.82683],[48.11966,29.82735],[48.11731,29.82717],[48.11525,29.82686],[48.11498,29.82622],[48.11408,29.82658],[48.10998,29.82572],[48.10745,29.82656],[48.10742,29.82759],[48.10592,29.82859],[48.10545,29.8296],[48.10486,29.82959],[48.10453,29.83061],[48.1029,29.83109],[48.10273,29.83186],[48.10332,29.83187],[48.10402,29.83317],[48.10384,29.8342],[48.10561,29.83411],[48.10829,29.83327],[48.10736,29.83479],[48.10616,29.83553],[48.10674,29.83593],[48.1091,29.83598],[48.11178,29.83501],[48.11236,29.83515],[48.11238,29.83464],[48.11356,29.83467],[48.11373,29.83364],[48.11464,29.83289],[48.11511,29.83187],[48.11659,29.83165],[48.11691,29.83088],[48.12019,29.82967],[48.11902,29.83427],[48.11795,29.83553],[48.11525,29.83714],[48.11407,29.83725],[48.11406,29.83776],[48.11287,29.83786],[48.11255,29.83901],[48.11107,29.83898],[48.11106,29.8395],[48.11018,29.83922],[48.11045,29.84],[48.10571,29.84105],[48.10404,29.84268],[48.10369,29.84448],[48.10468,29.84604],[48.10333,29.84678],[48.10315,29.8478],[48.1061,29.84787],[48.10611,29.84736],[48.1067,29.84737],[48.10703,29.84635],[48.10821,29.84612],[48.10823,29.8456],[48.1094,29.84589],[48.10957,29.84512],[48.11064,29.84386],[48.11123,29.84387],[48.11156,29.84259],[48.11215,29.8426],[48.11291,29.84159],[48.11309,29.84057],[48.11427,29.84059],[48.11428,29.84008],[48.11487,29.84009],[48.11461,29.83906],[48.119,29.84018],[48.11901,29.83967],[48.12049,29.83945],[48.12051,29.83893],[48.12228,29.83897],[48.12229,29.83846],[48.12349,29.83797],[48.12411,29.8367],[48.12529,29.83672],[48.12555,29.83801],[48.12852,29.83705],[48.12885,29.83603],[48.13033,29.83567],[48.13445,29.83589],[48.13552,29.83463],[48.13571,29.83309],[48.13631,29.83285],[48.13658,29.83363],[48.13717,29.83364],[48.13716,29.83415],[48.13775,29.83417],[48.1378,29.83211],[48.13869,29.83213],[48.13931,29.83111],[48.1399,29.83113],[48.13927,29.8324],[48.13868,29.83239],[48.13867,29.83264],[48.13968,29.83344],[48.1398,29.83447],[48.14068,29.83449],[48.14067,29.835],[48.14096,29.83501],[48.14099,29.83424],[48.14158,29.83425],[48.14186,29.83477],[48.14127,29.83476],[48.14126,29.83501],[48.14273,29.83517],[48.14422,29.83443],[48.14569,29.83485],[48.14567,29.83537],[48.14627,29.83499],[48.14774,29.83515],[48.14777,29.83412],[48.14835,29.83465],[48.14836,29.83414],[48.14925,29.8339],[48.15018,29.83251],[48.15223,29.83294],[48.15224,29.83242],[48.15372,29.8322],[48.15342,29.83245],[48.15371,29.83271],[48.15401,29.83246],[48.15374,29.83143],[48.15522,29.8312],[48.15524,29.83069],[48.15701,29.83047],[48.15703,29.82996],[48.15791,29.82997],[48.15818,29.83101],[48.15759,29.831],[48.15758,29.83125],[48.15816,29.83165],[48.15994,29.8313],[48.1613,29.83005],[48.1615,29.82825],[48.16327,29.82829],[48.16329,29.82752],[48.16476,29.82755],[48.16538,29.82654],[48.16627,29.82643],[48.16687,29.82593],[48.16925,29.82533],[48.16923,29.82585],[48.171,29.82589],[48.17101,29.82537],[48.1716,29.82564],[48.17132,29.82512],[48.1722,29.82514],[48.17137,29.82307],[48.17196,29.82308],[48.17198,29.82256],[48.17346,29.82234],[48.1732,29.82105],[48.17438,29.82107],[48.17564,29.81802],[48.17594,29.81802],[48.17589,29.81956],[48.17619,29.81957],[48.17621,29.8188],[48.1774,29.81857],[48.17714,29.81728],[48.17773,29.81729],[48.17848,29.81654],[48.17835,29.81602],[48.17894,29.81603],[48.17907,29.81655],[48.17801,29.81755],[48.17879,29.81791],[48.1784,29.81936],[48.17766,29.8196],[48.17765,29.82012],[48.17706,29.8201],[48.17659,29.82086],[48.17699,29.82241],[48.17759,29.82217],[48.17757,29.82294],[48.17964,29.82247],[48.17933,29.82324],[48.18081,29.82301],[48.17989,29.82428],[48.18077,29.82455],[48.18072,29.82609],[48.18014,29.82582],[48.17998,29.82633],[48.17893,29.82695],[48.17686,29.8273],[48.17684,29.82781],[48.17889,29.82837],[48.17901,29.82914],[48.17855,29.8299],[48.17974,29.82967],[48.17942,29.83044],[48.18002,29.83019],[48.18,29.83096],[48.18058,29.83097],[48.18028,29.83123],[48.18055,29.83226],[48.18084,29.83227],[48.18068,29.83132],[48.18176,29.831],[48.18171,29.8328],[48.1823,29.83281],[48.18285,29.83436],[48.18166,29.8346],[48.18145,29.83691],[48.18202,29.83769],[48.18207,29.84103],[48.18266,29.84104],[48.18351,29.84749],[48.18305,29.84799],[48.18364,29.84801],[48.18436,29.84879],[48.18548,29.85087],[48.18546,29.85164],[48.18471,29.85214],[48.18504,29.85086],[48.18416,29.85059],[48.18413,29.85161],[48.18267,29.85107],[48.18266,29.85158],[48.18207,29.85157],[48.18172,29.85362],[48.18142,29.85361],[48.18144,29.85284],[48.17996,29.8532],[48.17939,29.85254],[48.17907,29.85343],[48.17833,29.85355],[48.17814,29.85509],[48.18082,29.85411],[48.18078,29.8554],[48.18196,29.85555],[48.18256,29.85518],[48.18221,29.85723],[48.1828,29.85724],[48.18312,29.85622],[48.18369,29.85675],[48.18372,29.85598],[48.18401,29.85598],[48.1841,29.85804],[48.18364,29.8588],[48.18512,29.85858],[48.18525,29.85909],[48.18477,29.86037],[48.18418,29.86036],[48.18416,29.86113],[48.18504,29.86127],[48.18594,29.86091],[48.18595,29.86039],[48.18654,29.86041],[48.18667,29.86092],[48.18607,29.86142],[48.18618,29.86271],[48.18826,29.86224],[48.18827,29.86173],[48.18885,29.862],[48.1892,29.8602],[48.18949,29.86021],[48.18912,29.86303],[48.19148,29.86308],[48.19171,29.8654],[48.19229,29.86567],[48.19231,29.8649],[48.1929,29.86491],[48.19259,29.86567],[48.19317,29.86569],[48.19301,29.86646],[48.19226,29.8667],[48.19225,29.86721],[48.19282,29.86774],[48.19341,29.86775],[48.19332,29.87109],[48.19273,29.87108],[48.19291,29.87151],[48.19238,29.87287],[48.19179,29.87286],[48.19181,29.87234],[48.19092,29.87232],[48.19098,29.87541],[48.19021,29.87668],[48.19196,29.87761],[48.19284,29.8775],[48.19286,29.87699],[48.19315,29.877],[48.19355,29.87855],[48.19294,29.87931],[48.19307,29.88008],[48.19248,29.88007],[48.19246,29.88058],[48.19422,29.88113],[48.1942,29.88165],[48.19333,29.88137],[48.19329,29.88266],[48.19388,29.88267],[48.19385,29.88369],[48.19472,29.88423],[48.19266,29.88418],[48.19316,29.88728],[48.19168,29.8875],[48.19121,29.88852],[48.18928,29.88887],[48.18897,29.88925],[48.18956,29.88926],[48.18925,29.89002],[48.18746,29.8905],[48.18746,29.89076],[48.19041,29.89082],[48.19092,29.89366],[48.19352,29.892],[48.19361,29.89243],[48.19419,29.89244],[48.19417,29.89347],[48.19533,29.89414],[48.1971,29.89405],[48.1969,29.89584],[48.19644,29.8966],[48.19792,29.89638],[48.19791,29.89689],[48.19848,29.89729],[48.20085,29.89721],[48.20141,29.89799],[48.20082,29.89798],[48.20062,29.90003],[48.19958,29.90027],[48.19957,29.90053],[48.20016,29.90054],[48.20009,29.90311],[48.20068,29.90312],[48.20005,29.90465],[48.20064,29.90466],[48.2009,29.90569],[48.20297,29.90574],[48.20347,29.90883],[48.20436,29.90885],[48.20408,29.90833],[48.20615,29.90812],[48.20617,29.90735],[48.20646,29.90736],[48.20644,29.90813],[48.2082,29.90842],[48.20819,29.90893],[48.20879,29.90869],[48.20846,29.90971],[48.20905,29.90972],[48.20874,29.91023],[48.20992,29.91026],[48.20931,29.91101],[48.20958,29.91205],[48.20899,29.91203],[48.20925,29.91307],[48.21248,29.91365],[48.21304,29.91495],[48.21363,29.91496],[48.21358,29.9165],[48.21417,29.91651],[48.21426,29.91883],[48.21532,29.92322],[48.21497,29.92501],[48.21332,29.92614],[48.21093,29.92698],[48.21092,29.9275],[48.20944,29.92772],[48.20911,29.92875],[48.20852,29.92873],[48.20805,29.92975],[48.2067,29.93049],[48.20683,29.93101],[48.20637,29.93177],[48.20518,29.93213],[48.20487,29.93277],[48.20428,29.93276],[48.20426,29.93327],[48.20248,29.93362],[48.20217,29.93425],[48.20158,29.93424],[48.20157,29.93476],[48.20068,29.93486],[48.19231,29.93854],[48.19084,29.93838],[48.19083,29.9389],[48.18935,29.93887],[48.18934,29.93938],[48.18786,29.93948],[48.18666,29.94009],[48.18694,29.94061],[48.17686,29.94232],[48.17509,29.94216],[48.17513,29.94062],[48.17692,29.94014],[48.17727,29.93822],[48.17461,29.93829],[48.17494,29.93701],[48.17347,29.93685],[48.17316,29.93749],[48.17198,29.93721],[48.17165,29.93874],[48.17047,29.93872],[48.17111,29.93693],[48.17052,29.93692],[48.16989,29.93819],[48.1693,29.93818],[48.16993,29.93691],[48.16905,29.93676],[48.16876,29.93637],[48.16935,29.93638],[48.16998,29.93511],[48.16909,29.93535],[48.16911,29.93457],[48.1697,29.93459],[48.16928,29.93381],[48.16978,29.93176],[48.16876,29.93123],[48.16861,29.92608],[48.1675,29.92349],[48.16731,29.91988],[48.16791,29.91938],[48.16826,29.91759],[48.16785,29.9163],[48.16697,29.91628],[48.16557,29.90854],[48.16309,29.90746],[48.16277,29.90822],[48.15805,29.90838],[48.15773,29.90901],[48.15654,29.90937],[48.15622,29.91052],[48.15503,29.91062],[48.15502,29.91114],[48.15427,29.91138],[48.15393,29.91317],[48.15434,29.91421],[48.15493,29.91422],[48.15534,29.91551],[48.15591,29.91604],[48.15587,29.91758],[48.15629,29.91836],[48.1551,29.91859],[48.15541,29.91809],[48.15517,29.91603],[48.15458,29.91627],[48.15459,29.91575],[48.154,29.91574],[48.15388,29.91497],[48.15185,29.91364],[48.15208,29.91082],[48.15149,29.91081],[48.1515,29.91029],[48.15091,29.91041],[48.15048,29.91001],[48.15021,29.90898],[48.14921,29.9078],[48.14833,29.90765],[48.14802,29.90829],[48.14683,29.90865],[48.14681,29.90942],[48.14621,29.90953],[48.14454,29.91117],[48.14392,29.91244],[48.14351,29.91629],[48.14377,29.91758],[48.14446,29.91913],[48.14505,29.91915],[48.14568,29.92115],[48.14623,29.92182],[48.14704,29.92202],[48.14834,29.92595],[48.14928,29.92618],[48.1496,29.92542],[48.1529,29.92343],[48.15468,29.92296],[48.15437,29.92372],[48.15299,29.92386],[48.15138,29.92494],[48.15137,29.92545],[48.15078,29.92544],[48.15076,29.92595],[48.15017,29.92594],[48.14869,29.93131],[48.15098,29.93367],[48.15109,29.93496],[48.15187,29.93532],[48.15196,29.93575],[48.15048,29.93572],[48.14939,29.93775],[48.14937,29.93852],[48.15007,29.93982],[48.15184,29.93986],[48.15168,29.94037],[48.15122,29.94074],[48.15004,29.94072],[48.14742,29.93976],[48.1474,29.94028],[48.14666,29.94052],[48.14693,29.94129],[48.14659,29.94283],[48.1473,29.94387],[48.14936,29.94417],[48.14903,29.94519],[48.14961,29.94547],[48.14845,29.94505],[48.1449,29.94511],[48.14348,29.94315],[48.14289,29.94313],[48.14183,29.94401],[48.14208,29.94582],[48.1425,29.9466],[48.14366,29.94714],[48.14394,29.94791],[48.14335,29.9479],[48.14333,29.94841],[48.14186,29.94825],[48.14111,29.94862],[48.14141,29.95008],[48.14046,29.95066],[48.1403,29.95117],[48.13972,29.9509],[48.13879,29.9523],[48.13791,29.95215],[48.13792,29.95189],[48.1388,29.95191],[48.13882,29.9514],[48.13765,29.95112],[48.13766,29.9506],[48.13855,29.95062],[48.13863,29.94754],[48.13804,29.94753],[48.13855,29.94523],[48.13846,29.94342],[48.13728,29.9434],[48.13759,29.94263],[48.13612,29.9426],[48.13613,29.94209],[48.13526,29.94168],[48.13363,29.94203],[48.133,29.94331],[48.1331,29.94498],[48.13251,29.94496],[48.13166,29.94379],[48.1281,29.94423],[48.12793,29.94525],[48.12835,29.94577],[48.12569,29.94597],[48.12567,29.94674],[48.12508,29.94673],[48.12371,29.94824],[48.12336,29.95004],[48.12262,29.95028],[48.12229,29.9513],[48.12345,29.95196],[48.12908,29.95119],[48.1291,29.95067],[48.13048,29.95054],[48.12966,29.95184],[48.12906,29.95196],[48.12905,29.95247],[48.13053,29.95225],[48.13051,29.95276],[48.12755,29.95334],[48.12589,29.95446],[48.12573,29.95497],[48.12514,29.95496],[48.12377,29.95647],[48.1239,29.95699],[48.12165,29.95822],[48.12149,29.95873],[48.1209,29.95872],[48.12088,29.95923],[48.11701,29.96056],[48.11345,29.961],[48.10844,29.96063],[48.1065,29.96149],[48.10616,29.96302],[48.10649,29.96346],[48.10562,29.96635],[48.10621,29.96637],[48.10575,29.96687],[48.10598,29.96919],[48.10723,29.9723],[48.10811,29.97232],[48.10832,29.97465],[48.11156,29.97522],[48.11158,29.97471],[48.11187,29.97472],[48.11215,29.97549],[48.11332,29.97565],[48.11422,29.97528],[48.11449,29.97632],[48.11685,29.97637],[48.11683,29.97688],[48.11772,29.9769],[48.11741,29.97741],[48.11889,29.97718],[48.11916,29.97796],[48.12182,29.97802],[48.12209,29.9788],[48.12356,29.97896],[48.12492,29.98008],[48.1256,29.9799],[48.12562,29.97939],[48.12621,29.9794],[48.12618,29.98017],[48.12884,29.98036],[48.13088,29.98104],[48.1309,29.98053],[48.13208,29.98056],[48.13206,29.98107],[48.13294,29.98122],[48.13414,29.98086],[48.13411,29.98163],[48.1359,29.98115],[48.13617,29.98193],[48.13706,29.98195],[48.13708,29.98118],[48.13767,29.98119],[48.13794,29.98197],[48.13943,29.98149],[48.13942,29.982],[48.14,29.98227],[48.13973,29.98124],[48.1415,29.98153],[48.14118,29.9823],[48.14177,29.98231],[48.14209,29.98155],[48.14415,29.98159],[48.14355,29.98209],[48.14442,29.98262],[48.14443,29.98211],[48.14562,29.98188],[48.14561,29.98239],[48.14885,29.98246],[48.14887,29.98195],[48.14975,29.98197],[48.14944,29.98248],[48.15122,29.98226],[48.1512,29.98296],[48.15213,29.98292],[48.15241,29.98203],[48.1527,29.98203],[48.15269,29.98255],[48.1551,29.98271],[48.15861,29.98216],[48.15892,29.9814],[48.16342,29.98121],[48.16337,29.98072],[48.16752,29.98017],[48.17171,29.9782],[48.17555,29.97815],[48.17527,29.97738],[48.17618,29.97675],[48.17766,29.97666],[48.17768,29.97589],[48.18035,29.97543],[48.18036,29.97492],[48.18215,29.97444],[48.18398,29.97217],[48.19059,29.96832],[48.19178,29.96796],[48.19179,29.96745],[48.1939,29.96608],[48.19868,29.96387],[48.20532,29.95887],[48.20651,29.95851],[48.20713,29.95749],[48.20981,29.95652],[48.21165,29.95425],[48.21343,29.95377],[48.21405,29.95276],[48.21675,29.95114],[48.22002,29.95031],[48.22078,29.94956],[48.22222,29.94573],[48.22281,29.94574],[48.22389,29.94397],[48.22586,29.94195],[48.22675,29.94171],[48.22767,29.94045],[48.23099,29.93782],[48.23308,29.93696],[48.23371,29.93569],[48.2343,29.9357],[48.23522,29.93444],[48.23761,29.93346],[48.23823,29.93244],[48.23912,29.93221],[48.24034,29.93069],[48.24184,29.92995],[48.24336,29.92818],[48.24513,29.92822],[48.24666,29.92619],[48.24725,29.92621],[48.24922,29.92445],[48.2494,29.92317],[48.25029,29.92293],[48.25062,29.92191],[48.25121,29.92192],[48.25242,29.92066],[48.25244,29.92015],[48.25302,29.92016],[48.25365,29.91889],[48.25484,29.91865],[48.25486,29.91788],[48.25635,29.91714],[48.25668,29.91612],[48.25757,29.91588],[48.25954,29.91387],[48.25971,29.9131],[48.2621,29.91186],[48.26304,29.91008],[48.26573,29.9086],[48.26861,29.90609],[48.26877,29.90558],[48.27026,29.90509],[48.27028,29.90432],[48.27177,29.90384],[48.27178,29.90332],[48.27448,29.90184],[48.27419,29.90132],[48.27478,29.90133],[48.2748,29.90082],[48.27629,29.90033],[48.27631,29.89956],[48.2778,29.89908],[48.27782,29.89831],[48.27931,29.89757],[48.27933,29.8968],[48.27992,29.89681],[48.2822,29.89454],[48.28267,29.89327],[48.28326,29.89328],[48.28524,29.89126],[48.28556,29.89024],[48.28878,29.88568],[48.28937,29.88569],[48.29157,29.87976],[48.29783,29.87094],[48.30146,29.86311],[48.30395,29.8565],[48.30716,29.85953],[48.30866,29.86171],[48.32025,29.87272],[48.3199,29.87351],[48.32084,29.87421],[48.32168,29.87339],[48.32028,29.87191],[48.32199,29.87342],[48.33241,29.86498],[48.33197,29.86526],[48.3302,29.86358],[48.33325,29.86112],[48.33465,29.861],[48.33697,29.86275],[48.33534,29.86078],[48.33416,29.86032],[48.33325,29.86053],[48.33033,29.86268],[48.32649,29.85945],[48.32489,29.85941],[48.31925,29.85331],[48.31877,29.85317],[48.31815,29.8536],[48.31416,29.84995],[48.31041,29.853],[48.31051,29.85072],[48.31512,29.8419],[48.31728,29.84025],[48.31915,29.83669],[48.32097,29.83467],[48.32099,29.8339],[48.32255,29.83085],[48.32345,29.83009],[48.32655,29.82424],[48.32705,29.8222],[48.32794,29.82196],[48.32875,29.81915],[48.33123,29.81483],[48.33213,29.81407],[48.33233,29.81228],[48.33352,29.81179],[48.33508,29.80848],[48.33618,29.80782],[48.33552,29.80874],[48.33536,29.80925],[48.33565,29.80926],[48.33671,29.80825],[48.33718,29.80698],[48.33807,29.807],[48.3381,29.80597],[48.33958,29.80548],[48.3396,29.80471],[48.3402,29.80434],[48.34079,29.80448],[48.34171,29.80321],[48.34229,29.80322],[48.34291,29.80221],[48.3435,29.80222],[48.34351,29.80171],[48.3456,29.80098],[48.34591,29.80021],[48.35129,29.79749],[48.3522,29.79635],[48.35519,29.79487],[48.35667,29.79452],[48.35669,29.794],[48.35817,29.79352],[48.35819,29.793],[48.36117,29.79152],[48.36119,29.79101],[48.36267,29.79052],[48.36269,29.79001],[48.36506,29.78954],[48.3654,29.78775],[48.366,29.78737],[48.36687,29.78778],[48.36688,29.78726],[48.36777,29.78702],[48.36744,29.78856],[48.36802,29.78883],[48.36884,29.78739],[48.3683,29.78961],[48.36771,29.78934],[48.36738,29.79087],[48.36633,29.79137],[48.3654,29.79315],[48.36549,29.80086],[48.36458,29.80187],[48.36469,29.80229],[48.3683,29.79943],[48.37126,29.79514],[48.37299,29.78882],[48.37305,29.78816],[48.37246,29.78815],[48.37247,29.78789],[48.37306,29.7879],[48.37482,29.77209],[48.37597,29.76662],[48.37714,29.76333],[48.37757,29.75849],[48.37735,29.75048],[48.37624,29.74538],[48.37152,29.73141],[48.36546,29.71761],[48.35843,29.7042],[48.34697,29.68593],[48.33152,29.66766],[48.32178,29.65748],[48.31191,29.64789],[48.30998,29.64692],[48.30041,29.63771],[48.27144,29.61155],[48.26534,29.60559],[48.25582,29.59742],[48.24719,29.59167],[48.23257,29.58449],[48.22771,29.58271],[48.22243,29.58167],[48.21696,29.58146],[48.2105,29.58234],[48.20623,29.58375],[48.2054,29.58486],[48.2009,29.58528],[48.19509,29.5866],[48.19146,29.58906],[48.18623,29.59193],[48.18559,29.59382],[48.18229,29.59675],[48.17714,29.60536],[48.17618,29.6059],[48.17608,29.60753],[48.17423,29.6108],[48.1739,29.61208],[48.16938,29.61868],[48.16921,29.62682],[48.16783,29.63457],[48.16842,29.63458],[48.16766,29.6356],[48.16731,29.63765],[48.16639,29.63865],[48.16636,29.63994],[48.16573,29.64147],[48.16615,29.64199],[48.16498,29.64196],[48.16493,29.64351],[48.16405,29.64361],[48.16313,29.64501],[48.16106,29.64509],[48.16049,29.6447],[48.15982,29.64751],[48.16041,29.64752],[48.15991,29.64957],[48.15737,29.65093],[48.1565,29.65052],[48.15632,29.64904],[48.15587,29.65054],[48.15522,29.66251],[48.15436,29.66628],[48.15252,29.6706],[48.15153,29.67471],[48.15136,29.68126],[48.15012,29.68355],[48.14903,29.68423],[48.14905,29.68506],[48.14758,29.68503],[48.14756,29.68555],[48.14548,29.6856],[48.14454,29.68608],[48.14291,29.68757],[48.1405,29.69204],[48.13758,29.69497],[48.13624,29.69547],[48.13475,29.69793],[48.12821,29.70351],[48.12701,29.70425],[48.12583,29.70448],[48.12505,29.70524],[48.12609,29.70565],[48.12626,29.70488],[48.1273,29.70464],[48.12754,29.70645],[48.12695,29.70644],[48.12669,29.71029],[48.12622,29.7113],[48.12681,29.71132],[48.1268,29.71183],[48.12577,29.71181],[48.12602,29.7131],[48.1254,29.71437],[48.1228,29.71749],[48.12134,29.71896],[48.11608,29.71789],[48.12004,29.71891],[48.11941,29.72178],[48.1183,29.72158],[48.12032,29.72711],[48.12188,29.7346],[48.12207,29.7382],[48.12111,29.74075],[48.11791,29.74467],[48.11403,29.74625],[48.11387,29.74676],[48.11253,29.74738],[48.11194,29.74724],[48.11193,29.74775],[48.11046,29.74772],[48.11044,29.74823],[48.10808,29.74831],[48.10706,29.74953],[48.10724,29.7522],[48.1086,29.7559],[48.10804,29.76],[48.10716,29.75998],[48.10712,29.76127],[48.10653,29.76126],[48.10652,29.76151],[48.10711,29.76153],[48.1062,29.7624],[48.10503,29.76225],[48.10442,29.76301],[48.10471,29.76327],[48.10501,29.76302],[48.10485,29.76353],[48.10395,29.76403],[48.10378,29.76479],[48.10229,29.76528],[48.10228,29.76579],[48.10051,29.76575],[48.10049,29.76652],[48.09915,29.76701],[48.09899,29.76752],[48.0984,29.7675],[48.09935,29.77035],[48.0983,29.77084],[48.09827,29.77187],[48.09615,29.76874],[48.09603,29.76797],[48.09487,29.7673],[48.09252,29.76712],[48.0925,29.76763],[48.09103,29.76773],[48.07945,29.77068],[48.07943,29.7712],[48.07855,29.77118],[48.07854,29.77169],[48.07646,29.77229],[48.07528,29.77226],[48.07467,29.77276],[48.07231,29.7731],[48.07229,29.77361],[48.07052,29.7737],[48.06735,29.77496],[48.06696,29.77478],[48.06723,29.77555],[48.06664,29.77554],[48.06662,29.77605],[48.06544,29.77629],[48.06519,29.77727],[48.06568,29.78297],[48.06442,29.78603]]],[[[48.36263,29.80393],[48.36453,29.80242],[48.36353,29.80262],[48.36352,29.80314],[48.36234,29.80324],[48.36173,29.804],[48.36054,29.80436],[48.36053,29.80488],[48.35934,29.80498],[48.35903,29.80562],[48.35844,29.80573],[48.35773,29.80653],[48.35575,29.80709],[48.35603,29.80761],[48.35485,29.80772],[48.35247,29.8087],[48.34981,29.80903],[48.34979,29.80954],[48.34772,29.81002],[48.34799,29.81079],[48.3509,29.81014],[48.35551,29.80799],[48.36263,29.80393]]],[[[48.10064,29.84286],[48.10156,29.8416],[48.10276,29.84111],[48.10252,29.83905],[48.10193,29.83904],[48.10136,29.83826],[48.10135,29.83877],[48.10017,29.83874],[48.10039,29.83618],[48.0997,29.83475],[48.09881,29.83486],[48.09897,29.83435],[48.09765,29.83406],[48.09734,29.8347],[48.09675,29.83481],[48.09673,29.83533],[48.09553,29.83607],[48.09651,29.83275],[48.09444,29.83296],[48.09443,29.83347],[48.09325,29.83358],[48.09262,29.83498],[48.09144,29.83495],[48.09127,29.83546],[48.08858,29.83695],[48.08841,29.83771],[48.08515,29.83816],[48.08405,29.8407],[48.08447,29.84148],[48.0865,29.84243],[48.09035,29.842],[48.09185,29.84113],[48.09186,29.84062],[48.09426,29.83938],[48.09272,29.84141],[48.09214,29.84114],[48.09196,29.84216],[48.09236,29.84371],[48.09294,29.84411],[48.0959,29.84379],[48.09562,29.84327],[48.09691,29.8427],[48.09685,29.8415],[48.09823,29.8411],[48.09836,29.84024],[48.09925,29.84001],[48.09711,29.84279],[48.09647,29.84432],[48.09736,29.84408],[48.09735,29.84459],[48.09943,29.84412],[48.09944,29.84361],[48.10003,29.84362],[48.10005,29.84285],[48.10064,29.84286]]],[[[48.03296,29.84856],[48.03321,29.84985],[48.0338,29.84986],[48.03379,29.85038],[48.03584,29.85068],[48.03617,29.84966],[48.0409,29.84925],[48.04121,29.84849],[48.04269,29.84852],[48.0427,29.84801],[48.04418,29.84778],[48.0442,29.84727],[48.05195,29.84423],[48.0555,29.84379],[48.05638,29.84407],[48.05994,29.84325],[48.05996,29.84274],[48.06142,29.84303],[48.06144,29.84251],[48.06293,29.84203],[48.06325,29.84101],[48.06593,29.8403],[48.06594,29.83978],[48.06922,29.83857],[48.06923,29.83806],[48.07013,29.83782],[48.07014,29.83731],[48.07073,29.83732],[48.07075,29.83681],[48.07133,29.83682],[48.07135,29.83631],[48.07194,29.83632],[48.0727,29.83531],[48.0729,29.83377],[48.06554,29.83348],[48.06435,29.83384],[48.06448,29.83436],[48.06403,29.8346],[48.06347,29.83369],[48.0558,29.83378],[48.05519,29.83428],[48.05431,29.83439],[48.05374,29.83347],[48.05227,29.83357],[48.05228,29.83305],[48.04934,29.83286],[48.04518,29.83392],[48.04333,29.83671],[48.04005,29.83792],[48.03987,29.83895],[48.03853,29.83943],[48.03851,29.8402],[48.03734,29.84005],[48.03701,29.84094],[48.03553,29.84116],[48.03552,29.84168],[48.03404,29.84164],[48.03403,29.84216],[48.03286,29.842],[48.03209,29.84293],[48.03216,29.84571],[48.03187,29.84571],[48.03237,29.84855],[48.03296,29.84856]]],[[[48.03489,29.8779],[48.03611,29.87665],[48.03597,29.87613],[48.03656,29.87614],[48.0381,29.87412],[48.03869,29.87413],[48.03945,29.87338],[48.03962,29.87261],[48.04111,29.87213],[48.04143,29.87111],[48.04232,29.87087],[48.04369,29.86962],[48.04416,29.8686],[48.04535,29.86837],[48.0461,29.86762],[48.04642,29.86685],[48.04519,29.86348],[48.0449,29.86348],[48.04488,29.86399],[48.04431,29.86346],[48.04415,29.86397],[48.0431,29.86447],[48.04309,29.86498],[48.04249,29.86509],[48.04173,29.86598],[48.04186,29.86649],[48.0368,29.86805],[48.03355,29.86849],[48.03309,29.86887],[48.03358,29.87222],[48.03171,29.87578],[48.03036,29.87652],[48.02944,29.87765],[48.02885,29.87777],[48.02747,29.87953],[48.02678,29.88286],[48.02493,29.88539],[48.02491,29.88616],[48.02353,29.88793],[48.02294,29.88792],[48.0232,29.88921],[48.02436,29.88987],[48.02554,29.8899],[48.02763,29.88879],[48.02765,29.88828],[48.02825,29.88791],[48.02943,29.88806],[48.03049,29.88706],[48.03081,29.88604],[48.03172,29.88529],[48.03281,29.88325],[48.03321,29.88326],[48.03435,29.88084],[48.03489,29.8779]]],[[[48.08636,29.84731],[48.08587,29.84734],[48.08446,29.84662],[48.08433,29.84611],[48.08313,29.84698],[48.08015,29.84794],[48.07923,29.84908],[48.07864,29.84919],[48.07743,29.85032],[48.07802,29.85034],[48.0777,29.85097],[48.07653,29.85082],[48.07651,29.85159],[48.07503,29.85155],[48.07501,29.85232],[48.07175,29.85277],[48.07174,29.85328],[48.07115,29.85327],[48.07053,29.85441],[48.06996,29.8535],[48.06894,29.85322],[48.06881,29.85244],[48.06971,29.85221],[48.07033,29.85119],[48.07121,29.85121],[48.07153,29.85019],[48.07272,29.84996],[48.07304,29.8492],[48.07363,29.84921],[48.07364,29.8487],[48.07453,29.84846],[48.07567,29.84489],[48.07554,29.84411],[48.07405,29.84472],[48.07317,29.8447],[48.07076,29.84645],[48.06987,29.84656],[48.06986,29.84707],[48.06838,29.84716],[48.06746,29.8483],[48.06672,29.84854],[48.06625,29.84943],[48.06447,29.8499],[48.06093,29.84996],[48.06094,29.84944],[48.05887,29.84965],[48.05885,29.85042],[48.05826,29.85041],[48.05824,29.85092],[48.05706,29.85102],[48.05618,29.85075],[48.05576,29.8501],[48.05565,29.84881],[48.0539,29.84838],[48.05299,29.84914],[48.05062,29.84947],[48.04985,29.85048],[48.04967,29.85176],[48.05232,29.85182],[48.05234,29.85131],[48.05439,29.85174],[48.05614,29.85242],[48.05696,29.85449],[48.05014,29.85575],[48.04805,29.85661],[48.04818,29.85712],[48.04773,29.85763],[48.04831,29.85777],[48.05012,29.8564],[48.0501,29.85717],[48.05099,29.85693],[48.05101,29.85642],[48.05188,29.85669],[48.05187,29.85721],[48.05246,29.85722],[48.05214,29.85811],[48.05155,29.8581],[48.05094,29.85873],[48.05182,29.85875],[48.0515,29.85977],[48.05075,29.86001],[48.05053,29.86257],[48.05141,29.86285],[48.05167,29.86389],[48.0558,29.86398],[48.05613,29.8627],[48.05467,29.86215],[48.05473,29.8601],[48.0559,29.86051],[48.05796,29.86043],[48.05798,29.85991],[48.06034,29.85971],[48.05958,29.86072],[48.05969,29.86201],[48.06027,29.86215],[48.06117,29.86178],[48.0612,29.86076],[48.06266,29.86105],[48.0633,29.85952],[48.06567,29.85906],[48.06564,29.86008],[48.0674,29.86038],[48.06753,29.86115],[48.06529,29.862],[48.06376,29.86377],[48.06288,29.86388],[48.06286,29.86439],[48.06166,29.86514],[48.06638,29.86524],[48.06639,29.86473],[48.06727,29.86475],[48.06725,29.86552],[48.06988,29.86635],[48.06969,29.86789],[48.06865,29.86812],[48.06834,29.86875],[48.06745,29.86886],[48.06743,29.86938],[48.06891,29.86941],[48.06873,29.86872],[48.06923,29.86865],[48.06949,29.86968],[48.0704,29.86893],[48.07038,29.86944],[48.07274,29.8695],[48.0732,29.86873],[48.07259,29.86786],[48.07176,29.86767],[48.0718,29.86613],[48.07228,29.86512],[48.07287,29.86513],[48.07288,29.86462],[48.07406,29.86464],[48.07458,29.86722],[48.07574,29.86763],[48.07754,29.86677],[48.07727,29.86587],[48.07654,29.86572],[48.07671,29.8647],[48.0773,29.86471],[48.07763,29.86369],[48.07851,29.86371],[48.07877,29.865],[48.07936,29.86502],[48.07905,29.86552],[48.07992,29.8658],[48.07965,29.86502],[48.08053,29.8653],[48.08085,29.86453],[48.08144,29.86455],[48.08175,29.86378],[48.08234,29.8638],[48.08236,29.86328],[48.08474,29.86256],[48.08475,29.86205],[48.08535,29.86168],[48.09008,29.8614],[48.09054,29.86089],[48.09017,29.85831],[48.08841,29.85789],[48.08247,29.85943],[48.08245,29.85994],[48.08187,29.85993],[48.08185,29.86044],[48.08097,29.86042],[48.08095,29.86094],[48.08036,29.86093],[48.08035,29.86144],[48.07769,29.86138],[48.07744,29.85983],[48.07982,29.85911],[48.08015,29.85809],[48.08163,29.85787],[48.08195,29.85711],[48.08254,29.85712],[48.08255,29.8566],[48.08313,29.85687],[48.08316,29.85585],[48.08405,29.85587],[48.08468,29.85434],[48.08853,29.85391],[48.08945,29.85264],[48.09004,29.85266],[48.09021,29.85189],[48.09128,29.85063],[48.09237,29.85023],[48.0923,29.85091],[48.09139,29.85166],[48.08985,29.8542],[48.08997,29.85497],[48.09114,29.85525],[48.09116,29.85474],[48.09234,29.85463],[48.0952,29.85251],[48.09518,29.84814],[48.09457,29.8489],[48.09398,29.84889],[48.09381,29.84966],[48.09257,29.85005],[48.09298,29.84784],[48.09257,29.84654],[48.0914,29.84652],[48.09141,29.846],[48.08965,29.84558],[48.08729,29.84566],[48.08636,29.84731]]],[[[48.1481,29.86395],[48.14843,29.86267],[48.14902,29.86268],[48.14964,29.86167],[48.15023,29.86168],[48.15025,29.86117],[48.15145,29.86029],[48.15234,29.86019],[48.15298,29.8584],[48.15239,29.85839],[48.15415,29.85354],[48.15475,29.85304],[48.15492,29.85227],[48.15581,29.85204],[48.15613,29.85127],[48.15379,29.85071],[48.15381,29.84994],[48.15203,29.85041],[48.152,29.85118],[48.15082,29.85116],[48.1508,29.85218],[48.14905,29.8515],[48.14816,29.85161],[48.14817,29.8511],[48.14758,29.85109],[48.14727,29.85172],[48.14638,29.85183],[48.1464,29.85132],[48.14581,29.85131],[48.14579,29.85208],[48.14519,29.85219],[48.14321,29.85433],[48.1427,29.85689],[48.14181,29.857],[48.14036,29.8562],[48.1377,29.8564],[48.13406,29.85491],[48.13423,29.85388],[48.13306,29.8536],[48.13305,29.85411],[48.13099,29.85407],[48.13101,29.85304],[48.12982,29.85366],[48.12893,29.85364],[48.12837,29.85273],[48.1266,29.85269],[48.12659,29.8532],[48.12482,29.85316],[48.1248,29.85368],[48.12362,29.85391],[48.1231,29.85647],[48.1219,29.85721],[48.12174,29.85772],[48.11877,29.8583],[48.11743,29.85891],[48.11665,29.86044],[48.11724,29.86045],[48.11632,29.86172],[48.11866,29.86228],[48.11864,29.8628],[48.12068,29.86374],[48.12449,29.86459],[48.12565,29.86539],[48.12918,29.86547],[48.13035,29.86588],[48.13001,29.86741],[48.1306,29.86742],[48.13112,29.87001],[48.13224,29.87063],[48.13417,29.86647],[48.13776,29.86475],[48.13852,29.864],[48.13902,29.8617],[48.13961,29.86171],[48.13988,29.86274],[48.14046,29.86314],[48.14164,29.86291],[48.14458,29.86323],[48.1475,29.86445],[48.14722,29.86393],[48.1481,29.86395]]],[[[48.15241,29.87844],[48.15123,29.87841],[48.15124,29.8779],[48.15214,29.87766],[48.15102,29.87532],[48.15191,29.87509],[48.15163,29.87456],[48.15222,29.87458],[48.1524,29.87355],[48.15423,29.87154],[48.1541,29.87076],[48.15469,29.87078],[48.1547,29.87052],[48.15067,29.87161],[48.14754,29.87165],[48.14457,29.87104],[48.14435,29.87158],[48.14552,29.87161],[48.14522,29.87198],[48.14434,29.87184],[48.14433,29.87209],[48.14574,29.87444],[48.14456,29.87441],[48.14516,29.87417],[48.14458,29.87364],[48.14427,29.87428],[48.14308,29.87451],[48.14188,29.87525],[48.14012,29.87509],[48.1399,29.87765],[48.1381,29.87864],[48.13761,29.88009],[48.14198,29.88],[48.14842,29.88058],[48.14934,29.87995],[48.15239,29.87921],[48.15241,29.87844]]],[[[48.14173,29.93219],[48.14205,29.93142],[48.14324,29.93093],[48.14357,29.92965],[48.14416,29.92992],[48.14463,29.92891],[48.14381,29.92658],[48.14238,29.92474],[48.1417,29.92293],[48.14111,29.92292],[48.13944,29.91954],[48.13885,29.91953],[48.13804,29.91668],[48.13743,29.91744],[48.1366,29.91549],[48.13601,29.91535],[48.1362,29.91407],[48.13551,29.91226],[48.13522,29.91225],[48.13532,29.9138],[48.13428,29.91429],[48.1332,29.91581],[48.13302,29.91683],[48.13243,29.91682],[48.1315,29.91834],[48.13048,29.91806],[48.13117,29.91448],[48.13042,29.90983],[48.1306,29.90881],[48.13001,29.9088],[48.12973,29.90802],[48.13063,29.90778],[48.13095,29.90676],[48.13184,29.90652],[48.13186,29.90601],[48.13127,29.906],[48.13118,29.90394],[48.12754,29.90219],[48.12577,29.90228],[48.12608,29.90177],[48.12459,29.90225],[48.12457,29.90302],[48.12191,29.90322],[48.12168,29.9009],[48.12257,29.90067],[48.12245,29.89964],[48.12172,29.89936],[48.12205,29.89808],[48.12132,29.89781],[48.12135,29.89704],[48.12064,29.89587],[48.11975,29.89598],[48.11977,29.89546],[48.11715,29.89412],[48.1169,29.89283],[48.11511,29.89331],[48.1151,29.89382],[48.11344,29.89481],[48.11358,29.89533],[48.1124,29.8953],[48.11267,29.89608],[48.11208,29.89607],[48.11207,29.89658],[48.11088,29.89694],[48.10906,29.8987],[48.10818,29.89855],[48.10845,29.89907],[48.10728,29.89892],[48.10282,29.90023],[48.1028,29.90075],[48.10161,29.90111],[48.10039,29.90236],[48.0998,29.90248],[48.09979,29.90299],[48.0992,29.90298],[48.09918,29.9035],[48.09741,29.90371],[48.09744,29.90243],[48.09803,29.90244],[48.09805,29.90167],[48.09924,29.90144],[48.09956,29.90067],[48.09897,29.90066],[48.09902,29.89886],[48.09636,29.89906],[48.09648,29.89984],[48.0948,29.90211],[48.09421,29.9021],[48.09444,29.90416],[48.09356,29.90414],[48.09324,29.90478],[48.09028,29.90536],[48.09011,29.90612],[48.08873,29.90789],[48.0855,29.90731],[48.08559,29.90936],[48.08514,29.90961],[48.08517,29.90858],[48.08353,29.90906],[48.08276,29.91007],[48.08335,29.91009],[48.08374,29.91215],[48.08328,29.91253],[48.0824,29.91251],[48.08124,29.91171],[48.07799,29.91177],[48.07798,29.91228],[48.0765,29.9125],[48.07642,29.91507],[48.07465,29.91516],[48.07175,29.9133],[48.06938,29.91389],[48.06829,29.91566],[48.06694,29.9164],[48.06427,29.922],[48.0629,29.92338],[48.06113,29.92321],[48.06121,29.92065],[48.05972,29.921],[48.05911,29.92176],[48.05793,29.92173],[48.05619,29.92066],[48.05337,29.9215],[48.05287,29.92329],[48.05228,29.92327],[48.05227,29.92379],[48.05152,29.92403],[48.05135,29.9248],[48.05047,29.92477],[48.05045,29.92529],[48.05134,29.92531],[48.05161,29.92609],[48.0522,29.9261],[48.05203,29.92661],[48.05158,29.92698],[48.051,29.92684],[48.05097,29.92761],[48.05038,29.9276],[48.04975,29.92913],[48.04768,29.92908],[48.048,29.92832],[48.04695,29.92881],[48.04441,29.9321],[48.0435,29.93593],[48.04355,29.93826],[48.04388,29.93883],[48.04591,29.93932],[48.04623,29.9383],[48.04682,29.93832],[48.04708,29.93935],[48.04769,29.93898],[48.04886,29.93913],[48.04978,29.938],[48.05096,29.93815],[48.05094,29.93867],[48.05361,29.93821],[48.05394,29.93719],[48.05423,29.9372],[48.05448,29.93875],[48.05536,29.93902],[48.05524,29.93799],[48.05631,29.93673],[48.0572,29.93675],[48.05784,29.93496],[48.05962,29.93462],[48.0602,29.93476],[48.06033,29.93553],[48.05959,29.93577],[48.05956,29.93655],[48.06133,29.93659],[48.0613,29.93761],[48.06366,29.93779],[48.06486,29.93718],[48.06454,29.93794],[48.06512,29.93821],[48.06544,29.93745],[48.06663,29.93722],[48.06598,29.93926],[48.06773,29.93994],[48.0692,29.93984],[48.06919,29.94036],[48.07153,29.94118],[48.07151,29.9417],[48.07299,29.94173],[48.07297,29.94224],[48.07532,29.94255],[48.07534,29.94204],[48.07803,29.94081],[48.0783,29.94159],[48.07771,29.94158],[48.07789,29.94226],[48.07675,29.94413],[48.07632,29.94386],[48.0762,29.94283],[48.07561,29.94294],[48.07514,29.94358],[48.07527,29.94435],[48.07587,29.9441],[48.07584,29.94488],[48.07788,29.94608],[48.08172,29.94591],[48.08352,29.94479],[48.08305,29.94581],[48.082,29.9463],[48.08032,29.94832],[48.08056,29.95012],[48.08154,29.95194],[48.08243,29.95196],[48.08244,29.95145],[48.08363,29.95122],[48.08395,29.95045],[48.08483,29.95047],[48.08496,29.95125],[48.0842,29.952],[48.08567,29.95203],[48.08566,29.95255],[48.08656,29.95205],[48.08684,29.95257],[48.08459,29.95381],[48.08426,29.95483],[48.08467,29.95587],[48.08725,29.95498],[48.08734,29.95541],[48.08675,29.95553],[48.08599,29.95641],[48.0858,29.95769],[48.08729,29.95721],[48.08694,29.959],[48.08782,29.95928],[48.08784,29.95876],[48.08961,29.95855],[48.08959,29.95932],[48.08885,29.95956],[48.08849,29.96161],[48.08891,29.96239],[48.08949,29.96278],[48.09126,29.96295],[48.09123,29.96372],[48.0924,29.96426],[48.09288,29.96516],[48.0953,29.96587],[48.09528,29.96664],[48.09588,29.9664],[48.09586,29.96691],[48.09773,29.9677],[48.09919,29.96583],[48.09946,29.96519],[48.09917,29.96493],[48.09946,29.96493],[48.09949,29.96416],[48.09983,29.96417],[48.10138,29.96009],[48.10141,29.95906],[48.10199,29.95921],[48.1029,29.95845],[48.10379,29.95835],[48.10533,29.95607],[48.10651,29.95609],[48.10805,29.95381],[48.10953,29.95359],[48.10966,29.95436],[48.10891,29.9546],[48.10798,29.95638],[48.11509,29.95551],[48.1151,29.955],[48.11658,29.95503],[48.11492,29.95114],[48.11432,29.95138],[48.11376,29.95021],[48.11274,29.9498],[48.1125,29.94698],[48.11422,29.94456],[48.11688,29.94437],[48.1196,29.94341],[48.12285,29.94103],[48.12496,29.93903],[48.12532,29.93825],[48.1261,29.93796],[48.12684,29.93675],[48.12812,29.93624],[48.12835,29.93549],[48.12993,29.93507],[48.13255,29.9334],[48.14052,29.93319],[48.14085,29.93217],[48.14173,29.93219]]],[[[48.04239,29.9981],[48.04267,29.99875],[48.04356,29.99865],[48.04367,29.99993],[48.04452,30.00098],[48.04456,30.00141],[48.04407,30.00123],[48.04406,30.00148],[48.04507,30.00228],[48.04549,30.00331],[48.04636,30.00359],[48.04635,30.00411],[48.04751,30.00465],[48.04807,30.00569],[48.04982,30.0065],[48.05096,30.00806],[48.05271,30.00862],[48.0527,30.00913],[48.05329,30.00915],[48.05356,30.00992],[48.05942,30.01134],[48.05941,30.01185],[48.0603,30.01174],[48.06556,30.01353],[48.06555,30.01405],[48.06644,30.01381],[48.06671,30.01459],[48.0682,30.01436],[48.06787,30.01538],[48.06836,30.01522],[48.06845,30.01565],[48.06906,30.01515],[48.06857,30.01505],[48.06848,30.01463],[48.07551,30.01658],[48.0752,30.01709],[48.07579,30.0171],[48.07581,30.01659],[48.0764,30.01647],[48.08405,30.01767],[48.0873,30.01761],[48.08702,30.01709],[48.08731,30.0171],[48.08734,30.01607],[48.08822,30.01635],[48.08819,30.01738],[48.08878,30.01739],[48.08883,30.01559],[48.08942,30.0156],[48.08911,30.01637],[48.08997,30.01703],[48.09204,30.0172],[48.09202,30.01772],[48.09438,30.01777],[48.09469,30.01726],[48.09381,30.01724],[48.09354,30.01621],[48.09499,30.01714],[48.0969,30.01757],[48.09795,30.01682],[48.09686,30.01722],[48.09588,30.01703],[48.09589,30.01652],[48.09707,30.0168],[48.09708,30.01629],[48.09916,30.01608],[48.09913,30.01685],[48.1,30.01764],[48.10005,30.01597],[48.10035,30.01585],[48.10062,30.01662],[48.10327,30.01681],[48.10683,30.01637],[48.10832,30.01589],[48.11158,30.01558],[48.1116,30.01481],[48.11248,30.01483],[48.1128,30.01406],[48.11517,30.01386],[48.11456,30.01462],[48.11633,30.01466],[48.11635,30.01388],[48.11784,30.0134],[48.11783,30.01392],[48.11929,30.01433],[48.12079,30.01347],[48.12048,30.01423],[48.12107,30.01424],[48.12108,30.01373],[48.12228,30.01324],[48.12196,30.01401],[48.12256,30.01376],[48.12254,30.01428],[48.12284,30.01428],[48.12375,30.01328],[48.12316,30.01326],[48.12317,30.01301],[48.12465,30.01278],[48.12433,30.0138],[48.1255,30.01408],[48.12554,30.0128],[48.12613,30.01281],[48.1261,30.01384],[48.12728,30.01387],[48.12731,30.01284],[48.1279,30.01285],[48.12791,30.01234],[48.12879,30.01261],[48.12878,30.01313],[48.12937,30.01314],[48.12982,30.01264],[48.12955,30.01186],[48.13062,30.0106],[48.13211,30.01012],[48.13209,30.01089],[48.13268,30.0109],[48.13294,30.01219],[48.13412,30.01222],[48.13444,30.0112],[48.13742,30.01049],[48.13758,30.01143],[48.13709,30.01177],[48.13796,30.01217],[48.13973,30.01221],[48.14421,30.01051],[48.14865,30.01009],[48.14955,30.00959],[48.15133,30.00938],[48.15374,30.00789],[48.15522,30.00779],[48.15538,30.00728],[48.15321,30.00582],[48.14644,30.00477],[48.14646,30.00426],[48.13529,30.00222],[48.13464,30.00452],[48.13375,30.0045],[48.13377,30.00398],[48.13436,30.004],[48.13478,30.00315],[48.13485,30.00221],[48.12943,30.0008],[48.12983,30.0021],[48.12906,30.00349],[48.12787,30.0036],[48.12789,30.00283],[48.12701,30.00268],[48.12673,30.00229],[48.12665,30.00486],[48.12591,30.0051],[48.12603,30.00587],[48.12544,30.00586],[48.12543,30.00637],[48.12306,30.00658],[48.12386,30.00591],[48.12426,30.00609],[48.124,30.0048],[48.12249,30.00579],[48.12251,30.00502],[48.12192,30.00501],[48.12191,30.00552],[48.12043,30.00575],[48.1215,30.00423],[48.12169,30.00295],[48.12257,30.00297],[48.12303,30.00246],[48.12326,29.99964],[48.12385,29.99965],[48.12386,29.99914],[48.12239,29.99924],[48.12151,29.99883],[48.12234,30.00091],[48.11997,30.00098],[48.11848,30.00159],[48.11846,30.00211],[48.11698,30.00233],[48.11697,30.00285],[48.11491,30.00241],[48.11415,30.0033],[48.11427,30.00407],[48.11369,30.0038],[48.11364,30.00534],[48.11277,30.00494],[48.111,30.00503],[48.11157,30.00555],[48.11038,30.00591],[48.1095,30.00577],[48.10981,30.00526],[48.10892,30.00524],[48.10893,30.00498],[48.10952,30.00499],[48.11013,30.00424],[48.1094,30.00396],[48.10943,30.00294],[48.10873,30.00176],[48.10726,30.00135],[48.10663,30.00275],[48.10486,30.00284],[48.10429,30.00192],[48.10251,30.00227],[48.1025,30.00278],[48.10132,30.00276],[48.10133,30.00224],[48.10252,30.00201],[48.10253,30.0015],[48.0984,30.00154],[48.09811,30.00115],[48.09871,30.00116],[48.0995,29.99912],[48.09791,29.99818],[48.09583,29.99852],[48.09581,29.99904],[48.0942,29.99875],[48.09402,29.99977],[48.09343,29.99976],[48.09374,29.99925],[48.09315,29.99924],[48.09308,29.99666],[48.09475,29.9949],[48.09327,29.995],[48.09317,29.99358],[48.09244,29.99331],[48.09231,29.99253],[48.09073,29.99109],[48.09014,29.99095],[48.09017,29.99017],[48.08958,29.99016],[48.09011,29.98709],[48.08882,29.98565],[48.08765,29.98524],[48.0868,29.98406],[48.08183,29.98228],[48.08185,29.98177],[48.08097,29.98162],[48.07923,29.98055],[48.07658,29.98036],[48.07657,29.98062],[48.07716,29.98063],[48.07714,29.98115],[48.07773,29.98116],[48.07653,29.9819],[48.07655,29.98139],[48.07537,29.98111],[48.07539,29.98059],[48.0748,29.98058],[48.07467,29.97981],[48.0722,29.97872],[48.07221,29.97821],[48.07103,29.97831],[48.07046,29.97753],[48.06986,29.97777],[48.06693,29.97719],[48.06482,29.97856],[48.0652,29.97574],[48.06431,29.97572],[48.06364,29.97365],[48.06248,29.97285],[48.06207,29.97156],[48.06091,29.97089],[48.05825,29.97096],[48.05824,29.97147],[48.05617,29.97168],[48.05663,29.97092],[48.0565,29.97041],[48.05769,29.97017],[48.05861,29.96891],[48.05981,29.96829],[48.06069,29.96844],[48.06041,29.96779],[48.05983,29.96765],[48.06014,29.96715],[48.05516,29.96562],[48.05489,29.96497],[48.05429,29.96509],[48.05314,29.96403],[48.05197,29.96388],[48.05193,29.96337],[48.0508,29.96347],[48.04993,29.96293],[48.04669,29.96273],[48.0467,29.96222],[48.03816,29.96151],[48.03815,29.96202],[48.0349,29.96221],[48.03442,29.96323],[48.035,29.96375],[48.03494,29.96581],[48.03355,29.96783],[48.03092,29.967],[48.02894,29.964],[48.02835,29.96386],[48.02809,29.96283],[48.02633,29.9624],[48.02591,29.96149],[48.0249,29.96096],[48.02477,29.96018],[48.02318,29.95912],[48.02349,29.95861],[48.02261,29.95859],[48.02264,29.95731],[48.02058,29.95726],[48.01982,29.95801],[48.01995,29.95853],[48.01936,29.95852],[48.01935,29.95877],[48.01994,29.95879],[48.02034,29.96034],[48.02023,29.96393],[48.02158,29.96833],[48.02152,29.97013],[48.02074,29.97153],[48.02016,29.97139],[48.02027,29.97267],[48.02097,29.97398],[48.02299,29.97531],[48.02411,29.97739],[48.0247,29.9774],[48.02469,29.97791],[48.02646,29.9777],[48.02648,29.97718],[48.02796,29.97722],[48.02952,29.97417],[48.03011,29.97418],[48.03073,29.97317],[48.03163,29.97293],[48.03175,29.9737],[48.03046,29.97727],[48.02986,29.97777],[48.02938,29.97905],[48.0301,29.97958],[48.03022,29.98061],[48.03081,29.98062],[48.03103,29.98294],[48.03371,29.98223],[48.03384,29.98275],[48.03338,29.98351],[48.03221,29.98323],[48.03219,29.98374],[48.03366,29.98377],[48.0329,29.98478],[48.03302,29.98556],[48.03361,29.98557],[48.0336,29.98608],[48.03419,29.9861],[48.03444,29.98739],[48.03503,29.9874],[48.03539,29.98871],[48.03705,29.98899],[48.03673,29.99001],[48.03732,29.99002],[48.03813,29.99235],[48.0393,29.99289],[48.03927,29.99392],[48.03986,29.99393],[48.03997,29.99522],[48.04054,29.99575],[48.04069,29.99659],[48.04155,29.9968],[48.0418,29.99809],[48.04239,29.9981]]],[[[48.12853,30.0013],[48.12648,30.00048],[48.12586,30.0015],[48.12675,30.00152],[48.12673,30.00229],[48.1282,30.00232],[48.12853,30.0013]]]]}},{"type":"Feature","properties":{"id":"kw-gov-ahmadi-osm2023","name_en":"Ahmadi Governorate","name_ar":"محافظة الأحمدي","feature_class":"governorate_land_only_pre_2024_osm","source":"geoBoundaries gbOpen KWT ADM1 (commit 9469f09, built Dec 12, 2023, boundarySource 'OpenStreetMap, Wambacher', sourceDataUpdateDate Thu Jan 19 07:31:04 2023) intersected with OSM land polygons (osmdata.openstreetmap.de, coastline of 2026-09-23)","license":"ODbL 1.0 (geoBoundaries gbOpen from OSM; OSM land polygons)","iso_3166_2":"KW-AH","area_km2":4425.573486215885},"geometry":{"type":"Polygon","coordinates":[[[47.70446,28.52436],[47.70904,28.54309],[47.68062,28.57176],[47.65378,28.59635],[47.63897,28.63019],[47.60588,28.65528],[47.59569,28.68851],[47.59391,28.72756],[47.60003,28.75889],[47.59507,28.799],[47.58714,28.83672],[47.56466,28.86211],[47.54311,28.89868],[47.54115,28.90085],[47.547,28.93584],[47.58021,28.98408],[47.58215,28.99931],[47.59988,29.03145],[47.67758,29.0385],[47.69595,29.03399],[47.71465,29.03342],[47.72174,29.03991],[47.7852,29.03187],[47.78875,29.1834],[47.79269,29.19068],[47.80358,29.20699],[47.8873,29.18816],[47.90145,29.18447],[47.9179,29.18161],[47.93179,29.18289],[47.95338,29.1833],[47.97297,29.18173],[47.99122,29.17982],[47.99542,29.17883],[48.00033,29.17901],[48.01311,29.18225],[48.02161,29.18234],[48.02989,29.17964],[48.03376,29.17676],[48.03904,29.17408],[48.04438,29.17256],[48.05028,29.17269],[48.0633,29.17431],[48.07155,29.17735],[48.08161,29.17987],[48.09848,29.18027],[48.11926,29.18487],[48.12042,29.18345],[48.12035,29.1828],[48.12144,29.18042],[48.12261,29.1792],[48.12375,29.17368],[48.12469,29.17255],[48.12867,29.17322],[48.12838,29.1727],[48.12711,29.17234],[48.12664,29.17182],[48.12501,29.17179],[48.12444,29.17126],[48.12462,29.17013],[48.12537,29.17003],[48.12708,29.17022],[48.12785,29.17128],[48.12834,29.17124],[48.12826,29.16991],[48.12628,29.16962],[48.12563,29.1689],[48.12645,29.16869],[48.12633,29.16635],[48.12854,29.16617],[48.12736,29.16617],[48.12738,29.16518],[48.12444,29.16502],[48.12446,29.1645],[48.12612,29.1642],[48.12683,29.16344],[48.12794,29.16385],[48.12746,29.16467],[48.12819,29.16404],[48.12753,29.16333],[48.12442,29.16325],[48.12408,29.16137],[48.12453,29.16112],[48.12432,29.16035],[48.12502,29.15819],[48.12687,29.15872],[48.12723,29.1579],[48.1277,29.15777],[48.1274,29.15769],[48.12662,29.15826],[48.1261,29.1581],[48.1262,29.15762],[48.12685,29.15762],[48.12598,29.15734],[48.12607,29.15553],[48.12683,29.15299],[48.12825,29.15086],[48.12855,29.15062],[48.13161,29.15141],[48.13204,29.15124],[48.12861,29.15026],[48.12881,29.14954],[48.12938,29.14916],[48.13008,29.14935],[48.13033,29.14994],[48.13228,29.15066],[48.13221,29.15019],[48.13078,29.14964],[48.13043,29.14856],[48.13074,29.14602],[48.13176,29.14428],[48.13279,29.1409],[48.13359,29.13103],[48.13383,29.13017],[48.13552,29.12878],[48.13564,29.1271],[48.13669,29.12467],[48.13723,29.12192],[48.13717,29.11788],[48.13735,29.11762],[48.13887,29.11774],[48.13787,29.11754],[48.13762,29.11633],[48.13829,29.11554],[48.13772,29.11323],[48.13832,29.11243],[48.13792,29.11188],[48.138,29.11017],[48.13858,29.10959],[48.13814,29.10919],[48.13807,29.1067],[48.13841,29.10535],[48.1393,29.10472],[48.13864,29.09846],[48.13884,29.0945],[48.13902,29.09336],[48.13974,29.09269],[48.14111,29.09346],[48.14157,29.09339],[48.14013,29.09241],[48.14049,29.09137],[48.14095,29.09113],[48.14006,29.09045],[48.14024,29.08637],[48.14088,29.08626],[48.14047,29.08564],[48.14062,29.08433],[48.14128,29.08304],[48.14065,29.08253],[48.14119,29.08114],[48.14252,29.08187],[48.143,29.08128],[48.14255,29.0811],[48.14281,29.08051],[48.14338,29.08071],[48.1434,29.08113],[48.14363,29.08005],[48.14202,29.0795],[48.14271,29.07817],[48.14349,29.07806],[48.14251,29.07717],[48.145,29.07318],[48.14648,29.07231],[48.14865,29.07204],[48.14906,29.07149],[48.14986,29.06921],[48.15066,29.06444],[48.15144,29.06325],[48.15246,29.06334],[48.15261,29.06291],[48.151,29.06225],[48.15103,29.06122],[48.15163,29.06072],[48.15181,29.0597],[48.15414,29.06],[48.15386,29.05936],[48.15212,29.05893],[48.15188,29.05687],[48.15276,29.05689],[48.15282,29.05622],[48.15226,29.05587],[48.15209,29.05482],[48.15243,29.05268],[48.15201,29.05137],[48.15224,29.05069],[48.15518,29.05068],[48.15542,29.05027],[48.16195,29.05037],[48.16547,29.04524],[48.1646,29.0448],[48.16144,29.04942],[48.15498,29.04936],[48.15505,29.04142],[48.15968,29.04148],[48.15969,29.04058],[48.15712,29.04053],[48.15717,29.03796],[48.15879,29.03798],[48.16005,29.03953],[48.16038,29.03933],[48.16134,29.04029],[48.16294,29.03935],[48.16292,29.03904],[48.16126,29.03982],[48.16009,29.03834],[48.16095,29.03781],[48.16346,29.03786],[48.16388,29.03803],[48.16604,29.0431],[48.16697,29.04282],[48.16475,29.0375],[48.1736,29.04167],[48.17239,29.04373],[48.17248,29.04378],[48.17227,29.04411],[48.17231,29.04421],[48.17612,29.03784],[48.17366,29.04138],[48.16474,29.03731],[48.15727,29.03716],[48.15675,29.03489],[48.15626,29.03469],[48.15675,29.03434],[48.15656,29.03324],[48.15781,29.03263],[48.15781,29.0316],[48.15826,29.03147],[48.15825,29.03107],[48.15723,29.03071],[48.15755,29.03025],[48.15735,29.02776],[48.15784,29.02497],[48.15916,29.02391],[48.15862,29.02244],[48.15917,29.01796],[48.15949,29.01749],[48.16115,29.01741],[48.15981,29.01732],[48.15953,29.01616],[48.16076,29.01596],[48.15994,29.01564],[48.15992,29.01463],[48.16281,29.00492],[48.16563,28.9983],[48.16948,28.98727],[48.1723,28.9822],[48.17318,28.98155],[48.17315,28.98109],[48.17398,28.98136],[48.17445,28.98023],[48.1749,28.98016],[48.17365,28.97961],[48.17435,28.97638],[48.17692,28.97],[48.17838,28.96791],[48.17831,28.9672],[48.17894,28.96703],[48.17999,28.96466],[48.18318,28.9601],[48.18566,28.96067],[48.18286,28.95933],[48.18323,28.95873],[48.18374,28.95916],[48.18592,28.95997],[48.18586,28.95964],[48.18338,28.95865],[48.184,28.9569],[48.18656,28.95426],[48.19229,28.95134],[48.1928,28.95053],[48.1939,28.95017],[48.19506,28.94913],[48.19579,28.94803],[48.19741,28.94729],[48.19757,28.94678],[48.1982,28.94674],[48.19908,28.94527],[48.20008,28.94482],[48.20278,28.94172],[48.20587,28.93699],[48.2065,28.93539],[48.20751,28.93027],[48.20877,28.92696],[48.20912,28.92491],[48.21066,28.92211],[48.21103,28.91904],[48.21193,28.91828],[48.2124,28.91701],[48.21298,28.91702],[48.21389,28.91575],[48.21448,28.91576],[48.2148,28.91474],[48.21538,28.91476],[48.2154,28.91424],[48.21597,28.91425],[48.21738,28.91314],[48.21838,28.91173],[48.21986,28.91123],[48.22583,28.90649],[48.23231,28.90386],[48.23238,28.90337],[48.23133,28.90274],[48.23212,28.90045],[48.23267,28.90044],[48.23325,28.89954],[48.23356,28.89971],[48.23362,28.89919],[48.23462,28.8987],[48.23482,28.89793],[48.23631,28.89668],[48.24078,28.89368],[48.24374,28.8922],[48.24845,28.89053],[48.24994,28.8895],[48.25466,28.88792],[48.25776,28.88729],[48.25937,28.88635],[48.26554,28.88506],[48.27375,28.88394],[48.28144,28.88369],[48.28536,28.88253],[48.28608,28.88149],[48.28755,28.88126],[48.28756,28.88075],[48.28987,28.87996],[48.28896,28.87827],[48.28907,28.87766],[48.28852,28.87768],[48.28663,28.87458],[48.28449,28.86833],[48.28467,28.86791],[48.28413,28.86799],[48.28391,28.8675],[48.28402,28.86549],[48.28257,28.86573],[48.28164,28.86183],[48.28265,28.86163],[48.28256,28.86128],[48.28158,28.86145],[48.28151,28.86111],[48.28214,28.86097],[48.28166,28.86058],[48.2817,28.85981],[48.28139,28.8598],[48.28049,28.8549],[48.2801,28.84641],[48.281,28.82685],[48.27965,28.82018],[48.27949,28.80969],[48.28028,28.80708],[48.28554,28.79561],[48.29587,28.77962],[48.30114,28.7733],[48.30227,28.7728],[48.30293,28.7718],[48.31156,28.76554],[48.31926,28.76081],[48.32926,28.75602],[48.33062,28.75461],[48.33508,28.75243],[48.33583,28.75168],[48.33571,28.7514],[48.33762,28.75012],[48.34468,28.74717],[48.35588,28.74327],[48.36847,28.74159],[48.38171,28.74213],[48.38205,28.74177],[48.38819,28.74265],[48.39486,28.74475],[48.39635,28.74427],[48.39604,28.74431],[48.39616,28.74317],[48.39418,28.74065],[48.3912,28.73402],[48.39047,28.73381],[48.3884,28.73066],[48.38261,28.71693],[48.38215,28.71517],[48.38259,28.71505],[48.38247,28.7144],[48.38296,28.71428],[48.38188,28.71365],[48.38146,28.7126],[48.3813,28.71116],[48.38196,28.71088],[48.38071,28.70699],[48.38156,28.7067],[48.37918,28.69956],[48.37968,28.69904],[48.3785,28.69772],[48.37877,28.69342],[48.38022,28.69132],[48.3836,28.6917],[48.38607,28.69116],[48.38866,28.68925],[48.38954,28.68776],[48.38931,28.686],[48.388,28.68464],[48.38791,28.68495],[48.38912,28.68611],[48.38921,28.68799],[48.38739,28.69009],[48.3858,28.69103],[48.38385,28.69151],[48.37978,28.69091],[48.38039,28.69096],[48.38094,28.69055],[48.38322,28.69052],[48.38338,28.69087],[48.38343,28.69048],[48.3857,28.68991],[48.38566,28.68963],[48.38737,28.6887],[48.38718,28.68847],[48.38806,28.68734],[48.38747,28.68614],[48.38768,28.68586],[48.38578,28.6854],[48.38579,28.68582],[48.38526,28.68604],[48.38406,28.68607],[48.38153,28.68523],[48.38154,28.68408],[48.38436,28.67945],[48.38785,28.67573],[48.39132,28.66698],[48.39373,28.66374],[48.394,28.66275],[48.39275,28.66171],[48.39191,28.65946],[48.39184,28.65849],[48.39251,28.65679],[48.39095,28.65043],[48.39058,28.64712],[48.39082,28.64444],[48.39373,28.63624],[48.39408,28.63218],[48.3928,28.63087],[48.39254,28.62983],[48.39127,28.62934],[48.39114,28.63033],[48.39237,28.63146],[48.39168,28.63496],[48.39088,28.63551],[48.38975,28.63543],[48.38961,28.63592],[48.38784,28.63576],[48.38784,28.63068],[48.38665,28.62546],[48.38563,28.62277],[48.38543,28.61873],[48.38592,28.61692],[48.38706,28.61584],[48.38871,28.61519],[48.38998,28.61538],[48.39021,28.60978],[48.39087,28.60602],[48.39063,28.60563],[48.39012,28.60591],[48.3899,28.6077],[48.38895,28.61015],[48.38803,28.60976],[48.38741,28.60878],[48.38797,28.60691],[48.39069,28.60288],[48.39146,28.60262],[48.39397,28.59985],[48.3951,28.59909],[48.39546,28.59834],[48.39709,28.59714],[48.39797,28.59586],[48.39808,28.59217],[48.39933,28.58911],[48.39865,28.58709],[48.39869,28.58415],[48.40139,28.58061],[48.40057,28.57914],[48.40063,28.57675],[48.40115,28.57428],[48.40217,28.57219],[48.40388,28.56971],[48.40604,28.56763],[48.4084,28.56388],[48.41155,28.55998],[48.41394,28.55756],[48.41476,28.5575],[48.41633,28.55503],[48.41737,28.55428],[48.41906,28.54981],[48.41968,28.54892],[48.42223,28.5473],[48.42272,28.54412],[48.42392,28.54215],[48.42665,28.538],[48.42789,28.53764],[48.42913,28.53638],[48.43031,28.53435],[47.70446,28.52436]]]}},{"type":"Feature","properties":{"id":"kw-gov-farwaniya-osm2023","name_en":"Farwaniya Governorate","name_ar":"محافظة الفروانية","feature_class":"governorate_land_only_pre_2024_osm","source":"geoBoundaries gbOpen KWT ADM1 (commit 9469f09, built Dec 12, 2023, boundarySource 'OpenStreetMap, Wambacher', sourceDataUpdateDate Thu Jan 19 07:31:04 2023) intersected with OSM land polygons (osmdata.openstreetmap.de, coastline of 2026-09-23)","license":"ODbL 1.0 (geoBoundaries gbOpen from OSM; OSM land polygons)","iso_3166_2":"KW-FA","area_km2":199.13977664494067},"geometry":{"type":"Polygon","coordinates":[[[47.93179,29.18289],[47.9179,29.18161],[47.90145,29.18447],[47.8873,29.18816],[47.80358,29.20699],[47.81454,29.22085],[47.8245,29.24182],[47.8294,29.24637],[47.83889,29.24879],[47.85522,29.25165],[47.86263,29.25671],[47.86424,29.26153],[47.86578,29.31038],[47.88552,29.30998],[47.89546,29.30658],[47.94119,29.31358],[47.96062,29.31695],[47.96356,29.30305],[47.9788,29.30404],[47.98583,29.28354],[47.98902,29.2515],[47.9921,29.23335],[48.00811,29.20296],[48.00764,29.19696],[48.0054,29.19406],[47.99122,29.17982],[47.97297,29.18173],[47.95338,29.1833],[47.93179,29.18289]]]}},{"type":"Feature","properties":{"id":"kw-gov-capital-osm2023","name_en":"Capital Governorate","name_ar":"محافظة العاصمة","feature_class":"governorate_land_only_pre_2024_osm","source":"geoBoundaries gbOpen KWT ADM1 (commit 9469f09, built Dec 12, 2023, boundarySource 'OpenStreetMap, Wambacher', sourceDataUpdateDate Thu Jan 19 07:31:04 2023) intersected with OSM land polygons (osmdata.openstreetmap.de, coastline of 2026-09-23)","license":"ODbL 1.0 (geoBoundaries gbOpen from OSM; OSM land polygons)","iso_3166_2":"KW-KU","area_km2":170.38089587287405},"geometry":{"type":"MultiPolygon","coordinates":[[[[48.01718,29.35516],[48.01298,29.34894],[48.00721,29.34445],[48.00057,29.34014],[48.01807,29.31641],[48.02182,29.30722],[47.96356,29.30305],[47.96062,29.31695],[47.94119,29.31358],[47.89546,29.30658],[47.88552,29.30998],[47.80668,29.31159],[47.77706,29.31133],[47.75616,29.32146],[47.77109,29.34089],[47.76927,29.36871],[47.76991,29.37037],[47.77178,29.36986],[47.77376,29.36997],[47.77608,29.3708],[47.77629,29.37138],[47.78195,29.373],[47.78289,29.37427],[47.78254,29.3763],[47.7839,29.37648],[47.78484,29.3711],[47.78575,29.37082],[47.78727,29.37104],[47.78809,29.37156],[47.78716,29.37693],[47.79039,29.37738],[47.79313,29.37868],[47.79243,29.38382],[47.79115,29.38659],[47.7929,29.38725],[47.79513,29.38325],[47.79834,29.38654],[47.79895,29.38624],[47.7984,29.38637],[47.79739,29.38536],[47.7978,29.38505],[47.79696,29.38417],[47.7973,29.38331],[47.79556,29.38276],[47.79572,29.38236],[47.79668,29.38265],[47.79687,29.38223],[47.7959,29.38191],[47.79607,29.38151],[47.79704,29.38184],[47.79738,29.381],[47.79774,29.38112],[47.7974,29.38197],[47.79795,29.38118],[47.79833,29.38128],[47.79799,29.38214],[47.79854,29.38135],[47.79891,29.38147],[47.79856,29.38233],[47.79965,29.38184],[47.7999,29.38212],[47.7991,29.38269],[47.80006,29.38225],[47.80031,29.38251],[47.79954,29.38311],[47.80045,29.38265],[47.80071,29.38294],[47.80007,29.38365],[47.80086,29.38308],[47.80112,29.38334],[47.80032,29.38392],[47.80102,29.38479],[47.79933,29.38712],[47.80118,29.3848],[47.80209,29.38237],[47.79996,29.3801],[47.80071,29.37165],[47.80349,29.37145],[47.80385,29.37051],[47.80503,29.3712],[47.80518,29.37197],[47.806,29.37249],[47.83556,29.38314],[47.83652,29.38418],[47.83801,29.38496],[47.83865,29.38606],[47.83743,29.38904],[47.83713,29.38935],[47.83426,29.3894],[47.8329,29.39118],[47.83562,29.39122],[47.83559,29.39163],[47.83166,29.39201],[47.83224,29.39226],[47.83217,29.3929],[47.8332,29.39212],[47.83377,29.39212],[47.83391,29.39246],[47.83456,29.39197],[47.83515,29.392],[47.83386,29.39344],[47.83187,29.39364],[47.83368,29.39391],[47.83295,29.39516],[47.83519,29.39283],[47.83685,29.39303],[47.83761,29.39276],[47.83526,29.39265],[47.83828,29.38847],[47.83908,29.38596],[47.84126,29.38648],[47.83982,29.39019],[47.84062,29.3902],[47.84048,29.38994],[47.84124,29.38919],[47.84129,29.38752],[47.84187,29.38766],[47.84219,29.3869],[47.84321,29.38666],[47.84718,29.38689],[47.84755,29.38633],[47.8486,29.38604],[47.84759,29.38418],[47.84822,29.38093],[47.84712,29.38066],[47.84605,29.38091],[47.83813,29.37726],[47.8365,29.3767],[47.83453,29.37664],[47.83227,29.37561],[47.83187,29.37486],[47.83014,29.37386],[47.82639,29.37281],[47.82603,29.37223],[47.82545,29.37246],[47.82542,29.37173],[47.82484,29.3716],[47.82535,29.37042],[47.82448,29.36996],[47.82379,29.37028],[47.82316,29.36992],[47.82331,29.3687],[47.81972,29.364],[47.81678,29.36419],[47.81679,29.36393],[47.81916,29.36322],[47.8189,29.36193],[47.81676,29.36226],[47.81659,29.3602],[47.81719,29.35733],[47.81729,29.35838],[47.81839,29.35857],[47.81909,29.35824],[47.81932,29.35765],[47.81908,29.35703],[47.81819,29.35655],[47.82297,29.3572],[47.82393,29.35661],[47.8251,29.3542],[47.82535,29.35257],[47.82477,29.35256],[47.82556,29.34988],[47.82481,29.3472],[47.82391,29.34678],[47.82055,29.34357],[47.82199,29.3434],[47.82201,29.34231],[47.82099,29.34229],[47.82068,29.34291],[47.82016,29.34288],[47.81967,29.34091],[47.81981,29.33826],[47.81813,29.33273],[47.81834,29.33247],[47.82027,29.33286],[47.82046,29.33238],[47.8179,29.33154],[47.82013,29.3271],[47.82234,29.32462],[47.82472,29.32351],[47.82533,29.32476],[47.82623,29.3254],[47.82681,29.32459],[47.82874,29.32363],[47.82967,29.32392],[47.83043,29.32359],[47.8305,29.32139],[47.83215,29.32166],[47.83437,29.32122],[47.83707,29.32123],[47.84013,29.32227],[47.84494,29.32008],[47.84642,29.32001],[47.84783,29.31928],[47.85,29.3198],[47.85379,29.31938],[47.85518,29.31889],[47.85805,29.32031],[47.85992,29.31957],[47.86244,29.31972],[47.86313,29.31999],[47.86392,29.32243],[47.86568,29.32361],[47.86841,29.32329],[47.87194,29.32357],[47.87499,29.32455],[47.87637,29.32541],[47.87876,29.326],[47.88119,29.32722],[47.88419,29.32738],[47.8863,29.3254],[47.88828,29.32611],[47.88979,29.32701],[47.89063,29.32842],[47.89778,29.33348],[47.9026,29.33492],[47.90305,29.33545],[47.90251,29.33699],[47.90392,29.33769],[47.90489,29.33754],[47.90585,29.33787],[47.90496,29.33921],[47.9051,29.33997],[47.90697,29.34087],[47.90695,29.34164],[47.90783,29.34153],[47.90957,29.34222],[47.91059,29.34349],[47.9103,29.34429],[47.9107,29.34378],[47.91158,29.3438],[47.91237,29.34447],[47.91449,29.34464],[47.91461,29.3452],[47.91555,29.34547],[47.91299,29.34729],[47.90055,29.35434],[47.90096,29.35551],[47.90402,29.35787],[47.90732,29.35939],[47.90887,29.35743],[47.90993,29.3573],[47.91027,29.35774],[47.91313,29.35817],[47.91527,29.35754],[47.91606,29.35771],[47.92473,29.36257],[47.92613,29.36104],[47.92754,29.36074],[47.93228,29.35852],[47.93217,29.35803],[47.93267,29.35756],[47.92969,29.35879],[47.92823,29.35612],[47.92883,29.35535],[47.92832,29.355],[47.92771,29.35579],[47.92559,29.35451],[47.92443,29.35587],[47.92366,29.35545],[47.92482,29.35399],[47.92403,29.35347],[47.9228,29.35495],[47.92205,29.35445],[47.9231,29.35314],[47.92261,29.35284],[47.92141,29.35424],[47.921,29.35402],[47.92162,29.35326],[47.92081,29.35389],[47.91898,29.35275],[47.91941,29.35189],[47.91875,29.35267],[47.91804,29.35221],[47.91889,29.35107],[47.92078,29.35079],[47.92061,29.35008],[47.91858,29.35041],[47.91842,29.34933],[47.92224,29.34872],[47.9226,29.34824],[47.92094,29.34723],[47.9216,29.34637],[47.92329,29.34742],[47.92366,29.34699],[47.92198,29.34592],[47.92263,29.3451],[47.92441,29.34622],[47.92386,29.34563],[47.92449,29.34489],[47.92921,29.3477],[47.92838,29.34824],[47.92529,29.34631],[47.92501,29.34661],[47.93634,29.35333],[47.9363,29.35293],[47.93488,29.3521],[47.93512,29.3517],[47.94128,29.35383],[47.94111,29.3552],[47.94261,29.35576],[47.9431,29.35641],[47.94494,29.35695],[47.94743,29.35709],[47.95017,29.35819],[47.95195,29.35983],[47.95564,29.36178],[47.95632,29.36271],[47.95587,29.36423],[47.95718,29.36452],[47.96039,29.36736],[47.96062,29.36784],[47.96016,29.36942],[47.96317,29.37189],[47.96343,29.37221],[47.96299,29.37257],[47.96412,29.37251],[47.96527,29.37426],[47.96505,29.3745],[47.96416,29.37408],[47.96602,29.37533],[47.96615,29.38195],[47.97009,29.38509],[47.97197,29.38509],[47.97352,29.38369],[47.97206,29.38225],[47.97269,29.38181],[47.97526,29.38424],[47.97526,29.38464],[47.97351,29.38461],[47.97341,29.38486],[47.97584,29.38479],[47.97635,29.38555],[47.97643,29.38675],[47.97649,29.38551],[47.97597,29.38474],[47.97697,29.38384],[47.97895,29.38534],[47.97763,29.38702],[47.97696,29.38672],[47.98021,29.39075],[47.98405,29.39159],[47.98438,29.3914],[47.98409,29.38989],[47.98175,29.38909],[47.97996,29.3874],[47.98078,29.38649],[47.98433,29.38855],[47.98387,29.38945],[47.98435,29.38972],[47.98495,29.38948],[47.98482,29.38974],[47.98575,29.39034],[47.98541,29.39094],[47.98624,29.39015],[47.98775,29.39042],[47.98876,29.39098],[47.98937,29.39245],[47.98949,29.39183],[47.99038,29.39203],[47.9899,29.39267],[47.99127,29.39164],[47.99317,29.39199],[47.99682,29.39158],[47.9997,29.39221],[48.00108,29.39114],[48.00347,29.39197],[48.00386,29.39249],[48.00341,29.39291],[48.00359,29.39328],[48.00531,29.39275],[48.00579,29.39197],[48.00574,29.39105],[48.00367,29.38893],[48.00425,29.38828],[48.00369,29.38744],[48.0038,29.38513],[48.00436,29.38492],[48.00389,29.38459],[48.00404,29.38306],[48.00452,29.38154],[48.00514,29.38137],[48.00422,29.38081],[48.00391,29.37987],[48.00521,29.37849],[48.00787,29.37978],[48.00894,29.37969],[48.00792,29.37967],[48.00599,29.37879],[48.00661,29.37761],[48.00861,29.37854],[48.00868,29.37901],[48.00921,29.37929],[48.00874,29.37844],[48.0057,29.37707],[48.00647,29.37554],[48.00704,29.37543],[48.00678,29.37493],[48.00728,29.37379],[48.00756,29.37351],[48.00838,29.37368],[48.00934,29.37227],[48.01222,29.37056],[48.01327,29.37037],[48.0142,29.37101],[48.01438,29.36969],[48.01587,29.3687],[48.02067,29.3677],[48.02199,29.36781],[48.02183,29.36695],[48.02351,29.36542],[48.02556,29.36529],[48.02622,29.36649],[48.02756,29.36698],[48.02795,29.36616],[48.02716,29.36554],[48.02803,29.36508],[48.02757,29.36434],[48.02938,29.36353],[48.02792,29.36295],[48.02584,29.36371],[48.02514,29.36269],[48.02511,29.36128],[48.02626,29.3608],[48.02639,29.36029],[48.02555,29.35954],[48.02128,29.35796],[48.01718,29.35516]]],[[[48.29224,29.46786],[48.2927,29.46908],[48.29103,29.46983],[48.29103,29.47011],[48.29256,29.47047],[48.29582,29.46938],[48.29534,29.46834],[48.29572,29.46783],[48.29915,29.46774],[48.30319,29.46863],[48.30719,29.4702],[48.31016,29.47193],[48.31028,29.47319],[48.31128,29.47446],[48.31107,29.47466],[48.31139,29.47508],[48.31208,29.47505],[48.31434,29.47158],[48.31585,29.4678],[48.31631,29.46622],[48.31558,29.4652],[48.31577,29.4648],[48.31879,29.46324],[48.32215,29.46079],[48.32369,29.46005],[48.32849,29.45902],[48.32974,29.45931],[48.32995,29.45989],[48.331,29.4597],[48.33159,29.46007],[48.33125,29.45953],[48.33248,29.45839],[48.33491,29.45747],[48.33706,29.45578],[48.3432,29.45326],[48.34328,29.45291],[48.34859,29.45143],[48.35473,29.4513],[48.3582,29.44878],[48.35927,29.447],[48.36322,29.44432],[48.36343,29.44404],[48.36306,29.44372],[48.36585,29.43999],[48.37147,29.43488],[48.37337,29.43395],[48.37353,29.43346],[48.37289,29.43316],[48.37306,29.43233],[48.37443,29.43072],[48.38028,29.42574],[48.3829,29.42301],[48.39296,29.41592],[48.39835,29.41276],[48.40299,29.40827],[48.40349,29.40672],[48.40308,29.40493],[48.4031,29.40032],[48.40235,29.39644],[48.4025,29.39469],[48.40055,29.39348],[48.40052,29.39296],[48.39962,29.39321],[48.39945,29.39364],[48.39245,29.39213],[48.3918,29.3925],[48.3879,29.39246],[48.38694,29.39289],[48.38637,29.39423],[48.3749,29.39911],[48.36172,29.40253],[48.36139,29.40394],[48.35902,29.40587],[48.35768,29.40862],[48.35545,29.4107],[48.35357,29.41133],[48.35311,29.41208],[48.35322,29.41423],[48.35183,29.41678],[48.34931,29.41769],[48.34903,29.41929],[48.34377,29.4215],[48.34232,29.42172],[48.3426,29.42217],[48.34198,29.42301],[48.3408,29.42337],[48.34049,29.424],[48.33937,29.42411],[48.33929,29.42598],[48.33845,29.42708],[48.33422,29.42761],[48.32689,29.4272],[48.32482,29.42806],[48.32211,29.4285],[48.32165,29.42977],[48.32042,29.42991],[48.3088,29.42782],[48.30427,29.42752],[48.30365,29.42879],[48.30277,29.42903],[48.30179,29.42986],[48.29646,29.43067],[48.29471,29.43132],[48.29385,29.4323],[48.28802,29.43156],[48.2758,29.42775],[48.27133,29.42774],[48.26744,29.42903],[48.26901,29.42881],[48.27015,29.42949],[48.27039,29.43002],[48.26957,29.43067],[48.26871,29.43005],[48.26953,29.43072],[48.26885,29.43175],[48.26757,29.43119],[48.26713,29.42974],[48.2674,29.43117],[48.26839,29.43178],[48.26859,29.43357],[48.27039,29.43724],[48.27285,29.44434],[48.27351,29.44422],[48.27395,29.44544],[48.27465,29.44864],[48.27325,29.44875],[48.27468,29.44866],[48.27508,29.44939],[48.2762,29.45431],[48.27863,29.45883],[48.28777,29.46955],[48.28815,29.46944],[48.28801,29.46816],[48.28854,29.46692],[48.28972,29.46681],[48.29224,29.46786]]],[[[48.27186,29.44514],[48.27204,29.44472],[48.27184,29.44514],[48.2719,29.44547],[48.27186,29.44514]]],[[[48.27237,29.44448],[48.27231,29.44451],[48.27226,29.44455],[48.27237,29.44448]]]]}},{"type":"Feature","properties":{"id":"kw-gov-mubarak-al-kabir-osm2023","name_en":"Mubarak al-Kabir Governorate","name_ar":"محافظة مبارك الكبير","feature_class":"governorate_land_only_pre_2024_osm","source":"geoBoundaries gbOpen KWT ADM1 (commit 9469f09, built Dec 12, 2023, boundarySource 'OpenStreetMap, Wambacher', sourceDataUpdateDate Thu Jan 19 07:31:04 2023) intersected with OSM land polygons (osmdata.openstreetmap.de, coastline of 2026-09-23)","license":"ODbL 1.0 (geoBoundaries gbOpen from OSM; OSM land polygons)","iso_3166_2":"KW-MU","area_km2":101.80115974905937},"geometry":{"type":"Polygon","coordinates":[[[48.11683,29.18839],[48.11781,29.18674],[48.11875,29.18622],[48.11926,29.18487],[48.09848,29.18027],[48.08161,29.17987],[48.07155,29.17735],[48.0633,29.17431],[48.05028,29.17269],[48.04438,29.17256],[48.03904,29.17408],[48.03376,29.17676],[48.02989,29.17964],[48.02161,29.18234],[48.01311,29.18225],[48.00033,29.17901],[47.99542,29.17883],[47.99122,29.17982],[48.0054,29.19406],[48.00764,29.19696],[48.00811,29.20296],[47.9921,29.23335],[47.98902,29.2515],[47.98774,29.26579],[48.01871,29.26449],[48.06639,29.26482],[48.08294,29.26797],[48.08703,29.27016],[48.09051,29.2707],[48.09075,29.26953],[48.09152,29.26947],[48.09133,29.26907],[48.09266,29.26841],[48.09313,29.26896],[48.09228,29.26946],[48.09314,29.26937],[48.09323,29.26847],[48.09265,29.26825],[48.09162,29.26839],[48.0911,29.26717],[48.09091,29.26352],[48.09125,29.26203],[48.09205,29.26078],[48.09287,29.25749],[48.09329,29.25722],[48.09536,29.25219],[48.0982,29.25317],[48.09851,29.25378],[48.09872,29.25356],[48.09863,29.25292],[48.09594,29.25203],[48.09587,29.2498],[48.09665,29.24779],[48.09812,29.24679],[48.10191,29.24818],[48.10238,29.24803],[48.10208,29.24759],[48.09877,29.24626],[48.09673,29.24624],[48.09731,29.24475],[48.09803,29.24503],[48.09813,29.24552],[48.10298,29.2474],[48.1034,29.24718],[48.10292,29.24656],[48.09959,29.24558],[48.09859,29.24428],[48.09867,29.24336],[48.09947,29.24318],[48.09886,29.24261],[48.09945,29.24136],[48.10036,29.24102],[48.09975,29.24302],[48.10051,29.24187],[48.10063,29.2407],[48.10016,29.24084],[48.09972,29.24047],[48.10004,29.23932],[48.10122,29.23956],[48.10001,29.23912],[48.10013,29.23852],[48.10184,29.23885],[48.10172,29.23966],[48.10255,29.23894],[48.10078,29.23834],[48.10065,29.2374],[48.10134,29.23477],[48.10228,29.23487],[48.10254,29.23454],[48.10206,29.23335],[48.10224,29.23306],[48.1029,29.23329],[48.10325,29.23298],[48.1021,29.23289],[48.10236,29.23196],[48.10337,29.23202],[48.10363,29.23282],[48.10344,29.23195],[48.10277,29.23189],[48.10262,29.23117],[48.1026,29.22864],[48.10298,29.22786],[48.10276,29.22405],[48.10362,29.22139],[48.10442,29.22021],[48.10846,29.2212],[48.10873,29.22091],[48.1076,29.22072],[48.10767,29.22041],[48.10693,29.22068],[48.1057,29.22037],[48.10578,29.22001],[48.106,29.21974],[48.10726,29.2203],[48.10805,29.21998],[48.10895,29.22049],[48.10933,29.2202],[48.10836,29.21973],[48.10845,29.21915],[48.10722,29.21983],[48.10625,29.21961],[48.10622,29.2189],[48.10688,29.21814],[48.10837,29.2189],[48.10726,29.21822],[48.1072,29.21568],[48.10814,29.21444],[48.10834,29.2126],[48.11126,29.20423],[48.11326,29.20061],[48.11683,29.18839]]]}},{"type":"Feature","properties":{"id":"kw-gov-hawalli-osm2023","name_en":"Hawalli Governorate","name_ar":"محافظة حولي","feature_class":"governorate_land_only_pre_2024_osm","source":"geoBoundaries gbOpen KWT ADM1 (commit 9469f09, built Dec 12, 2023, boundarySource 'OpenStreetMap, Wambacher', sourceDataUpdateDate Thu Jan 19 07:31:04 2023) intersected with OSM land polygons (osmdata.openstreetmap.de, coastline of 2026-09-23)","license":"ODbL 1.0 (geoBoundaries gbOpen from OSM; OSM land polygons)","iso_3166_2":"KW-HA","area_km2":83.46375692403105},"geometry":{"type":"Polygon","coordinates":[[[48.06639,29.26482],[48.01871,29.26449],[47.98774,29.26579],[47.98583,29.28354],[47.9788,29.30404],[48.02182,29.30722],[48.01807,29.31641],[48.00057,29.34014],[48.00721,29.34445],[48.01298,29.34894],[48.01718,29.35516],[48.02128,29.35796],[48.02555,29.35954],[48.02639,29.36029],[48.02643,29.35881],[48.02905,29.35513],[48.03007,29.35454],[48.03059,29.35516],[48.03119,29.355],[48.03124,29.35458],[48.03063,29.35409],[48.03177,29.35253],[48.03238,29.35224],[48.03321,29.35251],[48.03307,29.35172],[48.03454,29.35072],[48.03502,29.35067],[48.03513,29.35097],[48.03631,29.35034],[48.03719,29.35044],[48.03697,29.34947],[48.0377,29.34891],[48.03985,29.34828],[48.04161,29.34842],[48.04129,29.3471],[48.04187,29.34655],[48.04425,29.34594],[48.04523,29.34615],[48.04507,29.34552],[48.04612,29.34509],[48.04973,29.34486],[48.0501,29.3451],[48.0498,29.34471],[48.04824,29.34448],[48.04994,29.34312],[48.05014,29.34445],[48.05039,29.34487],[48.05076,29.34476],[48.05038,29.3438],[48.0504,29.34311],[48.05108,29.34256],[48.05081,29.34213],[48.05384,29.34058],[48.0541,29.34096],[48.05453,29.34073],[48.05543,29.34203],[48.05471,29.34312],[48.05506,29.34355],[48.05503,29.34313],[48.05652,29.34203],[48.05601,29.34126],[48.05677,29.34067],[48.06057,29.34101],[48.06178,29.34186],[48.06274,29.34149],[48.06538,29.34208],[48.06535,29.34263],[48.06191,29.34329],[48.06111,29.34273],[48.0632,29.34535],[48.06454,29.34611],[48.06362,29.34545],[48.06386,29.34496],[48.06473,29.34418],[48.06586,29.34396],[48.06786,29.34451],[48.06761,29.34535],[48.06901,29.34597],[48.06922,29.34562],[48.06872,29.34551],[48.06848,29.34483],[48.06874,29.34412],[48.06947,29.3434],[48.07052,29.34318],[48.07372,29.34417],[48.07372,29.34496],[48.07843,29.34601],[48.07861,29.34572],[48.08058,29.34671],[48.08096,29.34656],[48.08458,29.34794],[48.08878,29.35015],[48.09168,29.35123],[48.09287,29.35139],[48.09302,29.35077],[48.09509,29.35164],[48.09643,29.35165],[48.0966,29.35245],[48.0972,29.35239],[48.09774,29.34989],[48.09834,29.34913],[48.10006,29.34998],[48.09997,29.35147],[48.09826,29.35142],[48.09781,29.3527],[48.09855,29.35196],[48.09971,29.3521],[48.10043,29.3527],[48.10138,29.35259],[48.10198,29.35057],[48.10165,29.34882],[48.10078,29.3473],[48.10181,29.34673],[48.10058,29.3472],[48.10055,29.34636],[48.10111,29.34615],[48.10163,29.34651],[48.10116,29.34592],[48.09932,29.3465],[48.09843,29.34406],[48.09888,29.34391],[48.0987,29.34358],[48.09969,29.34321],[48.10024,29.34345],[48.1001,29.34388],[48.10041,29.34353],[48.10154,29.34403],[48.10173,29.3438],[48.09999,29.34275],[48.09892,29.34321],[48.09721,29.34086],[48.09752,29.33979],[48.09633,29.33808],[48.09668,29.33774],[48.09456,29.33379],[48.09479,29.33299],[48.09441,29.33212],[48.09508,29.33134],[48.09362,29.3281],[48.09389,29.32796],[48.09363,29.32609],[48.09334,29.32613],[48.09364,29.32768],[48.09174,29.32767],[48.09159,29.32723],[48.092,29.32498],[48.09373,29.32569],[48.0948,29.32542],[48.09384,29.32547],[48.09273,29.32501],[48.09293,29.32372],[48.09442,29.32437],[48.09476,29.32507],[48.09497,29.32489],[48.09449,29.32416],[48.09227,29.32338],[48.09165,29.32234],[48.09058,29.31877],[48.09116,29.31855],[48.09051,29.31741],[48.0909,29.31716],[48.09078,29.31623],[48.09144,29.31619],[48.09064,29.31589],[48.09044,29.31519],[48.09055,29.31265],[48.08972,29.31045],[48.08995,29.31007],[48.08889,29.30603],[48.08893,29.30554],[48.08978,29.30542],[48.09005,29.30486],[48.08964,29.3053],[48.08876,29.30538],[48.08863,29.30486],[48.08873,29.3045],[48.08993,29.3044],[48.09061,29.30472],[48.09018,29.30423],[48.08876,29.30412],[48.08868,29.30174],[48.09012,29.30179],[48.09018,29.30137],[48.09004,29.30103],[48.08873,29.30095],[48.08824,29.2977],[48.0887,29.29523],[48.08965,29.29469],[48.08852,29.29482],[48.08859,29.29424],[48.09024,29.29439],[48.08902,29.29399],[48.0884,29.28937],[48.08879,29.28846],[48.08931,29.28839],[48.08856,29.28495],[48.08918,29.28328],[48.08889,29.28197],[48.0892,29.27987],[48.09027,29.27745],[48.08999,29.27398],[48.09036,29.2735],[48.09026,29.27174],[48.09065,29.27077],[48.08703,29.27016],[48.08294,29.26797],[48.06639,29.26482]]]}}],"metadata":{"derived_from":"vector/admin/governorates_land_osm2023_geoboundaries.geojson","simplification":"Douglas-Peucker, 25 m tolerance in LAEA(29.3N,47.7E), topology preserved; 5-decimal coordinates; measured max deviation from source 42.9 m","dropped_features":[],"note":"A web view of the full-resolution file named in derived_from. Measure from that file, not this one."}}